created_utc,date_time_utc,title,selftext,author,score,num_comments,post_id,url
1747659832,2025-05-19 13:03:52,[UK] [H] Many Boards & GMK Keycaps [W] PayPal,"[https://imgur.com/a/toRAsmp](https://imgur.com/a/toRAsmp)  All prices included shipping to the UK (can ship to EU, would need to negotiate rate)  **Boards (All fully built, switches/stabs lubed – good to go, used but all in great condition)**  *Boards with GMK sets I will include the box and any spare keys that are not already on board*  ***Rama Works U80-B SEQ2 (Moon Stealth Grey – Hot swap PCB – Boxed) - £400***  Switches – Durock linear 62g  Keycaps - GMK Dualshot R2 + Mods  ***Wind Studios ",WalkinDude85,2,3,1kqb5tw,https://reddit.com/r/mechmarket/comments/1kqb5tw
1747658572,2025-05-19 12:42:52,"[EU-PL] [H] PayPal, Crypto [W] hhkb classic white",[removed],Imaginary-Talk-3085,1,2,1kqapyx,https://reddit.com/r/mechmarket/comments/1kqapyx
1747654512,2025-05-19 11:35:12,[UK] [H] Many Boards & GMK Keycaps [W] PayPal,[removed],WalkinDude85,1,0,1kq9f5n,https://reddit.com/r/mechmarket/comments/1kq9f5n
1747647776,2025-05-19 09:42:56,[EU-SE] [H] Paypal [W] Prospector Dongle,Looking to buy a fully assembled prospector dongle for my ZMK keyboard. Only from inside the EU given the import tax and fees. Thank you  ,shaadow,1,2,1kq7maf,https://reddit.com/r/mechmarket/comments/1kq7maf
1747637087,2025-05-19 06:44:47,[EU-NL] [H] Paypal [W] SA Royalty Keycap Set,"Looking for SA Royalty Keycap Set, anywhere in the EU :-)",muttsarella,1,2,1kq54s1,https://reddit.com/r/mechmarket/comments/1kq54s1
1747636690,2025-05-19 06:38:10,[US-HI] [H] PayPal [W] TKD Pt.1 75%,[removed],gotbamboozld,1,0,1kq51a9,https://reddit.com/r/mechmarket/comments/1kq51a9
1747632644,2025-05-19 05:30:44,[AU][H] Gok Type K [W] PayPal,"[Timestamp](https://imgur.com/a/type-k-19-5-25-gkv1RbU)  Asking $800.00 USD + Shipping cost OBO  * Silver with Sandblasted Weight * Wooden Wristrest * Hotswap PCB + PC Plate * Unbuilt  **PayPal G&S unless local, then PayID accepted.**",lh-95,0,3,1kq4170,https://reddit.com/r/mechmarket/comments/1kq4170
1747628591,2025-05-19 04:23:11,"[US-WA] [H] Balance, Equinox, Magnum65, Zoo65, Zoom65, Zoom75x2, QK80, Maxum65, DR-70F, Glitter65, Zomex75, HHKB Studio, 8BitDo  [W] Paypal","# [timestamp](https://imgur.com/a/9Wam7aB)  Bills to pay. No fun can stay.  Selling the keyboard as they are, the keycaps(+including the extras set keycaps that are in the image) and switches are included as a bonus. Each one has been lightly used. Keyboards will come with the attached case in the image, keyboards not with a case will still be shipped with care. For more info/pics, feel free to ask.  conus shipping included in price  |Keyboard|Notes|Price(USD)| |:-|:-|:-| |Balance - Purple|Solde",RedGoblinPunch,0,14,1kq2z6j,https://reddit.com/r/mechmarket/comments/1kq2z6j
1747628271,2025-05-19 04:17:51,[US-WA] [H] PayPal [W] Geon Plate for f1-8x 722,Looking for Geonworks v1.1 Alu plate,KickUnique,1,4,1kq2w3h,https://reddit.com/r/mechmarket/comments/1kq2w3h
1747627914,2025-05-19 04:11:54,[US - WA] [H] Handful of keyboards [W] Paypal,"# [Timestamp](https://imgur.com/a/9Wam7aB)  Bills to pay. No fun can stay.  Selling the keyboard as they are, the keycaps(+including the extras set keycaps that are in the image) and switches are included as a bonus. Each one has been lightly used. Keyboards will come with the attached case in the image, keyboards not with a case will still be shipped with care. For more info/pics, feel free to ask.  conus shipping included in price  |Keyboard|Notes|Price (USD)| |:-|:-|:-| |Balance - Purple|Sold",RedGoblinPunch,1,3,1kq2skg,https://reddit.com/r/mechmarket/comments/1kq2skg
1747627614,2025-05-19 04:06:54,[US-FL] [H] PayPal [W] Encore Series 2 (White / Maple / Silver),Looking to buy a mode encore series 2 White / Maple / Silver. Prefer alu plate but let me know what you got. Please comment before DM or PM.,LegalGuardiann,1,4,1kq2peb,https://reddit.com/r/mechmarket/comments/1kq2peb
1747627075,2025-05-19 03:57:55,[US-FL] [H] Paypal [W] Cycle8,Title says it all! Looking to buy a cycle8! preferably in peacock ano! But open to all offers ,Reload1337,1,3,1kq2jj5,https://reddit.com/r/mechmarket/comments/1kq2jj5
1747626397,2025-05-19 03:46:37,[US-OR] [H] Wobkey Rainy75 Black + Coiled Cable USB-C [W] PayPal,"Timestamps: https://imgur.com/a/ZJMcCU3  Lightly used, just don’t use it enough. Looking for $80 shipped (that’s with the cable). Feel free to message me with any questions. ",thunderousdownburst,1,6,1kq2cke,https://reddit.com/r/mechmarket/comments/1kq2cke
1747625625.0,2025-05-19 03:33:45,[US-WA] [H] Akko 5075B VIA (3-Mode) w/ Extras [W] PayPal,"Timestamp: [https://imgur.com/a/wbMbZRD](https://imgur.com/a/wbMbZRD)  Hi all,   Selling an Akko 5075B VIA (3-Mode) with some extra keycaps and switches. The brown keycap set is the Wormier Retro Brown Gray Keycaps, the black keycaps are pulled from a Feker Alice 98. The switches are the Feker Flower Seeking Switches (40g linear).  Price: $65 shipped CONUS",battlecry501,1,1,1kq24hy,https://reddit.com/r/mechmarket/comments/1kq24hy
1747621789.0,2025-05-19 02:29:49,[US-CA] [H] KBDFans Kunlun (Burgundy) + GMK Red Samurai [W] Paypal $350,[removed],Virilic,1,0,1kq0zlh,https://reddit.com/r/mechmarket/comments/1kq0zlh
1747619651.0,2025-05-19 01:54:11,[US-NV] [H] Kohaku R2 / Smoke Grey [W] PayPal,"Kohaku R2 / Smoke Grey - $975  Red PCB Hotswap, Alu Plate, Auth Card, Case, etc.   [https://imgur.com/a/1cgZQCL](https://imgur.com/a/1cgZQCL)  CONUS only",6Deor,2,3,1kq0b9g,https://reddit.com/r/mechmarket/comments/1kq0b9g
1747618633,2025-05-19 01:37:13,"[US-CA] [H] Sets with addons: GMK: Arctic, Honor, Fuji, Stargaze, Moomin, Mr Sleeves, JTK: Sora, ePBT: Dreamscape, KAM: Superuser, RAMA: Yeeti, Serika [W] PayPal","[Timestamp](https://imgur.com/a/DNlNl1X)  Many different keycap sets with various addons. Currently not splitting the sets. Shipping will be calculated separately. Can give a discount if you buy multiple.  Opened for inspection means that it was opened to check for missing keys.  |Keycap Set|Kits|Condition|Price| |:-|:-|:-|:-| |GMK Arctic|Base, Novelties|New|190| |GMK Honor Light|Base, Kabuto Rama|New|230| |GMK Fuji|Base, Spacebars, Fuji Rama|New|230| |GMK Stargaze|Base, Alt Alphas, Novelties|Ne",michaelo434,0,5,1kq008y,https://reddit.com/r/mechmarket/comments/1kq008y
1747617464,2025-05-19 01:17:44,[Artisan] Raykey / Churu Nero raffle,🐱RAYKEY Churu Nero🩶  💬 I love Churu so much!! 🐱🐾  RAFFLE TIME COMING SOON   2025/05/19 10:00 a.m (GMT+9)  [RAYKEY Churu Nero price]  - Nero : 55 USD per keycap  +The delivery charge : 15USD (Country where only EMS/DHL can be shipped : 23 USD)  [Form of Pay]  - PayPal  [RAYKEY Nero package components]  - RAYKEY Churu Nero keycap  - RAYKEY Churu Nero keycap case  - RAYKEY Churu Nero warranty card  - RAYKEY Nero Sticker  [Link]  [Album](https://imgur.com/a/GDbBuDf)  [form](https://forms.gle/h4EXsdP,rlohyezl,0,1,1kpznab,https://reddit.com/r/mechmarket/comments/1kpznab
1747615247.0,2025-05-19 00:40:47,[CA-ON] [H] Paypal [W] GMK Shoko,Looking to get a base kit of GMK shoko. Ideally new in box or lightly used. Thanks!,blabberminion,0,2,1kpyye6,https://reddit.com/r/mechmarket/comments/1kpyye6
1747614735,2025-05-19 00:32:15,"[US-MI] [H] GMK Jamon R2 Novelties [W] PayPal, Venmo","[Timestamp](https://imgur.com/a/atJ7Bwp)  GMK Jamón R2 Novelties = $25 - New, opened and unused    Free ship to USA. Please comment before PM, thanks!   ",madmax252,3,6,1kpysme,https://reddit.com/r/mechmarket/comments/1kpysme
1747614601,2025-05-19 00:30:01,[US-CA] [H] paypal [W] gmk wob shinethrough,Want gmk wob (white on black) shinethrough addon,mellowsauce,0,2,1kpyr1e,https://reddit.com/r/mechmarket/comments/1kpyr1e
1747612307,2025-05-18 23:51:47,"[US-VA] [H] KMAC2.0, OTD 356CL DGE [W] Paypal","Price includes shipping within CONUS (International will have to pay shipping) PRICES ARE FIRM AND NO TRADES.  |ITEM|DESCRIPTION|PRICE| |:-|:-|:-| |[OTD 356CL DGE](https://imgur.com/a/Z7ql9EP)|Built with yellow OG PCB with PS/2 connector, built with vintage browns. Very good condition with one small manu defect in photo (at the bottom of Imgur). Will clean/brush up the board a bit before shipping.|$3700 SHIPPED| |[KMAC2.0](https://imgur.com/a/bAVzoHD)|Unbuilt KMAC with KBDMania PCB and red Alu p",SubjectChemistry2081,2,3,1kpy07j,https://reddit.com/r/mechmarket/comments/1kpy07j
1747611737,2025-05-18 23:42:17,[US-WA][H] PayPal [W] Ikki68 Aurora Brass Weight,"Looking to buy a brass weight for the ikki68 aurora in new or like new condition, please comment before PMing.",Destroyer232,1,3,1kpxt7e,https://reddit.com/r/mechmarket/comments/1kpxt7e
1747611590.0,2025-05-18 23:39:50,[Bulk] Krytox 205g0 &amp; Gateron Milky Yellow Pro Switches,"[timestamp](https://imgur.com/a/FaqYomW)  Price drop - Monthly inventory clear out - huge lot of gateron milky yellow switches (ks-3) &amp; authentic Chemours Krytox 205g0. Switches are sold in packs of x100. Open to bulk discounts. Krytox is sold in containers of 20 grams. Single pack orders ship in bags &amp; multi-pack/bundle orders ship in boxes. Pls comment before pm/chat. Paypal G&amp;S only. Orders ship out daily M-Sat. Please help me make room (for other switches lol)  brand new, stock. ",ryyankim,1,5,1kpxrfx,https://reddit.com/r/mechmarket/comments/1kpxrfx
1747611590,2025-05-18 23:39:50,[Bulk] Krytox 205g0 & Gateron Milky Yellow Pro Switches,"[timestamp](https://imgur.com/a/FaqYomW)    Monthly inventory clear out - huge lot of gateron milky yellow switches (ks-3) & authentic Chemours Krytox 205g0. Switches are sold in packs of x100. Open to bulk discounts. Krytox is sold in containers of 20 grams. Single pack orders ship in bags & multi-pack/bundle orders ship in boxes. Pls comment before pm/chat. Paypal G&S only. Orders ship out daily M-Sat. Please help me make room (for other switches lol)    brand new, stock. unlubed version v1 mo",ryyankim,1,5,1kpxrfx,https://reddit.com/r/mechmarket/comments/1kpxrfx
1747611537,2025-05-18 23:38:57,"[US-PA] [H] Aster Ergo TKL Premium (WK, Grey) w/ spare parts, GMK DMG R3 used w/ kits, GMK Classic BoW BNIB, GMK Maroon BNIB w/ kits [W] PayPal","[Current timestamp](https://imgur.com/bEmG1lY)  [Original album with more pictures](https://imgur.com/a/Jw3hPlX)  I have for sale an Aster Ergo TKL. This is the ""premium"" WK configuration in grey with a brass plate. The board is currently built with Gateron silent black ink switches and GMK DMG R3 keycaps. As built it weighs around 8 pounds and is in like-new condition. The original box, a spare PCB, spare daughter board, and spare plate, and custom microfiber cloth are included. I will remove t",ratchet7474,2,8,1kpxqsm,https://reddit.com/r/mechmarket/comments/1kpxqsm
1747610335,2025-05-18 23:18:55,[US-GA] [H] PayPal [W] Neo Ergo Ano Grey (or Navy),"Trying again, looking for a Neo Ergo, grey preferred but may consider navy. Hotswap also preferred.      Hoping for one with a dusk weight and silver kernel but will consider any other combination.      Please comment and PM if you have one available to sell!",eaterofworld,1,2,1kpxcjz,https://reddit.com/r/mechmarket/comments/1kpxcjz
1747610159,2025-05-18 23:15:59,[USA-WA] [H] Paypal [W] Nooir Noland N1,Missed the group buy and want to buy a Nooir Noland N1 in black. ,A_Starving_Scientist,1,4,1kpxaes,https://reddit.com/r/mechmarket/comments/1kpxaes
1747606194.0,2025-05-18 22:09:54,"[US-TX] [H] GMK Sumi Base, Deskmat, Artisan [W] Paypal","[Timestamp](https://imgur.com/a/167XLUk)  I purchased these back in July 2020 but never opened or used.  You can find renders of the set on the [group buy page](https://geekhack.org/index.php?topic=107513.0).  |Item|Price|Condition| |:-|:-|:-| |GMK Sumi - Base|$140|New, sealed| |GMK Sumi - Rama Tori Artisan|$45|New| |GMK Sumi - Deskmat: Bonsai|$20|New|  ",holdready,0,4,1kpvwng,https://reddit.com/r/mechmarket/comments/1kpvwng
1747602473,2025-05-18 21:07:53,[US-TX] [H] Mode SixtyFive v2 & Neo65 [W] PayPal,"[Timestamp/Pictures](https://imgur.com/a/EQVQtDD)  Prices include shipping to CONUS. Please comment first, them PM. Not looking for trades.   |**Item**|**Description**|**Price**| |:-|:-|:-| | Mode SixtyFive v2 | ~~Hotswap PCB. Maple accent. Silver top. E-white bottom. Silver mirror weight. Lubed Stabies stabs. Nylon, PC, & Alu plate. | 225 | | Neo65 | ~~Tri-mode PCB. E-White case. Brass weight. FR4 plate. Lubed Neo stabs. 90x Gateron Summertime v2. | 100 |",buffbaby13,7,8,1kpuimf,https://reddit.com/r/mechmarket/comments/1kpuimf
1747601977.0,2025-05-18 20:59:37,[US-VA] [H] Paypal [W] GMK Pacific,"Looking to buy GMK Pacific base + novelties, but also good with just base.     Paying through Paypal G&amp;S. Please comment before PM'ing, thanks!",Vicarous,1,2,1kpubq6,https://reddit.com/r/mechmarket/comments/1kpubq6
1747601977,2025-05-18 20:59:37,[US-VA] [H] Paypal [W] GMK Pacific,"Looking to buy GMK Pacific base + novelties, but also good with just base.     Paying through Paypal G&S. Please PM before commenting, thanks!",Vicarous,1,3,1kpubq6,https://reddit.com/r/mechmarket/comments/1kpubq6
1747600399,2025-05-18 20:33:19,"[UK][H] Raw Alu J-02, Fox Lab Sand Glass Ergo 70 [W] Paypal","Timestamp: [https://imgur.com/a/Evxee0p](https://imgur.com/a/Evxee0p)  R**aw Alu J-02**  Desc: Fully unbuilt, comes with unused PT60 PCB, POM ANSI plate and other standard accessories  Price: £255 + shipping **OBO**  **Fox Lab Sand Glass Ergo 70 in E-beige**  Desc: Used on and off for about 1 year. DOES NOT include keycaps and switches. Comes with original skeleton alu plate, full alu plate, used hotswap PCB and unused solder PCB. Small dent on the back of the board, see photo in imgur album  Pr",diKenOtahT,1,3,1kptq2l,https://reddit.com/r/mechmarket/comments/1kptq2l
1747600105,2025-05-18 20:28:25,"[US-TX] [H] Ginkgo65, Bauer Lite, Simpler60, Tokyo60, Monokie Standard, Kalam UniKorn PCB, GMK (Grand Prix, Minimal, WoB, Katakana), PBTfan (Resonance R1, Retro Dark Lights), Switches [W] PayPal, Arc60 Split SB PCB","**Hello MechMarket,**  [Timestamp](https://imgur.com/a/ItzIu8r)  **Local to Dallas.**   **Please comment PM before pm,**       || || |**Keyboard**|**Price**| |[**Monokei standard Fully Build Kit**](https://imgur.com/a/d4eUjlq)|100| |[**Ginkgo65 | White x Copper**](https://imgur.com/a/038ezCK) **|**|$190| |[**Bauer Lite | Grim**](https://imgur.com/a/GCbGBpq)|$150| |[**Simpler60**](https://imgur.com/a/xcpXXGH) **| White**|$50| |All keyboards under list |OBO| |[**Block-67 Black**](https://imgur.com",Own-Detective-9578,3,29,1kptlw8,https://reddit.com/r/mechmarket/comments/1kptlw8
1747598849.0,2025-05-18 20:07:29,[US-CA] [H] S-Craft Sylveon and Light-up Pokeball Keycap Holder [W] PayPal,"Timestamp: [https://imgur.com/a/OPKezVe](https://imgur.com/a/OPKezVe)  Bundled by $90 shipped, not splitting at this time",DrewDevs,1,2,1kpt49y,https://reddit.com/r/mechmarket/comments/1kpt49y
1747598172,2025-05-18 19:56:12,[US-PA] [H] Paypal [W] Prophet HHKB,"Looking for a Prophet in HHKB layout. Preferably in Navy. Don't need it built, don't mind if it's desoldered",wawahoagiez,0,3,1kpsuw1,https://reddit.com/r/mechmarket/comments/1kpsuw1
1747597602,2025-05-18 19:46:42,"[US-CA][H]Awekeys White Keycaps [W] Osume Marshmallow, paypal",Timestamp- https://imgur.com/a/selling-keycaps-aJgVtM3  Awekeys White $135  Buyer to pay shipping. I'm open to offers on the Artifaet Bloom. Will trade for Osume Marshmallow keycaps(would prefer Dalgona color),ASassyTitan,0,2,1kpsn23,https://reddit.com/r/mechmarket/comments/1kpsn23
1747597244,2025-05-18 19:40:44,"[EU-DE][H] Gizmo Engineering GK6 - Black [W] Paypal, Cash","[Timestamp](https://imgur.com/a/ZsW7RXx) | [Album](https://imgur.com/a/74KSq5j)  This Orholinear keyboard is like new, barely used.   Original keycaps and a black case included.   Also comes with a silicon insert (worth 50€) for a better typing feel.  The original PCB had one row not working (4, R, F, V), but it was replaced under warranty with a brand new one from the manufacturer. I’ll include both PCBs in the package.  Price: 150€ + shipping",pavelic179,1,4,1kpsi27,https://reddit.com/r/mechmarket/comments/1kpsi27
1747597109,2025-05-18 19:38:29,"[EU-DE][H] Gizmo Engineering GK6 - Black [W] Paypal, Cash","This Orholinear keyboard is like new, barely used.   Original keycaps and a black case included.   Also comes with a silicon insert (worth 50€) for a better typing feel.  The original PCB had one row not working (4, R, F, V), but it was replaced under warranty with a brand new one from the manufacturer. I’ll include both PCBs in the package.  Price: 150€ + shipping  [Album](https://imgur.com/a/74KSq5j)",pavelic179,1,3,1kpsg1r,https://reddit.com/r/mechmarket/comments/1kpsg1r
1747596478,2025-05-18 19:27:58,[US-CA][H] Owlab Mr. Suit R1 Green WK FR4/Brass [W] PayPal / Local Cash,"[Pictures](https://imgur.com/a/VZYI7eD)  Selling original with box, hotswap and comes with FR4 / Brass plates.  Build with Cannonkeys Lavender switches, owlab stabs and bootleg botanical PBT keycaps  Asking for 350 Shipped.",parskahyes,2,2,1kps75f,https://reddit.com/r/mechmarket/comments/1kps75f
1747596103,2025-05-18 19:21:43,"[UK] [H] Keychron Q60 Max, Q1 Pro, Q2, Pro X TKL Lightspeed, Various Keycaps [W] Paypal","[Timestamp. ](https://imgur.com/a/30yIc7s) Hey pals, clearing out some of my older boards. Shipping to UK mainland included, international shipping available at buyer's expense. Details & pricing below, happy to share more photos in PM but please comment below first - thanks!  **Keychron Q60 Max - Retro (ANSI layout)** Desc: Fully assembled with Gateron Jupiter Banana switches.  Price: £140  **Keychron Q1 Pro - Shell White Knob Version (ANSI layout)** Desc: Fully assembled with Gateron Box Ink V",Jorgey94,0,2,1kps21y,https://reddit.com/r/mechmarket/comments/1kps21y
1747596090,2025-05-18 19:21:30,"[US-WA] [H] Riva v2, F1-8x v2, GMK Bento, GMK Lux, GMK DMG r2, GMK Wasabi, GMK Delta r2, DCS Solarized Dark, DCS Soware Revival, Switches/springs [W] PayPal, GMK Skidolcha, GMK Alpine","[Timestamp and pics](https://imgur.com/a/uDYaCDJ)      **Looking for: GMK Skidolcha, GMK Alpine, GMK Matsu**      Prices include USA shipping & insurance.      Please comment before PM. **No chat.**      Item | Details | Price ---------|----------|---------- DCS Solarized Dark | No shine. Base + Relegendables + Classic accents + 10u King size spacebar | $230 DCS Soware | No shine. Base kit. Gorton/Wyse legends. | $215 GMK Bento r2 | No shine. Base and latin alpha kits | $135 GMK DMG r2 | No shin",airs1234567,0,7,1kps1uv,https://reddit.com/r/mechmarket/comments/1kps1uv
1747595777,2025-05-18 19:16:17,"[UK] [H] Keychron Q60 Max, Q1 Pro, Q2, Various Keycaps","[Timestamp. ](https://imgur.com/a/30yIc7s) Hey pals, clearing out some of my older boards. Shipping to UK mainland included, international shipping available at buyer's expense. Details & pricing below, happy to share more photos in PM but please comment below first - thanks!  **Keychron Q60 Max - Retro (ANSI layout)** Desc: Fully assembled with Gateron Jupiter Banana switches.  Price: £140  **Keychron Q1 Pro - Shell White Knob Version (ANSI layout)** Desc: Fully assembled with Gateron Box Ink V",Jorgey94,1,2,1kprxcb,https://reddit.com/r/mechmarket/comments/1kprxcb
1747595494,2025-05-18 19:11:34,"[US-CA] [H] Paypal [W] Ultra-High End TKL Standar in White, Cream or Metallic Finishes","*Ideally* looking for ultra high-end **TKL's** similar to **TGR**, **Rune & Smith, Keycult**, **ORI. Club**.   Preferably hot-swap with standard layouts.    Budget is in the range of roughly **\~1 - 5k USD$**      Time-sensitive post looking to close on a deal quick    *(All offers and comments are welcome!)*  Just comment below and link with photos & prices.",_Jhin_,5,4,1kprten,https://reddit.com/r/mechmarket/comments/1kprten
1747594284.0,2025-05-18 18:51:24,[US-CA] [H] Sat75 X Cloud White [W] Paypal,"[timestamp](https://i.imgur.com/HTnK5sr.jpeg)  price is shipped conus  **Sat75 X Cloud White - $140**  *\*new\* Hotswap PCB, PC plate, Fixed 7u Alu plate, yellow OLED, white and brass knob, cable, stabs*",MintBerryCrunch07,2,2,1kprcoc,https://reddit.com/r/mechmarket/comments/1kprcoc
1747593667,2025-05-18 18:41:07,"[EU-PL] [H] BastardKb Dilemma Max, Keycaps PBT 128, Akko V3 Pro [W] PayPal, Local Cash","[Timestamp](https://imgur.com/a/hhsJZDY)  [others](https://imgur.com/a/nFiZfyu)  Selling my **BastardKB Dilemma Max** split ergonomic keyboard. Fully assembled and ready to use.   Built with care, tested, and working perfectly — just not getting enough use, so it's time to let it go.  **Specs:**  * ✅ BastardKB Dilemma Max * ✅Keycaps PBT 128 * ✅Akko V3 Pro  **Condition:** Like new — barely used after assembly.   **Price:** \[240€ excl. shipping, Pickup possible in Poland, Wroclaw.\]",igni_dev,1,2,1kpr3wm,https://reddit.com/r/mechmarket/comments/1kpr3wm
1747593283,2025-05-18 18:34:43,[US-WI] [H] PayPal [W] DSA Scientific numpad,"I recently bought DSA Scientific alphas and TKL for my Vortex Race 3. Love it, but I decided I'd rather have the keys on my Tab 90M, which means I also need the Numpad kit. Anyone with a DSA Scientific Numpad kit they don't mind parting with in exchange for money, hit me up!",dstarr3,1,2,1kpqyh1,https://reddit.com/r/mechmarket/comments/1kpqyh1
1747593132,2025-05-18 18:32:12,"[US-CA] [H] Hiney Ladybird Silver WKL, Wooting 60HE [W] Paypal","[Timestamp](https://imgur.com/a/wkl-lady-bird-wooting-he-onK6lNG)  * Hiney Ladybird Silver WKL - BNIB (opened to take pictures), unsoldered. Includes all new original accessories including black alu plate and carrying case. **$320 Shipped** * Wooting 60HE - Very lightly used condition, stock. Only used while gaming and no signs of wear. Includes all original accessories and Geon Raptors installed. (Can throw in lekkers as well). **$130 shipped**  Shipping is conus only. Feel free to reach out wi",yosoyez,3,4,1kpqw9w,https://reddit.com/r/mechmarket/comments/1kpqw9w
1747592994,2025-05-18 18:29:54,"[US-MN] [H] Iron 165 R2 Midnight Teal + Extras [W] PayPal, Local Cash","**Timestamp:** [Imgur Album](https://imgur.com/a/itRNWOr)  Hey y'all,  **Disclaimer:** This board does have a factory defect; the threading for one of the case screw is stripped, so the screw spins loosely in this hole. I contacted S&R support about this but because I was outside the return window, I couldn't return the board or get a replacement top piece. They assured me that the board should still function exactly the same without this screw tightened with no impact on sound or feel.     **In",twgecko02,0,3,1kpqu92,https://reddit.com/r/mechmarket/comments/1kpqu92
1747592035,2025-05-18 18:13:55,"[US-PA] [H] Verified PayPal, Cash [W] Gilmouse Diamond, Titan 1, GMK WoB Red Cyrillic","Looking for fully solid Gilmouse Diamond preferably     US Only  Please comment before PMing, thank you!",Jtwasluck,1,2,1kpqgrk,https://reddit.com/r/mechmarket/comments/1kpqgrk
1747591393,2025-05-18 18:03:13,[US-FL] [H] SKCM Orange alps Apple m0116 and SKCM brown alps [W] Paypal,"[Timestamp](https://imgur.com/a/vpdnVMJ)  I have some alps stuff I'm not using and looking to sell. CONUS only please, and no trades.  Apple m0116 $90 - Very clean 9/10 condition. Comes with adb compatible cable and there are no binding or scratchy switches. Every key tested and working.  x80 SKCM Brown alps $400 - Clean switches with no binding. 8.5/10 condition. Could use a bit of lube.",deeeetz,1,2,1kpq7tx,https://reddit.com/r/mechmarket/comments/1kpq7tx
1747590526,2025-05-18 17:48:46,[US-CO] [H] Black & Gold Waves Keycult 2/65 [W] $600 PayPal,"[Timestamp](https://imgur.com/a/EJScZXt)  [Other Photos](https://imgur.com/a/HJtAKvc) *Does not come with the Sodiecaps Artisan or my cat*   Selling my 2/65, hardly used, typed on for 15 minutes after building it. Originally raw, anodized to black topcase & midcase then gold bottom & gold plate. Original Keycult box + auth card are included.  Unfortunately, the board has some scuffs from the anodizer. They're not particularly noticeable during use and are documented [here](https://imgur.com/a/X0",KaiHG,7,5,1kppv9o,https://reddit.com/r/mechmarket/comments/1kppv9o
1747590013,2025-05-18 17:40:13,[US-NY] [H] Black Moonlander w/o switches [W] Paypal,Timestamp: https://imgur.com/a/wm0BhiJ  I have a black moonlander without switches. Selling as i bought another keyboard.  - original keycaps - carrying case - original wires and after market wires - key cap puller  Looking for $200 shipped,vanillaflavor,3,5,1kppntt,https://reddit.com/r/mechmarket/comments/1kppntt
1747588649,2025-05-18 17:17:29,"[USA-PA] [H] Verified PayPal, Cash [W] Gilmouse Diamond, Titan 1, GMK WoB Red Cyrillic","Looking for fully solid gilmouse diamond preferably     US Only  Comment before PMing, thank you!",Jtwasluck,1,3,1kpp4fr,https://reddit.com/r/mechmarket/comments/1kpp4fr
1747588178,2025-05-18 17:09:38,"[US-FL] [H] PayPal [W] Qk80, Neo80",Title says it all! looking for a QK80 or a Neo80 board! send me offers! preferably built with switches ) thanks! ,Jtuned322,2,4,1kpoxv0,https://reddit.com/r/mechmarket/comments/1kpoxv0
1747586844,2025-05-18 16:47:24,[US-VA] [H] GMK Dracula R1 Base [W] PayPal,"Used for about 2 months sparingly. Very light shine. R1 base kit  Looking for $91 shipped. Will be shipped in bags, no box.  [https://imgur.com/a/qHvTS2K](https://imgur.com/a/qHvTS2K)",imnotuglyyouare,1,2,1kpoeuf,https://reddit.com/r/mechmarket/comments/1kpoeuf
1747583158,2025-05-18 15:45:58,"[US-FL] [H] GMK DMG R2, Neo65Cu PP Plate, TX AP Rev 4 Stabilizers [W] Paypal","Hi MM!  Timestamp:  The following is up for  * GMK DMG R2 - base, novelties and spacebars, mounted twice, no shine - \***$140 shipped\*** * Neo65CU PP plate - **\*$20 shipped\*** * TX AP Rev 4 Plate Mounted Stabilizers (New) - **\*$15 shipped\***  Thanks for looking!",StoicNate,2,2,1kpn01m,https://reddit.com/r/mechmarket/comments/1kpn01m
1747582308.0,2025-05-18 15:31:48,[EU-SE] [H] PBTFans BOW &amp; Spark R2 Color Mod kit [W] Paypal,[Timestamps](https://imgur.com/a/wAqrrje)  PBTfans BOW icon base set + WOB spacebar kit. Used less than 2 hours.  60€    PBTfans Spark R2 Color Mod kit. Sealed  45€  Shipping not included in the price,LinkXr,1,1,1kpmoq6,https://reddit.com/r/mechmarket/comments/1kpmoq6
1747580101.0,2025-05-18 14:55:01,[CA-AB] [H] Venom60 MX PCB 6.25U [W] Paypal,"# [Timestamp](https://i.imgur.com/jcimQYY.jpeg)  Brand new, unopened. Willing to provide receipt/proof of purchase if necessary.",dboydanni,1,2,1kpluks,https://reddit.com/r/mechmarket/comments/1kpluks
1747579941.0,2025-05-18 14:52:21,[CAN] [H] Venom60 MX PCB 6.25U [W] Paypal,"[Timestamp](https://i.imgur.com/jcimQYY.jpeg)  Brand new, unopened. Willing to provide receipt/proof of purchase if necessary.",dboydanni,1,1,1kplsiu,https://reddit.com/r/mechmarket/comments/1kplsiu
1747578621,2025-05-18 14:30:21,[US-OR] [H] PayPal [W] osme cafe standard keycaps,Please and thank you. These tariffs are the worst   No osme shipping to the us. :/,BigAffectionate2493,2,3,1kplaos,https://reddit.com/r/mechmarket/comments/1kplaos
1747578271,2025-05-18 14:24:31,[US-FL] [H] paypal [W] MW Heresy keycaps,"Searching for mw heresy keycaps. Interested in base, numpad, novelties etc. Let me know what you got please and thank you!",astro_ZOMBIE138,1,2,1kpl68r,https://reddit.com/r/mechmarket/comments/1kpl68r
1747577259.0,2025-05-18 14:07:39,"[US-FL] [H] PayPal [W] MTNU Beige Base Set with accents, 9009 MT3 Numpad",Looking for the beige set of mtnu with the orange accents or the 3A/3C accents.  Also still looking for the 9009 MT3 Numpad.,core627,1,1,1kpkstl,https://reddit.com/r/mechmarket/comments/1kpkstl
1747576883.0,2025-05-18 14:01:23,[Store] Ergomech Store - The best place to start your Ergomech Journey,"**Hi guys,**   Welcome to **Ergomech Store** ([https://ergomech.store](https://ergomech.store))!  # Who are we?  We are a small vendor based in Vietnam, and we've been in operation for almost five years. What started as a small side business has grown beyond what I ever imagined.  Even so, it's still just a side gig for me. I’ve delegated most of the production and logistics work to a small team of Ergomech enthusiasts like myself, while I now focus primarily on product development—the most exci",hainguyenac,1,0,1kpko03,https://reddit.com/r/mechmarket/comments/1kpko03
1747576832,2025-05-18 14:00:32,[Artisan] Scribble Dragon Eye Raffle,"Raffle Sale Details!  * How do I buy!?  • ⁠Raffle Style Sale • ⁠Raffle Entry Form can be accessed here: [Good luck!](https://forms.gle/KjkpGqDeQacX4YGz5)  • ⁠Order form will live from May 18th, 2025, 9:00 pm GMT+7 (Vietnam Time) - stays 24 hours. • ⁠Forms will be open for 24 hours. Winners will have 24 hours to pay the pending invoice. • ⁠Any unpaid invoices will be re-rolled. • ⁠Only one entry per person please, multiple entries will result in disqualification and possible ban from future sales",No_Gur_5012,0,1,1kpkn8x,https://reddit.com/r/mechmarket/comments/1kpkn8x
1747573210,2025-05-18 13:00:10,[Artisan] Crookey artisan Mr. Reaper R2 raffle live,Hello.  Welcome to Crookey raffle.  Keycap of this raffle is **Mr. Reaper R2.**  **⌛Form open \~ closes :**  2025/05/18/pm 10:00 (GMT+9 / KST) \~ 05/19/pm 10:00 (GMT+9 / KST) 24 hours  **<Link>**  [Gallery](https://imgur.com/gallery/crookey-artisan-raffle-mr-reaper-r2-live-v4C0uu4) / [Form link](https://forms.gle/rNUnBKvomB8xk7oX6)  [Instagram (artisan account)](https://www.instagram.com/crookey_artisan/) / [Instagram (silver account)](https://www.instagram.com/crookid_silver/)  [Discord (WIP)](,Crookey_artisan,0,1,1kpjf23,https://reddit.com/r/mechmarket/comments/1kpjf23
1747572951,2025-05-18 12:55:51,"[HK] [H] Paypal [W] GMK Evil Eye Base + Spacebars + Non-Accent Kits, Antipode Vero Fool's Gold w/ black weight, Mode Tempo  Silver case, Copper weight/accent must have HHKB PCB and Keycult Zero Silver case + Gold back + Gold accents + Gold HHKB cover.","Wanted keycaps and keebs as titled. GMK Evil Base can be base only or any other combination but must include base. Keyboards must be in configs stated. Have US/UK proxy, other places must ship direct to Hong Kong. Will use Paypal G&S, please keep that in mind, and the price. Please reply before DM with prices inc. G&S and shipping. Thank you",macbrush,0,2,1kpjc62,https://reddit.com/r/mechmarket/comments/1kpjc62
1747567825,2025-05-18 11:30:25,"[UK] [H] Neo80 Keyboard, Silent Linear Switches [W] Paypal","[Timestank](https://imgur.com/a/WL46ILx)  |Item|Description|Price| |:-|:-|:-| |Neo80 Keyboard Kit|Silver Case / Gold Weight; PC Plate; Tri Mode Hotswap PCB; New sealed; comes with all original accessories|£165 + Postage| |100 x Gateron Ink Silent Black|Lubed and Filmed (205g0 + 105 + Deskeys); Spring swapped - Sprit Slow 63.5g (29) + TX 57g (71); will include original springs and remaining TX 57g springs|£55 + Postage| |70 x Gateron x Zeal Sakurio|New, stock|£35 + Postage| |30 x Fei Matcha|New, ",Dior_Bag,0,2,1kpht6c,https://reddit.com/r/mechmarket/comments/1kpht6c
1747565581,2025-05-18 10:53:01,"[UK] [H] Wireless Sofle with low profile MX keycaps and Unique Alice style Keyboard, Case and PCBs [W] PayPal","Good afternoon all,  I am moving house soon and need to clear out some keyboard stuff I haven't touched for ages. I will throw away anything remaining in a couple of weeks so make me an offer! **Prices are plus shipping** \- will ship abroad if needed but would prefer to keep this simple!  Collection from Wiltshire, UK available.  [Timestamp](https://imgur.com/gallery/timestamp-InkxHCz)  **Complete Keyboards**  **(GPB75.00) Sofle** \- Wireless, Nice!Nano with low profile MX keycaps and custom 3D",LockreyAlfie,1,4,1kph7x0,https://reddit.com/r/mechmarket/comments/1kph7x0
1747564495,2025-05-18 10:34:55,[UK] [H] PayPal [W] GMK Olive Dark Base Kit,,ToastWiz,1,3,1kpgycb,https://reddit.com/r/mechmarket/comments/1kpgycb
1747562356.0,2025-05-18 09:59:16,"[CN] [H] keycult no.2 65 Diagonal Unfinish, gmk beige hangul alpha kit [W] CW87/88 wkl, PayPal G&amp;S","[timestamps](https://imgur.com/a/eIwc6xz)  1. keycult no.2 65 Diagonal Unfinish raw, not wave unfinish, BNIB, sealed, never opened - $930 + shipping 2. gmk classic beige hangul alpha kit, mounted once, barely used, like new - $60 + shipping  Please pm me if you want more pictures, thanks!",Perfect_Substance899,1,1,1kpgfth,https://reddit.com/r/mechmarket/comments/1kpgfth
1747556906,2025-05-18 08:28:26,"[KR] [H] Duck Eagle V1, TX-PAD white [W] Paypal","1.Duck Eagle V1 grey => $700 [Timestamp](https://imgur.com/a/ImKjOVN)  -very rare item  -Alu plate  -AEK keycap  -built with Alps SKCM Blue switches from Leading Edge DC-2014  -built by Korean specialist  ---  2.TX-PAD white => $700 [Timestamp](https://imgur.com/a/HqwnlYA)  -very rare item  -keycap is not icluded  -additional bottom (white bottom and transparent bottom)  -additional Leeku PCB  -Alu plate  -built with Leeku PCB, old grey switch  -built by Korean specialist",mj01k82,3,2,1kpf6rz,https://reddit.com/r/mechmarket/comments/1kpf6rz
1747553911.0,2025-05-18 07:38:31,"[US-TX] [H] Built Iron165 R2 (Teal, Franken Cthulhu Switches, GMK Terror, Artisans) + Extras [W] PayPal","Hey everyone,   Selling my custom-built **Smith &amp; Rune Iron165 R2** (Teal). Built with care, used once for testing, and packed with premium components and extras. **(Price: $360, shipped) (NA only)**  ***Everything is sold all together, packed and ready to go!***   Timestamp: [https://imgur.com/a/4MfBqyL](https://imgur.com/a/4MfBqyL)  **Build Details:**  * **Switches:** Franken Cthulhu    * Bottom: Gateron Ink Black V2    * Top: Gateron KS-3 Milky Yellow    * Stem: KNC Unga Bunga linear    *",Empty-Mine6067,1,2,1kpei8o,https://reddit.com/r/mechmarket/comments/1kpei8o
1747552814,2025-05-18 07:20:14,[USA-WA][H] PayPal [W] Ikki68 Aurora Brass Weight,[removed],Destroyer232,1,4,1kpe8qc,https://reddit.com/r/mechmarket/comments/1kpe8qc
1747551770,2025-05-18 07:02:50,[US-NY][H] Paypal [W] Lilac HK Unikorn,"Hello friends,  I am looking to buy a Lilac HK Unikorn as my endgame daily keyboard. Let me know what you have and what price you want for it. Thanks!",No_Roll9456,3,2,1kpdzry,https://reddit.com/r/mechmarket/comments/1kpdzry
1747547421,2025-05-18 05:50:21,"[CA-ON] [H] Paypal, Trade [W] Polaris, HHKB Keyboard","Looking to purchase Polaris hhkb, or other interesting hhkb layout keyboards, ideally in new or like-new condition.",Look-Time,2,2,1kpcxgv,https://reddit.com/r/mechmarket/comments/1kpcxgv
1747546604.0,2025-05-18 05:36:44,[US-FL][H] RAMAWORKS Thermal+ SOYA complete no caps [W] Paypal,[Timestamp](https://imgur.com/a/U7tIaPD),01saleencobra,1,1,1kpcq0x,https://reddit.com/r/mechmarket/comments/1kpcq0x
1747540722,2025-05-18 03:58:42,[Artisan] Biohazard Drageris - Crystal Pieces Artisan Keycap ✨,Handle with caution ☣️☣️☣️  [⏰FORM LINK](https://crystalpieces.com/product/biohazard-drageris-946)  * You guys can check out the stunning pics [here](https://crystalpieces.com/product/biohazard-drageris-946) 😎 * RAFFLE TIME: starts now and form opens for 24 hours * PRICE:    * The keycap only (body part): $75 (+$7 international shipping fee)    * Full version (body + tail): $85 (free shipping) * Quantity: 15 keys each characters * Material: Resin casting * Profile: SA R3/ Cherry R1 and compatibl,CrystalPieces,2,1,1kpb67i,https://reddit.com/r/mechmarket/comments/1kpb67i
1747538341,2025-05-18 03:19:01,[US-CA] [H] Paypal [W] jtk night sakura base +  grey spacebar kits,looking for bnib or lightly used  please comment before sending a pm. ,t1ddieboi,1,3,1kpahpt,https://reddit.com/r/mechmarket/comments/1kpahpt
1747536741,2025-05-18 02:52:21,"[US-VA] [H] Paypal [W] GMK Terra, PBTfans Atomic Purple","Hey friends, looking to see if anyone has GMK Terra or PBTfans Atomic Purple for sale. Thanks!",blast0ise,3,4,1kpa14t,https://reddit.com/r/mechmarket/comments/1kpa14t
1747535545,2025-05-18 02:32:25,"[US-WA] [H] Kohaku Amethyst, Nooir Noland N1, Exclusive 6.5, GMK Cosmo, GMK Dragon Witch, GMK Blue Alert R2, and Artisans [W] Paypal","[Timestamp](https://imgur.com/a/sWDI6tf)  Hello, Trying to sell off some of my keyboards since I’m exiting the hobby  I’m listing everything as a bundle, but am willing to split items for the most part. Shipping is not included unless agreed upon. +5% for Paypal GnS CONUS only unless you are realllly willing to pay for the fees associated with international shipping   All listing are OBO so don’t feel pressured by the listed price Listing: Nooir Noland N1 Bundle, [$1550]  -Built with NK Roller S",Baldsuperman0519,0,11,1kp9ote,https://reddit.com/r/mechmarket/comments/1kp9ote
1747532397,2025-05-18 01:39:57,[Artisan] Jelly kun / Butter toast Jelly kun raffle,🍞Butter toast Jelly kun🧈  Do you want to have a happy brunch time with me?!•^•  [RAFFLE TIME]  2025/05/18 10:00 a.m (GMT+9) ~ 2025/05/19 10:00 a.m (GMT+9)  [LINK]  [Image](https://imgur.com/a/PLktL9v)  [Form](https://forms.gle/rsBhgda9DXFPUucm7)  [Discord](https://discord.gg/kBQjxMGHzq)  [Instagram](https://instagram.com/jelly__cap)  [INFORMATION]  - Artisan name : jelly kun  - Colorway : Butter Toast Jelly kun   - Price : 45USD per keycap (20pices) + The delivery charge : 15USD (Country where o,jelly_cap,4,1,1kp8r4y,https://reddit.com/r/mechmarket/comments/1kp8r4y
1747530734,2025-05-18 01:12:14,"[US-NY][H] Cruelworld 88 Wkl, Neo75 Cu, Linworks Box 75, TGR Jane Shi [W] Paypal","[Timestamp](https://imgur.com/a/S1pSaoX)  Hi All, looking to sell all these boards. Trying to shrink down my collection and sell the ones I don't really use. I am currently not looking for any trades. Pm only no chats.   Cw88 Wine Red $600 - Desolder PCB, ALU plate, PC  plate, different gasket hardnesses, and carrying case.  Neo75 Cu Spray White $215 - Hotswap Pcb not wireless, Alu plate, copper bottom, golden vortex badge, carrying case. No keycaps or switches. If you want keycaps and the switc",OkyDoky16,6,11,1kp893x,https://reddit.com/r/mechmarket/comments/1kp893x
1747528685,2025-05-18 00:38:05,[US-TX] [H] PayPal [W] lilac lily,Hi guys! Looking for a purple lily.,puppy3,1,2,1kp7mcn,https://reddit.com/r/mechmarket/comments/1kp7mcn
1747527141,2025-05-18 00:12:21,"[US-AZ][H] Geonworks Frog Mini Leggera Tray Mount, GMK Hazakura, GMK Peaches n Cream Lite, 21KB Japanese Burgundy, Wuque WS Yellow Linear Switches, Realforce R3 TKL [W] Paypal",Looking to get rid of some items I no longer need. All prices include shipping within CONUS. Only shipping to CONUS at this time. Not looking for trades. Timestamp: [https://imgur.com/a/EdD5LC9](https://imgur.com/a/EdD5LC9)  |Item|Price|Description| |:-|:-|:-| |Geonworks Frog Mini Leggera Black Tray Mount|$100 Shipped|Unused. Fits Wooting60HE.| |GMK Hazakura Latin Base and Novelties|$160 Shipped|Used for a week. Ships in bag.| |GMK Peaches n Cream Lite Base and Novelties|$100 Shipped|Light shine,KaitoR6,2,7,1kp7579,https://reddit.com/r/mechmarket/comments/1kp7579
1747526198,2025-05-17 23:56:38,[US-CA][H] HHKB pro 2 type-s [W] PayPal,https://imgur.com/a/utDzwam  Comment before pm. No traded. CONUS only. Price includes shipping and PayPal fees.    HHKB pro 2 type-s dated 06/19: completely stock. Back of case has a couple of areas that are darker than the rest of the board. **no og box or cable** Asking $160 shipped OBO. ,trapcorgi,0,4,1kp6u3o,https://reddit.com/r/mechmarket/comments/1kp6u3o
1747526179,2025-05-17 23:56:19,[ASIA-KR] [H]Keycult No.2/65 Black/Red Unfinished + New Extra Top [W] Paypal,[removed],Regular_Interview_90,1,0,1kp6tw2,https://reddit.com/r/mechmarket/comments/1kp6tw2
1747524275,2025-05-17 23:24:35,[ASIA-KR] [H]Keycult No.2/65 Black/Red Unfinished + New Extra Top [W] Paypal,[removed],Regular_Interview_90,1,0,1kp6789,https://reddit.com/r/mechmarket/comments/1kp6789
1747521740.0,2025-05-17 22:42:20,[UK] [H] PayPal [W] Keyzen Artisans,Ideally looking for following: Lemi Darling Lemi Frost Witch Gaon Kuro Gaon Shiro Lemi Mr Frosty Gaon SS Horo SS OG Horo Lemi Irene Gaon Irene Lemi Puusheen Chibi Rainy Day Gaon Rin Lemi Halloween 2022 Spectral Chibi Halloween 2022 Spectral  Post here first then drop me a dm with what you have!  **Willing to pay for shipping from the US etc.**,Extension_Sky_8903,1,2,1kp5cp2,https://reddit.com/r/mechmarket/comments/1kp5cp2
1747521614.0,2025-05-17 22:40:14,[US-CA] [H] PayPal [W] Bauer Lite X-Ray (board and keycaps),"Looking for a Bauer Lite X-Ray Edition, along with a set of PBTFans X-Ray keycap set. Thanks!",joeryu,1,2,1kp5b59,https://reddit.com/r/mechmarket/comments/1kp5b59
1747521483,2025-05-17 22:38:03,"[US-CA] [H] Zoom 75 Navy w/extras, PBTfans Kabuki-cho, Dark Jade switches [W] PayPal G&S","[Zoom 75 Navy Tri-mode](https://imgur.com/a/yzk09SN) \- $250 + shipping (please DM me your zip code so I can calculate shipping (Open to offers)  * Plates: FR4, Brass, Pom, Plastic * Extra rainbow plate * Blue glass base with rainbow weight installed * Knob module w/ rainbow knob * LCD module installed * comes with original box and case + all accessories included * *I do not have the usb receiver for wireless mode* * Owlab V2 stabs  [PBT Kabuki Cho](https://imgur.com/a/bz6tEpe) \- $75 Shipped  *",Merced_x,1,4,1kp59jy,https://reddit.com/r/mechmarket/comments/1kp59jy
1747521247,2025-05-17 22:34:07,[US-CA] [H] Owlab Spring Red [W] Paypal G&S $500 shipped,"Timestamp: https://i.imgur.com/gHEFTLk.jpeg  Like new condition, switches are ttc silent frozen v2 (comes with whole bag), keycaps are deepwell gmk - comes with all novelty key caps. The caps lock switch is bent, so the key doesnt work. Can be easily swapped. I don’t have trades here but i do have a trade on r/avexchange.  Willing to go cheaper if local -> bay area.  ",Fit_Scheme_4368,1,3,1kp56ta,https://reddit.com/r/mechmarket/comments/1kp56ta
1747521229,2025-05-17 22:33:49,[US-AL] [H] Paypal [W] Grey KBDPAD MKI or MKII. Hotswap preferred.,Wanting to buy a Grey KBDPAD to match my KBD75v2.,LethalassassinX,1,2,1kp56lj,https://reddit.com/r/mechmarket/comments/1kp56lj
1747519999,2025-05-17 22:13:19,"[UK] [H] GMMK2, SEIGAIHA KEYBOARD KIT, PayPal [W] GMK base with Vim nav keys, Topre keycaps",[removed],Double-Rub-5246,1,0,1kp4rns,https://reddit.com/r/mechmarket/comments/1kp4rns
1747519718,2025-05-17 22:08:38,[US-UT][H] DaringRun Polygon-7 Silver [W] PayPal,"Comment before PM thanks!  [Timestamp and pics](https://imgur.com/a/Ii7UVHJ)    |item|condition|price| |:-|:-|:-| |DaringRun Polygon-7 (PG-7) silver tri-mode kit (1.2mm tri-mode hotswap pcb, 1.6mm tri-mode solder pcb, pp plate)|Used (like new)|$165 shipped w/in CONUS|  ",zps123,4,2,1kp4o6n,https://reddit.com/r/mechmarket/comments/1kp4o6n
1747519652,2025-05-17 22:07:32,[US-MA][H] PayPal [W] Geon stem trimmer,Looking for a stem trimmer. Please comment before PM,Popsandwich,2,2,1kp4ne8,https://reddit.com/r/mechmarket/comments/1kp4ne8
1747519652,2025-05-17 22:07:32,[US-MA][H] PayPal [W] Geon stem trimmer,Looking for a stem trimmer. Please comment before PM,Popsandwich,2,2,1kp4ne8,https://reddit.com/r/mechmarket/comments/1kp4ne8
1747519220,2025-05-17 22:00:20,[US-UT][H] DaringRun Polygon-7 Silver [W] PayPal,Comment before PM thanks!  [Timestamp and pics](https://imgur.com/a/Ii7UVHJ),zps123,1,2,1kp4hwu,https://reddit.com/r/mechmarket/comments/1kp4hwu
1747517957,2025-05-17 21:39:17,"[CA-ON] [H] Keycult No. 1/65, GMK Hanami Dango, CRP Keycaps [W] PayPal, EMT, Cash","[Timestamp](https://imgur.com/a/HRk2cMT)  *Prices are listed in USD. Can also convert to CAD for Canadians.*  ---  **Keycult No. 1/65 ($500)**  * Green & Black, A-stock * Brand new unbuilt * Aluminum plate * 1 Solder PCB  [More Pics](https://imgur.com/a/MrwEYpY)  ---  **GMK Hanami Dango Base ($90)**  ---  **CRP Set ($90)**  * Beige Mods * Red Cyrillic Alphas * Green Hebrew Alphas * Blue Arabic Alphas  ---  Comment first before PM. Thanks",Kinesiologist115,3,2,1kp4200,https://reddit.com/r/mechmarket/comments/1kp4200
1747517034.0,2025-05-17 21:23:54,"[US-CA] [H] PayPal [W] GMK Minimal, BOW, Stormtrooper, Mando, other white GMK, Kalam Kohaku Solder PCB",Looking for any of the above. PM to sell.,riftpenguin_,1,1,1kp3py7,https://reddit.com/r/mechmarket/comments/1kp3py7
1747516457.0,2025-05-17 21:14:17,"[US-MA] [H] XDA Canvas Planck Betas, XDA Godspeed Apollo extras, XDA Scrabble Ortho extras, SA Pulse extras, built Dilly (Kailh Yellow linears), built EOTW Planck (Tealios), EOTW Preonic plates, random switches, cheap artisans, Keyforge Shishi (Blue Diesel) [W] PayPal, GMK Ortho kit","[timestamp](https://imgur.com/fIerrGH)  [gallery](https://imgur.com/a/u-affectionate-newt-moving-sale-i2UsJf8)  Hi all,  I've been out of the hobby for a while (I used to post under a username that I deleted years ago), but we're moving and I'd like to pass this stuff along if I can.  It's mainly a random assortment of things, but everything is in pretty good shape despite being stored for a while.  Issues of note:  - Oxidation (?) on the top plate of the EOTW Planck. I took a close-up so you ca",Affectionate-Newt,1,1,1kp3ifm,https://reddit.com/r/mechmarket/comments/1kp3ifm
1747515342,2025-05-17 20:55:42,"[US-CA] [H] Matte Cerakey Alphas set, Barebones Acrylic 60% board, Switches (Akko Piano Pro, Akko Creamy Yellow, Duhuk QK01), Various cheap keycap sets, Resin floral artisans [W] Paypal","[**TIMESTAMP**](https://imgur.com/a/SjB72Og)  *(Originally posted too soon and didn’t realize my cooldown wasn’t done yet WHOOPS sorry mods.)*  Here's an updated post with some keyboard stuff I'm selling and what's currently available. Looking to downsize the keeb stuff I have since I've finally narrowed down my preferences. Feel free to comment/inbox me with any questions or requests for photos/videos.  **All prices are OBO.**   **Mainly want to ship to CONUS, can be talked into shipping furthe",Justines-Mic,0,4,1kp33a7,https://reddit.com/r/mechmarket/comments/1kp33a7
1747514085,2025-05-17 20:34:45,"[US-FL] [H] CYSM Teradrive Boo, HHKB Pro Hybrid Type S, Matrix 8XV 3.0 heart WKL [W] PayPal","Timestamp: https://imgur.com/a/mG3QYw5  Matrix 8xv3.0 heart WKL built with GMK katakana, stock Momoka sharks, and TX AP stabilizers lubed with 205g0 and XHT-BDZ on the wires. 450$ usd with remainder of GMK katakana included. (Will desolder switches for 20 extra)  HHKB pro hybrid lubed with 205G0 on springs, sliders, and stabilizers 250$   CYSM GMK teradrive boo. Never mounted. 50$  Will include a 3x3 (hhkb)or 4x4 (8xv3.0) fengstudios switch break in machine for purchaser.  Prices via PayPal G&S ",vwhen,4,3,1kp2mt5,https://reddit.com/r/mechmarket/comments/1kp2mt5
1747513811,2025-05-17 20:30:11,"[US-FL] [H) CYSM Teradrive Boo, HHKB Pro Hybrid Type S, Matrix 8XV 3.0 heart WKL [W] PayPal"," Timestamp: https://imgur.com/a/mG3QYw5  Matrix 8xv3.0 heart WKL built with GMK katakana, stock Momoka sharks, and TX AP stabilizers lubed with 205g0 and XHT-BDZ on the wires. 450$ usd with remainder of GMK katakana included. (Will desolder switches for 20 extra)  HHKB pro hybrid lubed with 205G0 on springs, sliders, and stabilizers 250$   CYSM GMK teradrive boo. Never mounted. 50$  Will include a 3x3 (hhkb)or 4x4 (8xv3.0) fengstudios switch break in machine for purchaser.  Prices via PayPal G&S",vwhen,1,2,1kp2j5f,https://reddit.com/r/mechmarket/comments/1kp2j5f
1747513666,2025-05-17 20:27:46,"[US-FL] [H) CYSM Teradrive Boo, HHKB Pro Hybrid Type S, Matrix 8XV 3.0 heart WKL","Timestamp: https://imgur.com/a/mG3QYw5  Matrix 8xv3.0 heart WKL built with GMK katakana, stock Momoka sharks, and TX AP stabilizers lubed with 205g0 and XHT-BDZ on the wires. 450$ usd with remainder of GMK katakana included. (Will desolder switches for 20 extra)  HHKB pro hybrid lubed with 205G0 on springs, sliders, and stabilizers 250$   CYSM GMK teradrive boo. Never mounted. 50$  Will include a 3x3 (hhkb)or 4x4 (8xv3.0) fengstudios switch break in machine for purchaser.",vwhen,1,2,1kp2hce,https://reddit.com/r/mechmarket/comments/1kp2hce
1747513142,2025-05-17 20:19:02,"[US-OR] [H] Kiwis, Banana Splits, Bakeneko60 Build, Unholy Pandas, Cherry Blues, Switch Parts, MT3 BoW [W] Paypal","[Timestamp](https://imgur.com/a/KbOl0AI)  Trying to sell the rest of my keyboard stuff before moving states! **Will prioritize bundles and take offers!**  **Switches**  TKC Kiwis (72x lubed w/ PAO grease, 16x stock) - 20 shipped  Unknown Pink & POM Tactile Switches (59x stock) - 20 shipped  Cherry Black (Clear top, 87x stock) - 10 shipped  Unholy Panda (140x assembled stock, 20-30x unassembled stock) - 15 shipped  Cherry Blue (at least over 100x stock, another 50-70x bottoms) - 20 shipped  MX Bl",ir_beaches,0,9,1kp2a9z,https://reddit.com/r/mechmarket/comments/1kp2a9z
1747512955,2025-05-17 20:15:55,"[US-CA] [H] Metakey Tenet 70 [W] PayPal, Local Cash","[Timestamp](https://imgur.com/a/9B4mB9c)  Hello mm, I have a Metakey Tenet 70 available for sale.  Prices are in USD, all prices are shipped CONUS. I am based out of Los Angeles, CA, local pick up is also available.  # Keyboard:  [Metakey Tenet 70](https://imgur.com/gallery/MgK11rb)  A 70% board can be built with two layout configurations: Regular Layout(60%+10%) or Southpaw Layout(10%+60%)  Features a 256 x 32 pixel customizable OLED monochrome screen [https://clickclack.io/pages/metakey-tenet]",bliu15_7613,1,2,1kp27tl,https://reddit.com/r/mechmarket/comments/1kp27tl
1747511866.0,2025-05-17 19:57:46,"[US-CA] [H] Geon F1-8X V2 WK Raw [W] PayPal, Local Cash","[TIMESTAMP](https://imgur.com/a/IQ8zN8d)  Received it last week, built, then stored away. Was part of the GB but during the wait I lost my interest in TKLs. Looking to get what I paid (including PayPal fees &amp; shipping cost)  This is a RAW keyboard, there are minor blemishes.  Offering 2 bundle options. Paypal Invoice or Local to 92844.  |Price|Items| |:-|:-| |$465 Shipped|Barebones - Includes carrying case, keyboard, aluminum plate, &amp; hotswap PCB.| |$500 Shipped|Includes above items and ",StupidGonk,1,1,1kp1t47,https://reddit.com/r/mechmarket/comments/1kp1t47
1747511248,2025-05-17 19:47:28,"[US-CA] [H] Hand Engineering 2000 Mini SE Moonrock [W] PayPal/Local Cash, GMK Sets, 60s or TKLs","[TIMESTAMP](https://imgur.com/a/k9rIgpX)  Looking to either sell or trade my 2000 Mini SE in Moonrock which is the WKL colorway. Comes with 2 PCBs (1 millmaxed, 1 unused), alu and CF plates. Switches, stabs, and keycaps not included. $550 shipped w/PP fee included. CONUS ONLY.  Ideally would like to trade for a 60 or TKL (open to offers), or combination of some GMK sets. Wishlist is:  GMK Skidolcha  GMK Toxic  GMK Deepwell  GMK Necro  **Open to all offers.**  **Comment before PM**",AkDoxx,0,2,1kp1kvb,https://reddit.com/r/mechmarket/comments/1kp1kvb
1747511197.0,2025-05-17 19:46:37,"[US-MA][H] Dune65, GMK Tuzi, GMK Trackday [W] PayPal","[Timestamp](https://imgur.com/a/GQNDBko)  **Dune65 ($500 + shipping, OBO)**  * Silver + Brass, WK * Case built but PCB/Plate assembly never built * Couple small dings (see timestamp) * Comes with original clamshell and all original hardware EXCEPT screwdriver    **GMK Tuzi ($90 + shipping)**  * Harvest (Standard) kit * Mounted once, lightly used * No shine * Comes with original box, no seal    **GMK Trackday ($100 + shipping)**  * Base kit * Mounted once, never used * No shine * Comes with origi",_kloppi417,1,3,1kp1k6h,https://reddit.com/r/mechmarket/comments/1kp1k6h
1747510619,2025-05-17 19:36:59,[US-CA] [H] Space 80 Apollo Deep Ocean [W] PayPal,"[Timestamp](https://imgur.com/a/vICrvvv)  Hey all, looking to sell my Space 80 Apollo in the Deep Ocean colorway. Includes 1 used Mouser hotswap PCB, PC plate, FR4 plate, and all the included accessories. Does not include keycaps, switches, or stabs (can add lubed stabs for $10).  Asking price is $400 plus shipping OBO.",kspark324,1,3,1kp1c97,https://reddit.com/r/mechmarket/comments/1kp1c97
1747510445,2025-05-17 19:34:05,[Store] R2 In-stock! GhV4 Diamond Polished Retooled Mx Blacks!,"**Hi everyone, a couple months ago we thought that after R1 was over, we wouldn't continue doing switches, but we've seen that recently many of you were interested in trying our diamond polished creations, so the show must go on! Our main goal is to provide the comunity with the best diamond polishing service, that's why we didn't focus on making lots of different switches and instead we only work on Cherry switches, which benefit the most from the smoothening, and have made keyboards' history. ",Mesy06,6,5,1kp19u8,https://reddit.com/r/mechmarket/comments/1kp19u8
1747510239,2025-05-17 19:30:39,"[US-NJ] [H] Iron165 R2 Graphite + extras, FoxLab Leaf65 + extras, NK Aluvia, GMK Botanical, GMK Dots R2 Light, GMK Seafarer, Binepad BNR1 (all discounted) [W] PayPal, Venmo","Hey everyone! I'm moving soon, so I'm trying to get rid of some things that I've been too busy to build for cheap. Everything is BNIB or opened just for pictures. Prices don't include shipping. Please comment before PM, thanks!  [Timestamp](https://imgur.com/a/rwaEoq6)  |Item|Notes|Price| |:-|:-|:-| |BNIB Iron165 R2 Graphite w/ extra PCB, carbon fiber plate, stainless steel weight/badge set, extra gaskets|Received this from the Iron165 R2 GB in 2021 but never opened it. Lots of extras included, ",dijkstraa,1,9,1kp16y0,https://reddit.com/r/mechmarket/comments/1kp16y0
1747510071,2025-05-17 19:27:51,"[US-NJ] [H] Iron165 R2 Graphite + extras, FoxLab Leaf65 + extras, NK Aluvia, GMK Botanical, GMK Dots R2 Light (all discounted) [W] PayPal, Venmo, Zelle, Local Cash",[removed],dijkstraa,1,1,1kp14mc,https://reddit.com/r/mechmarket/comments/1kp14mc
1747509271,2025-05-17 19:14:31,"[US-MA][H] Keycaps (GMT, OTC, PBTFans & more), Switches  [W] PayPal","[TIMESTAMP](https://imgur.com/a/5-17-25-S0zXUH0)  Hey MM, letting a few things from the collection go. All prices include shipping to CONUS. Happy to take $5 off total if bundling more than one item. Please comment before sending PM. Thanks for looking!  **KEYCAPS - Prices include original packaging or keycap trays as pictures, will subtract $5 if you want them shipped in plastic bags instead**  * GMK Belafonte - Sealed BNIB - $135 * OTC MODO Light Icon Base - Lightly used, no signs of wear - $7",Nekhar14,3,6,1kp0tm7,https://reddit.com/r/mechmarket/comments/1kp0tm7
1747509037,2025-05-17 19:10:37,[US-NJ] [H] PayPal [W] Keycult TKL wrist rest,"Msg in thread first before PM'ing, no chats. Looking for either black, silver, or brass. Unfortunately because of the tariff situation we have in the US, I'm going to have to say North America only for this (not sure about Great Britain, didn't read the update on that). Will only do PayPal invoice, no friends and family or any other payment service.",TeRRoRibleOne,1,3,1kp0qbx,https://reddit.com/r/mechmarket/comments/1kp0qbx
1747508572.0,2025-05-17 19:02:52,[US-IL] [H] Portal65 Full Build [W] PayPal,"[TIMESTAMP](https://imgur.com/a/portal65-redacted-lv9VPgk) Portal65 in Black with the Rainbow weight GMK Redacted Keycaps (can include box for keycaps but is slightly damaged) Lubed BCPs and AP stabs Hot-swap PCB (No bluetooth)   Have had this board for around ~1yr, barely used as I never purchased a PC for me to need it. Just cleaned as well.  Looking for $450 shipped but accepting offers, just PM me!  ",hatmanfanclub,1,2,1kp0jqs,https://reddit.com/r/mechmarket/comments/1kp0jqs
1747507969,2025-05-17 18:52:49,[EU-PL] Looking for HHKB Classic / Professional / Professional 2 WHITE [W] Paypal / Crypto,[removed],zrth1,1,0,1kp0be6,https://reddit.com/r/mechmarket/comments/1kp0be6
1747507494.0,2025-05-17 18:44:54,[US-MA] [H] PayPal [W] BUGER &amp; HAMMERWORKS CRP C64 40s/Ortho,"Hi all,  I realize I'm new here -- used to post under an old account that I deleted when corp. went after third-party apps like Apollo.  Anyway, I'm having a heckuva time finding a full ortho kit in Cherry/GMK/DCS profile for my Preonic.  I realize this is a long shot (and probably an expensive one if it works out), but does anyone have the 40s kit for CRP C64 that they'd be willing to part with?  Thanks!",Affectionate-Newt,1,3,1kp04x4,https://reddit.com/r/mechmarket/comments/1kp04x4
1747506278,2025-05-17 18:24:38,"[US-CA] [H] GMK Darling r2 latin base bundle, GMK Frost Witch 2, artisans (Resin Party, Tokkipee, AziKeycaps [W] PayPal","[timestamp](https://imgur.com/a/VtD2pNO)!  Only shipping to North American addresses at the moment (Canada and Mexico ok, may cost extra to account for increased shipping costs/duties if any apply). International buyers with a proxy are ok, but I take zero responsibility for anything that happens between you and your proxy. All prices are PayPal G&S and include shipping costs unless otherwise stated. Buy bundles to get a discount.  Label|Info|Price|Available :--|:--|:--|:-- GMK Darling r2 | lati",urban_lime,1,2,1kozo4l,https://reddit.com/r/mechmarket/comments/1kozo4l
1747505091.0,2025-05-17 18:04:51,"[US-CA] [H] PayPal [W] GMK Minimal, BOW, Stormtrooper, Mando, Kalam Kohaku Solder PCB",Looking for any of the above. PM to sell.,riftpenguin_,1,1,1koz7qy,https://reddit.com/r/mechmarket/comments/1koz7qy
1747502513.0,2025-05-17 17:21:53,[EU-NL] [H] PayPal [W] FirstSlab60 keyboard,"Hello!  I am looking for the FirstSlab60 keyboard, i'm willing to also cover shipping+import fees.  It would be a bonus if it's from EU since that avoids import tax, but outside is ok too.",walterhenstra,1,2,1koy8jw,https://reddit.com/r/mechmarket/comments/1koy8jw
1747502374,2025-05-17 17:19:34,"[US-ND] [H] Frog Mini, Typ60, Osume Sets, Switches [W] PayPal","[Timestamps](https://imgur.com/a/5-17-mm-4pTyGT0)     **Geon From Mini:** $360 shipped  * Black color in HHKB layout, excellent condition * All tadpoles, Carrying Case, Case foam included * Alu, FR4, Laminate, Venom 60HE Fr4 plates  * 1 HS PCB and 1 new Solder PCB  * 70x Lubed and Filmed HMX PORO with Lubed and Tuned Durock Stabs * No keycaps.      **Axiom Typ60:** $300 shipped  * Titanium Silver Color, excellent condition * WK, WKL, HHKB blockers and carrying case included * 1 Solder PCB built ",Anshumn3,2,6,1koy6n1,https://reddit.com/r/mechmarket/comments/1koy6n1
1747502239,2025-05-17 17:17:19,"[Swe] [H] money  [W] Rama thermal seq2 (black, white or red) or Mode Envoy or sonnet",As specified … I live in Sweden and am interesting in acquiring Rama keyboard seq2 in colors preferably black or red but white also works.   Also might be tempted to buy a Mode sonnet alexotos edition or envoy in white or limited edition. ,iMoac,1,3,1koy4si,https://reddit.com/r/mechmarket/comments/1koy4si
1747502130,2025-05-17 17:15:30,"[UK] [H] CLEARANCE: Wireless Sofle with low profile MX keycaps and Unique Alice style Keyboard, Case and PCBs [W] PayPal","Good afternoon all,  I am moving house soon and need to clear out some keyboard stuff I haven't touched for ages. Prices are final as they are priced to get rid as I will throw away anything remaining. prices are plus shipping - will ship abroad if needed but would prefer to keep this simple!  Collection from Wiltshire, UK available.  [Timestamp](https://imgur.com/gallery/timestamp-InkxHCz)",LockreyAlfie,1,5,1koy3aj,https://reddit.com/r/mechmarket/comments/1koy3aj
1747501284,2025-05-17 17:01:24,[US-CO] [H] PayPal [W] GMK Mars Cadet Curiosity & Solar Array Kits,,Kosoumi,2,2,1koxrsc,https://reddit.com/r/mechmarket/comments/1koxrsc
1747500687.0,2025-05-17 16:51:27,[US-CA] [H] Paypal [W] Jane V2 or V2 CE (WKL),Looking for either a Jane V2 or V2 CE (WKL) in good condition.    Let me know what you have.    Reply to post before DM.    Thank you.,eg68,1,1,1koxjo5,https://reddit.com/r/mechmarket/comments/1koxjo5
1747498675,2025-05-17 16:17:55,"[Store] VoxelMods Cables - New Coiled TRRS Cables + 20% off In-Stock Cerakoted Not-a-Lemo Connectors | Bespoke USB Cables w/ Custom Cerakote, IEM Audio, Power Cables, and More","[Howdy Y'all!](https://imgur.com/futHGzp)  [Cable Commission Portfolio](https://www.voxelmods.com/gallery)  I'm Voxel, your friendly neighborhood cable artist! I craft fully customizable luxury USB cables, audio cables, and PC cables. Think of me like a fine suit tailor but for your desktop setup! Or like Spiderman cuz I sling sleeve to try to help people! lol   I use the highest quality materials, high-end cerakoted hardware, and can even hand-dye new sleeve colors!   When you reach out to me f",voxels-box,1,1,1kowscn,https://reddit.com/r/mechmarket/comments/1kowscn
1747498458,2025-05-17 16:14:18,[US-NY][H] TMOv2 + GMK Blurple [W] PayPal,"[Timestamp](https://imgur.com/a/5OZHV1N)  Please post a comment prior to PM'ing me. Prices are US shipped.   [TMOv2](https://imgur.com/a/tmov2-OAIplV0) - $250 w/ Blurple base kit; $195 w/o Blurple  * Dark Blue Grey  * Built with Baby Kangaroos soldered on a brass plate  * Extra PCB and hardcase  * Two small patina spots on the back weight, small fading spot on the side.  * I am not currently selling Blurple without the board.",jlcl119,3,2,1kowpaq,https://reddit.com/r/mechmarket/comments/1kowpaq
1747497669,2025-05-17 16:01:09,[EU-NL] [H] ZSA Voyager White / International / Linear Light (Pro Red) [W] Tikkie,"[Timestamp](https://imgur.com/a/M8QFAhk)     I'm selling a ZSA Voyager White, International key caps, with linear light pro red switches. Bought in October 2024, barely used.  Price: **325 EUR + shipping**",hacdias,1,3,1kowed3,https://reddit.com/r/mechmarket/comments/1kowed3
1747497399.0,2025-05-17 15:56:39,[US-FL] [H] PayPal [W] MTNU Beige w/ accents,,core627,1,3,1kowahc,https://reddit.com/r/mechmarket/comments/1kowahc
1747496475.0,2025-05-17 15:41:15,"[US-CA] [H] Dn ogre, 2.0 ad pcbs/plates,  og double shots, clone og double shots, [W] Paypal","[Timestamps](https://imgur.com/a/timestamps-KNFx22i)  [Timestamps](https://imgur.com/a/timestamps-5a12Dis)  [Ogre](https://imgur.com/a/timestamps-EcP4DmU)  Dn Ogre pink no DB two plates one pcb NEW $300 + ship  Og doubleshots 1800 $80 + Ship  Clone og doubleshots missing 7u space bar $30 + Ship  Tkl batch of mx red stock pretools $35 + Ship  Feng studios Break in machines 2x one with broken top needs a new cable, and one thats fine $50 for both + Ship  2x Stock 1.2mm 2.0 add pcbs with burnt key ",Ilovecutomskeebs,1,1,1kovxv2,https://reddit.com/r/mechmarket/comments/1kovxv2
1747495710.0,2025-05-17 15:28:30,"[US-CA] [H] GMK Sets, Various Artisans and RAMAs[W] Paypal/Local Cash","Timestamp: https://imgur.com/a/zmoZPYv  All prices include shipping (US only).  Item | Kits | Details | Price ----|----|-------|----- GMK Agent 01 | Base, Novelties | Bought during original GB. Still sealed. | $230 GMK Dots 2 | White Base, White Rainbow | Bought during original GB. Still sealed. | $220 GMK Dots 2 | Dark Base, Dark Rainbow | Bought during original GB. Still sealed. | $220 nicePBT Noel | R1 Hirigana | Lightly used for a month. Ships in original packaging. | $65 PBT Pegaso | Base, ",StaggeredRay,1,2,1kovnci,https://reddit.com/r/mechmarket/comments/1kovnci
1747495568.0,2025-05-17 15:26:08,[Artisan] 2 x 1 Blind Bag Sale - Death Wish Artisan Keycaps,"[**Raffle link here.**](https://forms.gle/kF37Z8YJ3rSmj1YFA)   ***2 x 1 Blind Bag Sale!***  **Now it’s time to clear some old and new stuff!! This raffle includes many leftovers of past raffles, and also some colour test, or weird shit I've done for myself, both 1u and 2.25u keycaps can be in the blind bag!**   **This is going to be the only clearance sale I'm going to do for a couple of years, so, have fun!Details:**\- Invoices will be sent within 24 hours after the end of the raffle.   \- Paym",Death_Wish_caps,1,0,1kovlcx,https://reddit.com/r/mechmarket/comments/1kovlcx
1747494686,2025-05-17 15:11:26,[US-CA] [H] PayPal [W] Osume YOTR Base + Novelty,"Wanting to buy a Osume YOTR Base + Novelty Set, happy to negotiate a price! Can do pickup if local to California LA area, Seattle, or Chicago. Please comment before PMing. Thank you everyone!",Narwhals41321,1,3,1kov9h8,https://reddit.com/r/mechmarket/comments/1kov9h8
1747494586.0,2025-05-17 15:09:46,[Store] Ergomech Store - The best place to start your Ergomech Journey,"**Hi guys,**   Welcome to **Ergomech Store** ([https://ergomech.store](https://ergomech.store))!  # Who are we?  We are a small vendor based in Vietnam, and we've been in operation for almost five years. What started as a small side business has grown beyond what I ever imagined.  Even so, it's still just a side gig for me. I’ve delegated most of the production and logistics work to a small team of Ergomech enthusiasts like myself, while I now focus primarily on product development—the most exci",hainguyenac,1,0,1kov83o,https://reddit.com/r/mechmarket/comments/1kov83o
1747494332,2025-05-17 15:05:32,[US-GA] [H] Paypal [W] Black Wooting 80HE Zinc Alloy Case,Please comment before pm  Thank you,epicosuplayer99,1,3,1kov4n9,https://reddit.com/r/mechmarket/comments/1kov4n9
1747493814,2025-05-17 14:56:54,"[CA-ON][H] Monokei Tomo Suave Blue, White Oak Wrist Rest 65/75, CRP Desko Black Keycaps [W] PayPal","[Timestamp](https://imgur.com/a/JRGEb5a)  Shipping included for US & Canada, international extra.  **Monokei TGR Tomo Suave Blue - $325** **USD** excluding keycaps/**$425** including keycaps  * Solder PCB, built with Gazzew Bobagum Silent Linear switches (Lubed) * Owlstab stabilizers (Lubed) * 2x Brass badges * 2x Standard badges * Polycarbonate plate * All foams and o-ring included * Black Meletrix Kanban * Black braided coiled USB A to C cable * Mint condition, no dents, scratches, scuffs of a",nomorejokin,0,2,1kouxel,https://reddit.com/r/mechmarket/comments/1kouxel
1747493638,2025-05-17 14:53:58,"[EU-DE] [H] Cherry G80 2100 HDD, PayPal [W] Cherry G81 3000HBD, G81 3000HFU, PayPal","[**Timestamp**](https://imgur.com/a/UcQYUmh)  Want to sell or trade:   **Cherry G80 2100 HDD**   working, used, not perfect but in good conditiion, lightly cleaned   **400$** \+ shipping ^(trades prefered)    Want to buy or trade for:  Cherry:   **Cherry G81 3000HBD** [Reference](https://imgur.com/a/oedxoIy)   **Cherry G81 3000HFU**   **Cherry G81 31211 HAU**   **Cherry G81 1800 HQU**   **Cherry G81 1800 HBD**   **Cherry G80 5000**     GMK:   **KA1953**   **Burgundy R1**   **Demonic**, **Signal*",ChickenAssassin9,0,2,1kouv24,https://reddit.com/r/mechmarket/comments/1kouv24
1747492868,2025-05-17 14:41:08,[US-MO][H]Crush80 Reboot Pro (black) [W] PayPal,https://imgur.com/a/L9GqxJj  Crush80 Reboot Pro Kit (Black with black stone washed weight) - built with HMX Gravel and GMK Evil Dolch The Split (base + novelties + red accents) - $315 USD shipped  Comes with all the original accessories from the kit except the Kailh cocoa switches. I have used the keyboard like 2 or 3 times and otherwise it's in the carrying case to the side of my desk. There's no shine on the keycaps and the switches are factory lubed. The desk mat was on my desk beneath my mai,Jakebobber,0,2,1koukrm,https://reddit.com/r/mechmarket/comments/1koukrm
1747491931,2025-05-17 14:25:31,[US-NY][H] PayPal [W] Bauer lite atomic,Looking to grab one for a friend.   PM me if you have one!,KingKhan57,0,3,1kou8jp,https://reddit.com/r/mechmarket/comments/1kou8jp
1747489550,2025-05-17 13:45:50,[Neson Design x Zephyr Lab 60% MX-HHKB - Z1],[removed],NesonDesign,1,0,1kotdg2,https://reddit.com/r/mechmarket/comments/1kotdg2
1747488020,2025-05-17 13:20:20,"[US-RI] [H] Paypal [W] GMK Maroon base + alt alphas, Neo80 Navy w/ champagne bottom case","Looking to buy:  GMK Maroon Base + Alt Alphas (no shine, BNIB ideal but not required)  Neo80 Navy top case, champagne bottom case, tri-mode PCB, PC or POM plate, black stone washed weight, WK or WKL (very specific, I know)  Comment before PM; PM if interested or if you have questions",GalacticCumblast,1,4,1kosud8,https://reddit.com/r/mechmarket/comments/1kosud8
1747473229,2025-05-17 09:13:49,"[US-CA] [H] Matte Cerakey Alphas set, Barebones Acrylic 60% board, Cheap-ish switches (Akko Piano Pro, Akko Creamy Yellow), Various cheap keycap sets, Resin floral artisans [W] Paypal","[**TIMESTAMP**](https://imgur.com/a/vieKIaL)  Here's an updated post with some keyboard stuff I'm selling and what's currently available. Looking to downsize the keeb stuff I have since I've finally narrowed down my preferences. Feel free to comment/inbox me with any questions or requests for photos/videos.  **All prices are OBO.**   **Mainly want to ship to CONUS, can be talked into shipping further.** (I'm just mainly familiar with how to ship stuff domestically).   **Inbox only, no chats plea",Justines-Mic,1,4,1koortz,https://reddit.com/r/mechmarket/comments/1koortz
1747470055.0,2025-05-17 08:20:55,"[US-CA] [H] Keyboards , Keycaps, Artisan [W] PayPal","[TimeStamp](https://imgur.com/a/TOAg4cZ)  PM if interested or have any questions. open to offers. Comment before PM .  keycaps will be bag and boxed  Prices include shipping to conus only.  |Item|Condition|Description|Price| |:-|:-|:-|:-| || |Realforce r1 fullsize black|used|rusted plate, needs a good cleaning, all stock |$120| |mkc75 |new |tri mode pcb, lilac, gold alu weight, pc plate, extras accessories |$120| |mkc75|new |tri mode pcb, pc plate, milky white, black alu weight , extra accessori",Ok_Philosopher4444,1,1,1koo1cz,https://reddit.com/r/mechmarket/comments/1koo1cz
1747466167.0,2025-05-17 07:16:07,[US-CA] [H] Voice 65 Blurple [W] PayPal,"[Timestamp and album](https://imgur.com/a/LSxcPX4)    |ITEM|DESCRIPTION|PRICE| |:-|:-|:-| |Voice 65 Blurple Hotswap|I'm the second owner of this keyboard. Includes alu plate, pc plate, pcb foam, silicone dampener, additional gaskets, and 1 hotswap pcb. There are slight scratches on both plates from pulling out switches, and a small scratch on the underside of the case (picture of the scratch is circled and included in the album). Would prefer to sell keyboard as is with switches (Gat Inks v2 L+F",Tehcalvin,1,4,1kon3zh,https://reddit.com/r/mechmarket/comments/1kon3zh
1747465450.0,2025-05-17 07:04:10,[Artisan] Lolita Tibetan Mictlan,"Hello everyone  Team Creasi proudly presents Lolita Tibetan with Mictlan colorway.  We hope you’ll enjoy this colorway and don’t miss out!  [\&gt;&gt;Review&lt;&lt;](https://ibb.co/6cVjB4TL)  [\&gt;&gt;Raffle Form&lt;&lt;](https://www.creasikey.com/event)  ***Information***   Name: Lolita Tibetan   Type: Multishot casting   Colorway: Mictlan   Stem: Cherry MX   Size: width/length \~18mm, height\~17mm   UV Effect: &gt;&gt;YES&lt;&lt;   Quantity: 10 keycaps  Price: 100 USD/ Keycap  SHIPPING   Choo",CreasiWorkshop,1,0,1komxtk,https://reddit.com/r/mechmarket/comments/1komxtk
1747463914.0,2025-05-17 06:38:34,[IC] Flint65,"Hello! I’m excited to share some of the work I’ve been doing on a keyboard I’m designing. Introducing Flint65, my first attempt at anything keyboard-related. The keyboard's unique charm shines through its side profile, where a subtle rounding curve creates an inviting and distinctive look. It's this elegant design feature that sets it apart from the rest!  **Render Gallery** : [https://imgur.com/a/ouQusWB](https://imgur.com/a/ouQusWB)  **Geekhack IC Thread** : [https://geekhack.org/index.php?top",KestreL_991,1,1,1komjyj,https://reddit.com/r/mechmarket/comments/1komjyj
1747462338,2025-05-17 06:12:18,"[US-WA] [H] Mr. Suit 80, Mammoth 75, CIDOO V65 V2 [W] Paypal","Hi mm,  [Timestamp/Album](https://imgur.com/a/5YhY7mY)  I have following items for sale:  - Mr. Suit 80 R1, WK Blue, PC plate, FR4 plate and Hotswap PCB, comes with stabs lubed, no switches or keycaps, great condition  **$375 shipped** - Mammoth 75 R1, E-white / Alu Sandblasted / M1 (Hotswap PCB), comes with stabs lubed, no switches or keycaps, lightly used **$330 shipped** - EPOMAKER CIDOO V65 V2 Wireless/Wired Mechanical Keyboard, 65% Hot Swappable Gasket Mount, with VIA Programmable Software,",Joyfal,1,2,1kom60o,https://reddit.com/r/mechmarket/comments/1kom60o
1747461387,2025-05-17 05:56:27,"[US-WA][H] Paypal [W] Baionlenja Gehirn, DN Works Ogre",Any colorway is fine. Let me know your offers. Thanks,_0ZYMANDIAZ_,1,2,1kolxbs,https://reddit.com/r/mechmarket/comments/1kolxbs
1747461102,2025-05-17 05:51:42,"[US-NE] [H] PayPal [W] Tofu60, DZ60RGB ANSI",Have a Tofu60 where my USB is going out. Looking to get a new board but will buy whole keyboard if needed. Highly prefer the hotswap version. I am unsure in the Redux board would fit my brass plate. My absolute favorite keyboard so really hoping someone can come through!,iHusk,1,3,1koluna,https://reddit.com/r/mechmarket/comments/1koluna
1747460786,2025-05-17 05:46:26,"[US] [H] PayPal [W] Tofu60, DZ60RGB ANSI",Have a Tofu60 where my USB is going out. Looking to get a new board but will buy whole keyboard if needed. Highly prefer the hotswap version. I am unsure in the Redux board would fit my brass plate. My absolute favorite keyboard so really hoping someone can come through! ,iHusk,1,3,1kolrns,https://reddit.com/r/mechmarket/comments/1kolrns
1747460070,2025-05-17 05:34:30,"[AU][H] Iron 180, Rama U80, Alpine65, Hive60, Lots of KAT, GMK Keysets and Deskmats [W] Paypal","[Timestamp](https://imgur.com/a/UVjIRrU)  Selling of the last of my spare keyboards and keysets, everything is in unused condition, all sets are brand new still wrapped in plastic  Prices are in USD and shipping is normally about $15-20 USD depending on weight, PM me for an accurate shipping quote. Happy to do deals on multiple sets, more sets = better price  |Set|Item|Price| |:-|:-|:-| |Alpine65|Lilac Switches, KAT Mizu|250| |Rama U80 Seq 2|SOYA, unbuilt, [Album1](https://imgur.com/a/IhqdMCM),[",techjun,5,2,1koll7p,https://reddit.com/r/mechmarket/comments/1koll7p
1747453699,2025-05-17 03:48:19,[US-CA] [H] Keyboards and GMK Keycaps [W] Paypal,"[Timestamps](https://imgur.com/a/qgB930u)  **Keyboards**  * Owlab Suit R2 WKL / Babypowder Grey. Brand new, flawless, unbuild. **$700 shipped**    * ANSI POM Plate    * ANSI FR4 Plate    * ANSI Solder PCB + Poron Plate Foam + PE Sheet    * ANSI Hotswap PCB + Poron Plate Foam + PE Sheet + Stand-offs Set    * Silver personal keycaps, box and all accessories. * Geon F1-8X 722 with Black Wrist Rest **$700 shipped**    * Geon F1-8X 722 black, BNIB A stock, come with black aluminum plate, and all acce",Ok_Spread4477,0,10,1koju7o,https://reddit.com/r/mechmarket/comments/1koju7o
1747453426,2025-05-17 03:43:46,"[Bulk] Lubed switches, stabs, lubricant","[Timestamps](https://imgur.com/a/VLaALKz)  Cleanup my mech stock.  **1. Lubricants**  |Lube|Description|Quantity|Price| |:-|:-|:-|:-| |Krytox 205g0|50g per jar|10|$40| |Krytox XHT-BDZ|20g per jar|10|$40| |Krytox XHT-BDZ|50g per jar|5|$80|  **2. Stock Switch**  |Switch|Description|Price(90+ switches, free shipping, otherwise $5 ship cost CONUS)| |:-|:-|:-| |**Prevail Epsilon Linear**|New|$0.50 per switch| |**Durock POM Piano Linear**|New|$0.50 per switch.|  **3. Lubed Linear switch**  |Switch|Des",Ok_Spread4477,0,2,1kojre1,https://reddit.com/r/mechmarket/comments/1kojre1
1747451377,2025-05-17 03:09:37,"[US-MI] [H] GMK Deep Navy, GMK Striker R2, Ikki68 Aurora R1 Smoke [W] Paypal","[TIMESTAMP](https://imgur.com/a/gmk-timestamps-s1gkyD8)  Item|Description|Price|Status :--|:--|:--|:-- GMK Deep Navy|Base + Spacebars - Used / some shine - original box|$100|Available GMK Striker R2|Base - Lightly used / the lightest start of shine - original box|$100|Available [Ikki68 Aurora R1 - Smoke](https://imgur.com/a/ikki68-aurora-r1-TeaT1Rt)|All original parts, alu plate, PC plate, internal brass weight|$100|Available",yayitsrobby,0,2,1koj5cn,https://reddit.com/r/mechmarket/comments/1koj5cn
1747449174.0,2025-05-17 02:32:54,"[US-TX] [H] Kohaku BRG, Owlab Spring Clone Frost PC, Bauer Lite Ghost",[removed],Zealousideal_Pool577,1,0,1koihrx,https://reddit.com/r/mechmarket/comments/1koihrx
1747447883,2025-05-17 02:11:23,"[US-CA] [H] MW Barista Keycaps (Base, Novs) [W] Paypal","[Updated Timestamp](https://imgur.com/a/8UCtly1)  [MW Barista (Base, Novs)](https://imgur.com/a/UIfRsnp) These have seen some moderate use. Not shined or anything, but I have used them on a main desk board.   No issues otherwise, still in excellent condition.  $85 shipped.",MangoIceCream381,2,2,1koi3j7,https://reddit.com/r/mechmarket/comments/1koi3j7
1747447220.0,2025-05-17 02:00:20,[US-TX] [H] PayPal W] Plastic default Wooting case,"Searching for plastic default Wooting case, let me know if you got one for sale, prefer one that is barely used, send me an offer after commenting, thank you",devyina,1,1,1kohw8q,https://reddit.com/r/mechmarket/comments/1kohw8q
1747446219,2025-05-17 01:43:39,[US-MI] [H] KBD Tofu60 Redux [W] PayPal or Trade for 65 Board / Keycaps,"Hi All, I have essentially a brand new keyboard--ordered a 60 for my wife before learning physical arrow keys are essential for engineers. Looking to sell this for $85 no caps or switches, or $130 with the caps (before shipping).  **TIMESTAMP:** [https://imgur.com/a/1RVQFzM](https://imgur.com/a/1RVQFzM)  [https://kbdfans.com/products/ready-to-use-tofu-redux-with-pbtfans-count-dracula?variant=42737912578187](https://kbdfans.com/products/ready-to-use-tofu-redux-with-pbtfans-count-dracula?variant=4",Lookpolaris,0,2,1kohlgw,https://reddit.com/r/mechmarket/comments/1kohlgw
1747445175,2025-05-17 01:26:15,"[Bulk] Lubed switches, stabs, lubricant, GMK and Keyboards",[removed],Ok_Spread4477,1,9,1koh9rn,https://reddit.com/r/mechmarket/comments/1koh9rn
1747444276,2025-05-17 01:11:16,[Store] IKASAYA | Lubed & Filmed Switches | Stock Switches | Accessories,"Hi everyone!  Switch orders with **150+** switches of hand lubed/filmed gets **5% off** at checkout!  All order over **$100.00** in value will receive **free shipping** within CONUS.  We're always looking to expand our catalog and offer more choices to our customers. If you have any suggestions for new switches you'd like to see us carry, please let us know! We'd be thrilled to offer a wider range of selections.  [Visit our website to order!](https://ikasaya.com/collections/all)  Our current sel",PamperSpammehs,1,1,1kogzop,https://reddit.com/r/mechmarket/comments/1kogzop
1747444181.0,2025-05-17 01:09:41,[US-KS] [H] Custom Wooting 60HE [W] Paypal,"[Timestamp](https://imgur.com/a/physicalmobile-wooting-oIjnE4Z)  **Wooting 60HE - $150**  Has Lekker L45s but the spacebar is the standard L60 (both fully hand lubed), Wooden 60% case, Custom Cut POM Plate, Full Foam and Tape Mod, Comes with full Hangul Alphas and Modifiers from KAT Monochrome. Feels and sounds great.",Physical-Mobile-2818,1,1,1kogyl2,https://reddit.com/r/mechmarket/comments/1kogyl2
1747443745,2025-05-17 01:02:25,"[US-TX] [H] PayPal, Local Cash [W] Wireless Split Ergo Keyboard (Corne, Lily, etc)","Looking for a wireless, split ergonomic keyboard with a minimum of 36 keys. A built-in touchpad is a significant plus. I'm open to exploring both low-profile and standard key switch options. Located in Austin, Texas, and would prefer to complete the transaction in person. Flexibility on aesthetics – keycaps are optional, and I'm not particular about case color or overall color scheme. In fact, I'd be happy to consider purchasing the keyboard without keycaps for a discount.",djrivluc,1,4,1kogtqb,https://reddit.com/r/mechmarket/comments/1kogtqb
1747441961,2025-05-17 00:32:41,"[US-NY] [H] Wooting 80HE Zinc Alloy Case, NK65 [W] Paypal","https://imgur.com/a/afnTsJm  Looking for $260 shipped, including all original accessories and keycaps  NK65 Black Aluminum Edition with Gateron KS-9 Pro switches - $80 Shipped",adrunkbunny,0,2,1kog98k,https://reddit.com/r/mechmarket/comments/1kog98k
1747441753,2025-05-17 00:29:13,"[US-CA] [H] JJW Play Trays, GMK (Agent, Nuke Data, Laser, WoB, Hineybeige, Rainy Day, Pink on Navy, Red Samurai) Novs (Dracula, Mictlan, Dragon), Key Kobo (Darling, Retro Mixed LIghts, Giga Chad/Child), RAMA/HIBIs & more [W] PayPal, Ori CLS 3 // 60 FE","[Timestamp](https://imgur.com/a/o8CDP3Y)  Shipping to CONUS only for these items. Please comment and send PM / chat ([link](https://www.reddit.com/message/compose/?to=deanamtronix))  Looking to buy Ori CLS 3 // 60 OG Founder's Edition (I have a black badge edition available for swap + cash ([pics](https://imgur.com/a/M9nH5Rz)  Keycaps, RAMAs and switches ask price before shipping - typically $5-10 depending on distance. Can combine and discount shipping for bundles.  |MX Keycaps|Ask Price|Condit",deanamtronix,2,13,1kog6wr,https://reddit.com/r/mechmarket/comments/1kog6wr
1747440656,2025-05-17 00:10:56,"[US-CA] [H] Royal Kludge RK68, Monka Alice67 Pro Milk Tea, Molly60 HHBK Paris Pink, Chilkey Paw65 Dark Blush,  [W] PayPal","Looking to sell some keyboards!  [https://imgur.com/a/FlDwIsQ](https://imgur.com/a/FlDwIsQ)  **Royal Kludge RK68 - $35**  **Monka Alice67 Pro Milk Tea - $85**  * tri-mode flex cut hotswap PCB  **Molly60 HHBK Paris Pink - $85**  * built with ALU plate, gold weight  **Chilkey Paw65 Dark Blush - $80**  * pre-built BNIB, tri-mode non-flex cut, pink lotus linear switches  CONUS shipping included in prices or open to meetup! local to Bay Area.",darest1988,0,2,1kofu4s,https://reddit.com/r/mechmarket/comments/1kofu4s
1747439487,2025-05-16 23:51:27,"[US-WA] [H] PayPal [W] GMK sets Masterpiece, Regal, Alter Redux","WTB:  GMK Masterpiece Base + West kit, getting both kits together highly preferred  GMK Regal Base + Novelties  GMK Alter Redux Novelties or bundle with base+noveltiess    Please leave a comment and send a PM with offer!",Wulf_Zero,1,2,1kofg7u,https://reddit.com/r/mechmarket/comments/1kofg7u
1747438872,2025-05-16 23:41:12,[EU-LU] [H] Paypal G&S [W] Wooting 80he,"Without the zinc alloy, unless it's the white variant.",Just-Pick-3014,1,3,1kof8sr,https://reddit.com/r/mechmarket/comments/1kof8sr
1747438516,2025-05-16 23:35:16,"[US-IL][H] Wooting 60 HE+, Razer Huntsman V3 Pro Mini Analog Keyboard [W] PayPal, Local Cash","Hi everyone, got a couple things to sell.  Local is 61820  Wooting: Bought December 2024 and used daily until April. In perfect condition, has all accessories. Asking for $150 shipped. [Timestamp](https://imgur.com/VL9bb81)  Razer: Bought March 2024 and used for a few days. Basically brand new, but missed the return window. Asking for $140 shipped. [Timestamp](https://imgur.com/Z91SJqO)  All prices are negotiable! Please comment and dm!",brianhung02,1,3,1kof4ki,https://reddit.com/r/mechmarket/comments/1kof4ki
1747436434,2025-05-16 23:00:34,"[US-TX] [H] GMK Keycaps, PBTfans Deep Sea Predator, other keycaps, Promise 87 WKL Silver [W] Paypal, GMK Keycaps, KKB Cherries Base and Alphas","Timestamp:  [https://imgur.com/a/w8T2jUi](https://imgur.com/a/w8T2jUi)  Hello, selling some things I don't use  Keycaps:  |Item|Description|Condition|Price| |:-|:-|:-|:-| |GMK Fuji|Katakana Base|BNIB|$110 Shipped| |GMK Watermelon|Base|BNIB|$150 Shipped| |PBTfans Deep Sea Predator|Hoshoku Base|Light use, little to no shine|$110 Shipped| |ePBT Dreamscape|Base Kit + Spacebars|BNIB|$110 Shipped| |Angry Miao Glacier|Clear with Neon Green Legends|Light to no use|$65 Shipped| |DROP MT3 WOB and Fairlane",Upbeat-Ad-1887,0,2,1koeeh8,https://reddit.com/r/mechmarket/comments/1koeeh8
1747436028,2025-05-16 22:53:48,"[US-WA] [H] Discounted GMK, Osume keycaps, Gem 80, Jelly key artisans [W] Paypal, F1-8X v2 Silver/Grey, Gmk Kaiju, Zooted, Cysm artisans",[Timestamp](https://imgur.com/a/6O0eKdw)  **Hi everyone!**  All the keycaps and keyboards in this list are either brand new (unopened) or used once and returned to their original manufacturer packaging!  A few quick notes:  * **Please comment before sending a chat request** * **CONUS shipping is free** for above $100 * **Discounts and Offers**    * BUY 1 Keyboard get a keycap from Set A for 10% off or from Set B for 25% off    * Buy 1 from Set A get 1 for 25% off from Set B    * the 25% off on S,Altruistic_Sir,0,9,1koe9g8,https://reddit.com/r/mechmarket/comments/1koe9g8
1747433868,2025-05-16 22:17:48,"[US-NC] [H] 2 Complete Keyboards [W] PayPal , Local Cash","Timestamp : [https://imgur.com/a/hIZnCYt](https://imgur.com/a/hIZnCYt)  Want to state I havent been in the market of keyboards for a while and cant find alot of posts about these so if my pricing is off please let me know and I will adjust but im just going off what I could find from the few posts that are out there.   Both boards are limited Paragon series Drop / GMK Collabs, Both will come with the respective Drop Keycap / Switch pullers and the basic cable, The Shogun also comes with a Soft c",JehttyG,0,2,1kodhdt,https://reddit.com/r/mechmarket/comments/1kodhdt
1747433748,2025-05-16 22:15:48,[US-GA] [H] Paypal [W] GT-80 Case,Please comment and pm afterwards.  Gt-80 case for wooting 80he,epicosuplayer99,1,4,1kodfs2,https://reddit.com/r/mechmarket/comments/1kodfs2
1747433612,2025-05-16 22:13:32,[USA-GA] [H] Paypal [W] GT-80 Case,Looking for GT-80 case exclusively. Wooting 80he compatible,epicosuplayer99,1,3,1koddyb,https://reddit.com/r/mechmarket/comments/1koddyb
1747433532,2025-05-16 22:12:12,[US-MA] [H] GMK Delta R2 Light Base + Novelties BNIB [W] PayPal,Have GMK Delta R2 Light Base + Novelties that I am looking to sell together for 200$ shipped. They are Brand New Sealed.  Picture: https://imgur.com/a/oGvwO5E,xelafred3987,0,2,1kodcvp,https://reddit.com/r/mechmarket/comments/1kodcvp
1747433508,2025-05-16 22:11:48,[US-FL] [H] Paypal G&S [W] Salvation Case Only,Looking for a Salvation case in black or silver with very minor to no scratches. Willing to buy for $100 USD.   Please comment before pm.,DatBoiZz,1,2,1kodckq,https://reddit.com/r/mechmarket/comments/1kodckq
1747433056.0,2025-05-16 22:04:16,[US-FL] [H] HHKB Professional 2 [W] Paypal,"[Timestamp](https://postimg.cc/fkSrvcCP), [Side 1](https://postimg.cc/WFx8FyJ7), [Side 2](https://postimg.cc/qNpL3ygW), [Back](https://postimg.cc/xqSt2wn0)  |Item|Price|Available| |:-|:-|:-| |HHKB Professional 2 (Beige, with Hasu micro-b controller)|$185 shipped|Yes|  **Notes**  * HHKB manufactured in 2018 * Keycaps in good condition, some shine on the spacebar (see photos) * Hasu controller makes the HHKB VIA compatible * original controller included as well * 3D Printed Black USB Port Covers i",UrPokemon,1,2,1kod6qs,https://reddit.com/r/mechmarket/comments/1kod6qs
1747432803,2025-05-16 22:00:03,[US-CA][H] GMK Teradrive [W] PayPal,Timestamp - https://imgur.com/a/JAhFhdf   Gmk teradrive - no shine or texture loss barely used.   100 shipped   Comment before pm. Thanks!,EducationNo4022,1,4,1kod366,https://reddit.com/r/mechmarket/comments/1kod366
1747431758.0,2025-05-16 21:42:38,"[US-NJ][H] BNIB PBTFans WoB, Vertex Angle TKL-WKL, QK65 r1, SMKeyboards stacked Acrylic TKL-WKL, ePBT K.uro/Shiro r1, GMK Dracula Nightcore, ArtKey x GMK Panels Mondrian Ursa MkX [W] PayPal",[Timestamps](https://imgur.com/a/N5mths0)  Howdy yall. Have some stuff thats been sitting.  Message me with offers - prices are not firm unless stated so! Shipping domestically but if you're not in NA dont be afraid to reach out.  * **Keycaps**    * *ePBT Kuro/Shiro R2 -* ***$55***       * all in one i think this should fit most boards up to tkl maybe even full sized (ill have to check)       * warping on 7u spacebar otherwise good condition    * *KBDFans PBTFans WoB (White on Black)* \- **$45 s,inthemix1i,1,1,1kocpdg,https://reddit.com/r/mechmarket/comments/1kocpdg
1747431548.0,2025-05-16 21:39:08,"[H] NEW PBTFans WoB, Vertex Angle TKL-WKL, QK65 r1, SMKeyboards stacked Acrylic TKL-WKL, ePBT Kuro/Shiro r1, GMK Dracula Nightcore, ArtKey x GMK Panels Mondrian Ursa MkX [W] PayPal",[Timestamps](https://imgur.com/a/N5mths0)  Howdy yall. Have some stuff thats been sitting.  Message me with offers - prices are not firm unless stated so! Shipping domestically but if you're not in NA dont be afraid to reach out.  * **Keycaps**    * *ePBT Kuro/Shiro R2 -* ***$55 shipped***       * all in one i think this should fit most boards up to tkl maybe even full sized (ill have to check)       * warping on 7u spacebar otherwise good condition    * *KBDFans PBTFans WoB (White on Black)* \-,inthemix1i,1,1,1kocmhz,https://reddit.com/r/mechmarket/comments/1kocmhz
1747430477,2025-05-16 21:21:17,[US-CA] [H] Leviatan w/plateless mx blacks [W] Paypal,"[Timestamp](https://imgur.com/a/Qxhjt4w)  310 shipped CONUS OBO  Beige WK  Built plateless with broken in hyperglide blacks (Lubed with Ghv4 on stem, 60g TX L springs, filmed)  PM not chat.  Thanks for looking!",daeyul00,1,3,1koc7un,https://reddit.com/r/mechmarket/comments/1koc7un
1747430212,2025-05-16 21:16:52,[US-GA] [H] PayPal [W] GT-80 Case,Looking exclusively for GT-80 case for Wooting 80he,Ok_Application5685,1,3,1koc46n,https://reddit.com/r/mechmarket/comments/1koc46n
1747430154,2025-05-16 21:15:54,"[GB] Phidias 1800 – Limited Polycarbonate Group Buy (10 Units Total, 3 spots left)","Hey everyone, It’s been a long time since the original Phidias ran, and as many of you know, we didn’t hit the MOQ back then. Since then, a number of people have reached out asking if I’d ever bring it back. At first, I didn’t think I would—especially with how things are in the hobby right now—but after giving it some serious thought, I’ve decided to run a limited group buy of **10 units** for the polycarbonate Phidias 1800.  There are only **3 spots left**, and the price is $950 USD per unit.  ",bruno_sanp,0,3,1koc3f5,https://reddit.com/r/mechmarket/comments/1koc3f5
1747429928,2025-05-16 21:12:08,"[GB] Phidias 1800 – Limited Polycarbonate Group Buy (10 Units Total, 3 spots left)",[deleted],[deleted],1,1,1koc0a9,https://reddit.com/r/mechmarket/comments/1koc0a9
1747429726,2025-05-16 21:08:46,[US-NY] [H] Black SAKA68 w/ Lubed Healios V2 + Extra Solder PCB & Extra Hotswap PCB + Extra Carbon Fiber Plate [W] Paypal or Venmo,[removed],PetLobster_,1,0,1kobxep,https://reddit.com/r/mechmarket/comments/1kobxep
1747429023.0,2025-05-16 20:57:03,"[US-MI] [H] PayPal [W] Neo80 Black WKL, Inkwell Deskmats, GMK WoB Essentials Extensions, GMK WoB Essentials Dark RGB",Looking for these in new/like new condition,Scytul,1,2,1kobn88,https://reddit.com/r/mechmarket/comments/1kobn88
1747428868,2025-05-16 20:54:28,"[US-ID] [H] Keychron K12, 8bitdo xbox edition [W] Paypal","[Timestamp](https://postimg.cc/3kZpTG3H)  xbox keyboard is unopened and sealed.  [one](https://postimg.cc/McKBKGGf)  [two](https://postimg.cc/LqC1qMqC)     The K12 is about a year old, but barely used. I decided I needed a full size.   The specific model is K21C1, aluminum frame, full rgb, non hot swap. ",orntar,4,2,1kobl4j,https://reddit.com/r/mechmarket/comments/1kobl4j
1747428762,2025-05-16 20:52:42,[IC] GMK MTNU Welles,"# GMK MTNU Welles  # Inspiration  This comes from Mr Orson Welles, who played a significant role in developing the genre as both a director and actor. This set, previously run in the SA profile, benefits from some of the quality-of-life benefits that GMK MTNU offers, like a lower profile, while retaining the legend placement of SA, which, in my opinion, fits the theme much better. Given this inspiration, this set is designed to invoke the genre through its color selection and the imagery used in",Chicago_to_Japan,10,1,1kobjnx,https://reddit.com/r/mechmarket/comments/1kobjnx
1747428422.0,2025-05-16 20:47:02,[US-CA] [H] Not From Sam S46 Wireless Kit [W] PayPal or M9N + PayPal,[\-\~- Timestamp -\~-](https://imgur.com/a/2mSvawT),Ok-Owl-7849,1,2,1kober0,https://reddit.com/r/mechmarket/comments/1kober0
1747427704,2025-05-16 20:35:04,"[TW][H] Laminar Boomerang、Bias DE、Neo ergo、GMK blue alert, stealth、Mx blacks, browns, oranges [W] PayPal","[timestamp](https://imgur.com/a/mViz89q)  **Laminar Boomerang silver $410+shipping** - sandblasted copper weight - hotswap pcb, cf and custom Alu plate - keycaps and switches not included  **Bias DE Namtso colorway $485 shipped** - solder pcb and Alu plate  **Neo ergo champagne $150 shipped** - wired hotswap pcb, pp, pc plate - keycaps and switches not included  **keycaps & switches** - GMK blue alert base+stripes **$190 shipped** - GMK stealth base **$160 shipped** - desoldered mx2a oranges lfs",OkRecording6032,2,2,1kob4vx,https://reddit.com/r/mechmarket/comments/1kob4vx
1747426914,2025-05-16 20:21:54,"[CA-ON] [H] Matrix 8xv3.3 McFlurry and Bluetooth RGB PCB [W] PayPal, Local Cash","[**Timestamp**](https://imgur.com/a/Mn5gSPg)  USD prices include PP fees and shipping to US/CA, and CAD prices in parentheses are only for local pickup in Markham.  **Prices are firm - I'm not open to offers.** Sales only, no trades. Please post here before sending a PM.  **Matrix 8xv3.3 McFlurry** **- $570** (C$715 if local)  * Factory sealed. Small WKL, mirror PVD, flex cut plate  [**Matrix 8xv3.3 Bluetooth RGB PCB Bundle**](https://imgur.com/a/XUtxvIN) **- $90 w/o batteries or $100 w/ batteri",Buildingway,2,2,1koatpu,https://reddit.com/r/mechmarket/comments/1koatpu
1747425772,2025-05-16 20:02:52,[EU-PL] [H] PayPal [W] GMK Redacted,Can be used or new!,RoofusK,1,2,1koadgg,https://reddit.com/r/mechmarket/comments/1koadgg
1747425158,2025-05-16 19:52:38,"[EU-IT] [H] Keychron Q6 Max ANSI, Vertex V1, Cement Grey Japanese | PayPal","[Timestamp](https://imgur.com/a/5Rb6QW3)  **Keyboard**: Keychron Q6 Max ANSI, QMK VIA Compatible   **Switches**: Vertex V1 Hand-lubed w/ Krytox 205 G0   **Stabs**: TX AP w/ Krytox 205 G0 everywhere but numpad   **Keycaps**: KBDfans CEMENT GREY PBT dye-sub  **Price**: € 210 \~ $ 234 + shipping  I'll give priority to the EU buyers (I prefer to don't deal with customs), available also US.  **Payment method**: PayPal  Text me in private for any info",Dedalo703,1,3,1koa4n1,https://reddit.com/r/mechmarket/comments/1koa4n1
1747424391,2025-05-16 19:39:51,"[US-GA] [H] PayPal [W] Lilac Neo80, other lilac TKLs","Looking for a Lilac Neo80. Pref WK, but WKL is also okay. Also open offers of other lilac TKLs in the same price range.",Illusixn,0,3,1ko9tre,https://reddit.com/r/mechmarket/comments/1ko9tre
1747423611,2025-05-16 19:26:51,[US-HI] [H] PayPal [W] Mode x Mod Musings – White Oak Sonnet Accent,"Looking to purchase the collab White Oak accent, shipped to HNL, HI.",heyardough,0,2,1ko9izh,https://reddit.com/r/mechmarket/comments/1ko9izh
1747423611,2025-05-16 19:26:51,[US-HI] [H] PayPal [W] Mode x Mod Musings – White Oak Sonnet Accent,"Looking to purchase the collab White Oak accent, shipped to HNL, HI.",heyardough,0,2,1ko9izh,https://reddit.com/r/mechmarket/comments/1ko9izh
1747422963.0,2025-05-16 19:16:03,"[CA-ON] [H] PayPal, cash [W] TGR Jane v2, f1-8x, Nayeon, keycult, premium TKL built",[removed],TheOneAndOnlyBearMan,1,0,1ko99w1,https://reddit.com/r/mechmarket/comments/1ko99w1
1747422894,2025-05-16 19:14:54,"[US-KS] [H] Kailh Choc White x100, ChocFox CFX WoB and BoW keycaps [W] PayPal","[Timestamp](https://imgur.com/a/CBAHNos)  **(1)** Kailh Choc White, 100 switches, unused   **(2)** ChocFox CFX WoB (White on Black) Alpha, Ergo, and Extra keycap set for Choc switch - complete set, no missing caps   **(3)** ChocFox CFX BoW (Black on White) Alpha keycap set for Choc switch - complete set, no missing caps  All $125 shipped to CONUS. PayPal Goods & Services.",magicwhistle,4,2,1ko98wb,https://reddit.com/r/mechmarket/comments/1ko98wb
1747422782.0,2025-05-16 19:13:02,[US-NY] [H] Black SAKA68 w/ Lubed Healios V2 + Extra Solder PCB &amp; Extra Hotswap PCB + Extra Carbon Fiber Plate [W] Paypal/Venmo,[removed],petlobster6,1,0,1ko97a1,https://reddit.com/r/mechmarket/comments/1ko97a1
1747422310,2025-05-16 19:05:10,[US-TX] [H] Paypal [W] KOHAKU,[removed],AfraidCrow4139,1,0,1ko90ra,https://reddit.com/r/mechmarket/comments/1ko90ra
1747422211,2025-05-16 19:03:31,[Artisan] Gigantamax Gengar Keycap ✨ Keycapor,Gigantamax Gengar Keycap: [Images](https://imgur.com/a/kJ9xbXF)  Keycap sale: [link](https://keycapor.com/gigantamax-gengar-pokemon-keycap/)  Name: Gigantamax Gengar Keycap  Technique: Resin Cast  Material: Resin  **Price: $49 usd**  Keycapor website: [link](https://keycapor.com/)  ,Keycapor,1,1,1ko8zbz,https://reddit.com/r/mechmarket/comments/1ko8zbz
1747420962,2025-05-16 18:42:42,[US-TN] [H] PayPal [W] Shortcut Studio Bridge75 Keyboard,"Hello and good day, /r/mechmarket fam!  I'm looking for a **Shortcut Studio Bridge75 Keyboard**.  I would *prefer* it to be lightly used in **stock form** with original switches, foams, etc -- and if so, either switch (Princess Thock or SC Clack) is fine.  I'm also good with *any* model (Standard, Plus, Max) and color -- but preferences would be either the Plus or Max model in one of these colors: Silver, White, Retro White.  If you have a Bridge75 you are looking to shift, please comment below ",dilbertprogrammer,0,2,1ko8hcf,https://reddit.com/r/mechmarket/comments/1ko8hcf
1747418869.0,2025-05-16 18:07:49,[US-CA] [H] Not From Sam S46 Wireless Kit [W] PayPal or M9N + PayPal,[removed],Ok-Owl-7849,1,0,1ko7mxw,https://reddit.com/r/mechmarket/comments/1ko7mxw
1747416475,2025-05-16 17:27:55,"[CA-ON] [H] Custom Leopold FC660M (Black aluminium case, L&F&SS Cherry MX Tactile Greys, Polished GMK MoDo 2 keycaps) [W] PayPal","Timestamp (full album): [https://imgur.com/a/ir6HHQJ](https://imgur.com/a/ir6HHQJ)  **- \*\*INVOICE(S) WILL BE SENT IN CAD\*\***  **- \*\*All items include Canada-wide shipping. +USD$15/CAD$21 CONUS flat-rate UPS shipping, +shipping for international.\*\***  \----------------------------------------------------------------  **Custom Leopold FC660M:**  \- Black-anodised Aluminium case  \- Cherry MX Ergo Tactile Greys (L&F&SS, 3203, 105 oil, 22MM Dual-stage 55G springs)  \- Plate foam and PE foam ",PreviousDebate6953,2,6,1ko6n8z,https://reddit.com/r/mechmarket/comments/1ko6n8z
1747415606,2025-05-16 17:13:26,"[US-CA] [H] Neo80, Vortex Core, PayPal [W] PayPal, 65% keyboards"," [Timestamp](https://imgur.com/a/F2aebVn)  CONUS shipping included  |Keyboards|Details|Prices| |:-|:-|:-| |Neo80 - Navy|BNIB: ALU Plate, Trimode non flex PCB, Spray-coated golden weight |$180| |Vortex Core|soldered w kailh Box Jades. Have original box and keycaps. |$70|  Also interested in buying a 65%  Will consider offers ",botatomush,2,10,1ko6afh,https://reddit.com/r/mechmarket/comments/1ko6afh
1747413283,2025-05-16 16:34:43,[US-IL] [H] PayPal [W] ASUS ROG Strix SCAR 18,[removed],Druidrazor,1,1,1ko5c2w,https://reddit.com/r/mechmarket/comments/1ko5c2w
1747413114,2025-05-16 16:31:54,[US-IL] [H] PayPal [W]ASUS ROG Strix SCAR 18 G834JY-N6005W,[removed],Druidrazor,1,1,1ko59py,https://reddit.com/r/mechmarket/comments/1ko59py
1747412818,2025-05-16 16:26:58,[US-IL] [H] PayPal [W] ASUS ROG Strix SCAR 18 G834JY-N6005W,[removed],Druidrazor,1,1,1ko55az,https://reddit.com/r/mechmarket/comments/1ko55az
1747412657,2025-05-16 16:24:17,[USA-IL] [H] ASUS ROG Strix SCAR 18 G834JY-N6005W [W] PayPal / Local Cah,[removed],Druidrazor,1,3,1ko52z7,https://reddit.com/r/mechmarket/comments/1ko52z7
1747412053,2025-05-16 16:14:13,[US-NY][H] PayPal-Venmo [W] Bauer Lite in atomic purple,[removed],DistrictFantastic288,1,0,1ko4u8p,https://reddit.com/r/mechmarket/comments/1ko4u8p
1747411813,2025-05-16 16:10:13,"[US-SC] [H] Keyboards: Apollo80, Thermal+, Salvation, TGR Tomo, etc; Keycaps: GMK Bento R2, GMK Metropolis R2, etc; Deskmats [W] Paypal","[Timestamps](https://imgur.com/a/e85nir1)  I have an assortment of keyboards, keycaps, and deskmats for sale. Selling to continental US only (CONUS). Prices listed are without shipping. Comment below and them PM me with your zip code and the items you're interested in and I can get you a shipping price.  If you would like multiple items, I can do a bundle discount. If you have any questions comment below and then PM me.    Keyboards for sale:  |Keyboard|Details|Price| |:-|:-|:-| |Rama Works Ther",JCShumpert,4,18,1ko4qn7,https://reddit.com/r/mechmarket/comments/1ko4qn7
1747411781.0,2025-05-16 16:09:41,"[Artisan] Cosmic cats, stellar clicks🐱 🌌 (ACkeys: GalaxyCat keycaps)","GalaxyCat keycaps: [Images](https://imgur.com/a/GoZUIMz)!  Keycap sale: [link](https://www.ackeycaps.com/products/galaxycat-keycaps)   Purchase period: May 16th PST 06:00 - May 18th PST 06:00  Name: GalaxyCat keycaps  Series: Cat series  Quantity: Limited 30 pcs  Colors: GalaxyCat Stellar ver. / GalaxyCat Nebula ver.  Technique: Resin Cast  Material: Resin  Price: $55usd   Please Note!* Handmade keycaps are delicate art pieces, please use Keycap Pullers when removing keycap and handle with care ",Historical_Camp9458,1,1,1ko4q60,https://reddit.com/r/mechmarket/comments/1ko4q60
1747411417,2025-05-16 16:03:37,"[PH] [H] Artisan, NRD Nest [W] PayPal","Timestamp: [https://imgur.com/a/VbkUpEu](https://imgur.com/a/VbkUpEu)  Want to sell everything including NRD Nest for 230$ shipped  Some have box and some don't. PM for info.  Comment first before PM'ing, thanks!",LinkCOD,2,2,1ko4ks0,https://reddit.com/r/mechmarket/comments/1ko4ks0
1747411092,2025-05-16 15:58:12,"[US-CA] [H] phoenix45, used gmk keycaps, switches, artisans [W] paypal","conus shipping included in prices  [timestamp](https://imgur.com/a/HQca8u5)   **phoenix45 - $80**  * hhkb, black, millmaxed pcb, fr4 plate, case foam, no carrying case * case - dented bottom left corner    **keycaps (ship in bags, see timestamp for pics)**   **gmk minimal 2 - $60**  * base kit, light use  **gmk rudy- $60**  * base kit, some shine  **gmk kouhai - $60**  * base kit, some shine  **gmk oblivion v3.1 - $60**  * regular base, some shine  **gmk serika 2 - $70**  * base kit, light use  ",Mob-Psycho-99,1,3,1ko4fuz,https://reddit.com/r/mechmarket/comments/1ko4fuz
1747410778,2025-05-16 15:52:58,"[Store] Budget-Friendly Keyboards, Keycaps, Switches & More!","We’ve **slashed prices on tons of items by 25%!** 🥳   Whether you're just getting into the hobby or upgrading your dream board, **now’s the perfect time** to snag some top-tier gear at unbeatable prices.  🚀 **What’s Available**:  * 🏷️ **Keyboard**s – Starting from **30**€ * ⌨️ **Keycaps** – From just **5€/set** * 🔘 **Switche**s – As low as **0.10€/uni**t * 🖼️ **Deskmat**s – Starting at **3**€ * 🛠️ **Accessorie**s – Plates, PCBs, cases & more  🛒 **How It Works**:  1. Browse the full catalog 👉 [ht",BobFrezze,1,1,1ko4bbt,https://reddit.com/r/mechmarket/comments/1ko4bbt
1747409569,2025-05-16 15:32:49,[US-AZ] [H] paypal [W] Mode Lotus Keycaps (or other caps that might go with beige),"Looking for some keycaps to go with beige, found the mode lotus and I think they will go nicely! Open to other cap sets. Don't want to buy gmk or anything. Expensive, but it needs to be compatible with a 40% (https://en.zfrontier.com/products/in-stock-felice-by-better-club).  Thanks!",CoolPenguin42,4,4,1ko3td2,https://reddit.com/r/mechmarket/comments/1ko3td2
1747408855,2025-05-16 15:20:55,"[UK][H] Totem, Wireless + Hotswap [W] £110 + ship (free UK) PayPal G&S",\[Timestamps\](https://imgur.com/a/89XyOtR)  Fully assembled wireless bluetooth \[Geist Totem\](https://github.com/GEIGEIGEIST/TOTEM) build.  Includes:    \- Switches ✔️(choc pink)    \- Keycaps ✔️(white resin printed raised shown in timestamp or flat plastic caps also white)  Comment before PM,tomasmeneses,0,2,1ko3iz6,https://reddit.com/r/mechmarket/comments/1ko3iz6
1747408711,2025-05-16 15:18:31,"[H] Totem, Wireless + Hotswap [W] £110 + ship (free UK) PayPal G&S",\[Timestamps\](https://imgur.com/a/89XyOtR)  Fully assembled wireless bluetooth \[Geist Totem\](https://github.com/GEIGEIGEIST/TOTEM) build.      Includes:   \- Switches ✔️(choc pink)   \- Keycaps ✔️(white resin printed raised shown in timestamp or flat plastic caps also white)  Comment before PM,tomasmeneses,1,1,1ko3gu6,https://reddit.com/r/mechmarket/comments/1ko3gu6
1747408603,2025-05-16 15:16:43,"[US-DC] [H] Ai03 Meridian Bundle (custom cerakote), Bauer Light Internal Weight, PBT Fans X-Ray Base Kit, X-Ray USBC-USBC cable [W] PayPal","[Timestamp](https://imgur.com/a/meridian-bauer-weight-x-ray-stuff-1eq7yPK) | [Additional Photos](https://imgur.com/O9d7Fow)  Selling some stuff, prices include U.S. shipping.  \- Ai03/PrimeKB Meridian— this is in a custom cerakote finish (blue/gray and brass). Includes wrist rest, carrying case, 1 soldered PCB built with Alu Plate and L&F Gateron Oil Kings, 1 PCB w/ mill-max sockets, 1 extra Alu plate, a white poly plate, a full set of stupid-fish plate/case foam. **$350**   \- Bauer Light Inter",0-Gravitas,1,9,1ko3f9e,https://reddit.com/r/mechmarket/comments/1ko3f9e
1747407551,2025-05-16 14:59:11,"[US-WA] [H] Matrix 2.0 add, GMK [W] PayPal","[Timestamp](https://imgur.com/a/Ef8CKmg)  **Add shipping, US only please. No trades.**  |Item|Description|Price| |:-|:-|:-| |[Matrix 8X V2.0 Additional](https://imgur.com/a/rFIP9v7) built|Coating White WKL, Alu plate, 2x PCB. Excellent condition. Original parts and packaging. Built with MX Blacks on alu (GHv4, Deskeys, 62g TX long). [Soundtest](https://vocaroo.com/1gvWWKN1BC0c) Does not include keycaps|$700, or $620 with 1 PCB| |GMK Rainy Day Hangul kit|Like new, no packaging|$30| |GMK Taro R2|B",husky_hawk,3,6,1ko2zpa,https://reddit.com/r/mechmarket/comments/1ko2zpa
1747404663,2025-05-16 14:11:03,[Artisan] Hollow artisan raffle sale by Symbio Keys,"It’s a battle of instincts.  ⚔️ Hel: Hollow - The haunted flame within.  🐾 Fenrir: Grim J - The clawed fury unleashed.  Let the strongest wield them.  Sale details  * Colorway: Hollow (HEL) & Grim J (FENRIR) * Supplies: 9 pcs/sculpt * Sale form: [https://forms.gle/rHcv7oXRxENsNHwM7](https://forms.gle/rHcv7oXRxENsNHwM7) * Gallery: [https://imgur.com/a/l53ouao](https://imgur.com/a/l53ouao) * This is a raffle sales, entry will not guarantee an invoice * You can win up to 2 caps! 1 cap per sculpt. *",symbiokeys,2,1,1ko1ua1,https://reddit.com/r/mechmarket/comments/1ko1ua1
1747402664.0,2025-05-16 13:37:44,[US-CA] [H] PayPal [W] J-02 WKL Standard Edition,[removed],SgtFinley96,1,3,1ko12gy,https://reddit.com/r/mechmarket/comments/1ko12gy
1747402664,2025-05-16 13:37:44,[US-CA] [H] PayPal [W] J-02 WKL Standard Edition,I am looking for the J-02 WKL standard edition with the brass pen rail and mid piece.,SgtFinley96,1,3,1ko12gy,https://reddit.com/r/mechmarket/comments/1ko12gy
1747402484.0,2025-05-16 13:34:44,[US-CA] [H] [PayPal] [W] J-02 WKL standard edition,I am looking for the J-02 WKL standard edition. This is the one with the brass pen rail and brass mid piece.,SgtFinley96,1,1,1ko0zxj,https://reddit.com/r/mechmarket/comments/1ko0zxj
1747401090.0,2025-05-16 13:11:30,"[US-NJ] [H] PBTfans Spark Light base, mods, space bars [W] Paypal","[Timestamp](https://drive.google.com/drive/folders/1UCZ-lbPeW_e9CKYG4EQWWLLYnaXJcjT7)  [PBTfans Spark Light](https://pbt.fans/products/pbtfans-spark-light) Base Kit, Mod Kit, Spacebar Kit  Barely used (mounted once) in perfect condition   Asking $70 shipped CONUS, discount for local meetup in northern NJ or lower Manhattan.",thizzle,1,1,1ko0hkt,https://reddit.com/r/mechmarket/comments/1ko0hkt
1747395608.0,2025-05-16 11:40:08,[US-PA] [H] PayPal [W] PBTfans BOG - Spacebar Kit,,TOrth83,1,1,1knyok2,https://reddit.com/r/mechmarket/comments/1knyok2
1747392188,2025-05-16 10:43:08,"[UK] [W] GMK Dracula macros, Topre Keycap sets [H] PayPal, Glorious GMMK2 w/ oil kings & generic Japanese keycaps",[removed],Double-Rub-5246,1,0,1knxpj0,https://reddit.com/r/mechmarket/comments/1knxpj0
1747384525,2025-05-16 08:35:25,[US-AZ] [H] Paypal [W] Zoom65 V2 PCB,"Looking to buy a Zoom 65 V2 pcb, honestly spilled beer on mine and fried it.  Case and switches are fine, was able to clean them but the pcb is a hard cya later alligator.  Local is AZ-85213, thanks!",AlwaysSniffGlue,3,2,1knvvlh,https://reddit.com/r/mechmarket/comments/1knvvlh
1747379432,2025-05-16 07:10:32,"[US-CA][H] Paypal. local cash [W] Dualshot Accents, GMK Minimal, Gazzew U4Tx","Hello all, looking for the following items in new or like-new condition. Please send me your offers  1) Dualshot Accents (just accents)  2) GMK Minimal  2) 70+ Gazzew U4Tx switches  I am also in Southern California (626) if you prefer local cash or pickup. Thank you!",RobotechLdv,2,3,1knuqgt,https://reddit.com/r/mechmarket/comments/1knuqgt
1747378858.0,2025-05-16 07:00:58,[IC] Flint65,[removed],KestreL_991,1,0,1knulf7,https://reddit.com/r/mechmarket/comments/1knulf7
1747377820,2025-05-16 06:43:40,"[US-MA][H] PC Hiney TKL One, Matrix Corsa, GMK Maroon, Klein Blue, Switches [W] Paypal","https://imgur.com/a/IpCYDaj  **KEYBOARDS (they do not include the keycaps pictured unless stated)**  **Black ano Matrix Corsa - $290**  *Hotswap PCB | Alu plate | Built with Gat oil kings*  **Blue PC Hiney One TKL- $395**  *1 desoldered PCB + 1 new solder pcb | Full Alu, Full PC. FR4 Half plate*   **KEYCAPS**  **GMK Maroon - $115** Base (like new)  **PBTFans Klein Blue - $80** Base (barely used)  **SWITCHES**  104x **Durock Cherry Blossoms**  *Lubed* - $30  90x **Gateron EF Dark one** - $15  89x",Valkurize,6,16,1knucfn,https://reddit.com/r/mechmarket/comments/1knucfn
1747377056,2025-05-16 06:30:56,[IC] Flint65,[removed],aumz-work,1,0,1knu5fp,https://reddit.com/r/mechmarket/comments/1knu5fp
1747374781,2025-05-16 05:53:01,"[US-CA] [H] GMK Haku, GMK Serika 2, GMK Bento R2, 2x GMK Parcel w/ novelties, 2x GMK Arch, 2x GMK 80082, GMK 80082 deskpad [W] PayPal",[timestamp](https://imgur.com/a/keycap-sell-DmfIxge)  Hello Mechmarket. Looking to sell some GMK kits as my hobbies have shifted to guitars and pedals again. Let me know if you have any questions. I haven't been up to date on these for a bit. So let me know if i'm way off here.   All are brand new sealed. All prices include shipping. i'll eat the paypal fees. If you're local to LA/San Diego let me know as well.    GMK Haku - $120 shipped  GMK Serika 2 - $110 shipped  GMK Bento R2 - $110 shipped ,Irhymeswithpie,1,6,1kntl1v,https://reddit.com/r/mechmarket/comments/1kntl1v
1747374476,2025-05-16 05:47:56,[US-TX] [H] PayPal [W] GMK CYL Hooty - Base,,A_Neko,3,3,1kntif8,https://reddit.com/r/mechmarket/comments/1kntif8
1747374464,2025-05-16 05:47:44,[US-CA] [H] Realforce 86u [W] Paypal CONUS,"[timestamp](https://i.imgur.com/ZKJzwos.jpeg)  Realforce 86u Ivory in really good condition. It's been sitting in my drawer for years, never really use it.  340 + shipping",muchoo,2,7,1kntib3,https://reddit.com/r/mechmarket/comments/1kntib3
1747373718,2025-05-16 05:35:18,"[US-NC] [H] PayPal G&S [W] gmk darling, Gmk darling novelties","I'm looking for GMK darling and novelties, maybe spacebars if the price is right. Please PM before messaging",Redux_XEN,3,4,1kntbnc,https://reddit.com/r/mechmarket/comments/1kntbnc
1747372293,2025-05-16 05:11:33,[US-CA] [H] Paypal [W] Venom HE TKL PCB Keyboard,"Hey! Looking for a keyboard with the Venom HE TKL PCB. It can be unbuilt but must have a metal case. I'm most interested in Cycle8's in either Pink, Black, White, or Silver, but I'm open to other kits and colors! PM me",Kiyocks,1,6,1knsyd1,https://reddit.com/r/mechmarket/comments/1knsyd1
1747372177,2025-05-16 05:09:37,[US-TX] [H] HHKB Professional Hybrid Snow Type-S & Ducky One 3 Matcha Full Size [W] Venmo,"Hola!  [https://imgur.com/a/Na6zkDz](https://imgur.com/a/Na6zkDz)  I'm selling the following:  1) HHKB Professional Hybrid Type-S Snow + Respective Carrying Case and Plastic Dust Cover - Price $250 + Shipping   \*\*I bought this keyboard during my trip in Japan last year. Unfortunately, working in finance, not having a numpad and relying on function keys makes it harder than a dedicated full size. Only used the board around 5 days before storing back in box. Original batteries and box included. ",tysmoosion,4,6,1knsx9a,https://reddit.com/r/mechmarket/comments/1knsx9a
1747366938,2025-05-16 03:42:18,[US-NC] [H] Paypal [W] GMK Mandolorian,Trying this again.  Looking to find a GMK Mandolorian Capset.    Please comment before sending PM,SmashSide_87,3,2,1knrf2b,https://reddit.com/r/mechmarket/comments/1knrf2b
1747366667,2025-05-16 03:37:47,[Artisan] ProjectKey - Green Oni/ Ronin (Raffle),"**PJK - Green Oni/ Ronin**  * [Keycap image](https://imgur.com/gallery/pjk-green-oni-ronin-mWArqmu) * [Google Form](https://forms.gle/b1ncFc77TMrf5vdK7)  ***RAFFLE TIMEFRAME:***  * 17 May, 2025 (SAT) 13:00am - 16:00pm GMT+8 (Hong Kong Time) * Form open for 3 hours * Raffle * Parcel will be sent 2 weeks after the raffle * [Current time in Hong Kong](https://time.is/Hong_Kong) * [Countdown Timer](https://www.timeanddate.com/countdown/generic?iso=20250517T13&p0=102&msg=PJK+-+GREEN+ONI%2F+RONIN+%28R",projectkey,4,7,1knrc36,https://reddit.com/r/mechmarket/comments/1knrc36
1747366611,2025-05-16 03:36:51,[US-NC] WTB GMK Mandolorian.,Comment here before sending PM      I read over the rules and I hope I set this up correctly.,SmashSide_87,1,2,1knrbh5,https://reddit.com/r/mechmarket/comments/1knrbh5
1747365734,2025-05-16 03:22:14,[Artisan] Craftkey Mr.Soma Throne Raffle Sale,"Hello my friend.   The Story Continues  A heavy silence filled the room after Oridus made his offer. Suddenly, Soma stepped forward, his voice low and steady:  ""You're the one who knows exactly why I left this place. You know what I’ve been searching for all this time. So you should also know I didn’t leave without reason.""  He raised his gaze to meet Oridus, his eyes clouded with doubt.  ""But if I stay here... will anyone even accept me anymore? I’ve broken nearly every law this station stands ",Craftkeycap,0,2,1knr1wj,https://reddit.com/r/mechmarket/comments/1knr1wj
1747364041.0,2025-05-16 02:54:01,[US-CA] [H] Paypal [W] Mode Sonnet Parts,Looking for copper bottom and accents. Let me know what you have :) Comment before Dming ,00raiser,1,1,1knqj7f,https://reddit.com/r/mechmarket/comments/1knqj7f
1747362428.0,2025-05-16 02:27:08,[US-NY] [H] PayPal [W] Norbauer NorbaForce Mark IV &amp; Palm Desert Desk Mat,Looking for a Norbaforce ready to go - let me know what color you have available   Also looking for norbauer caps and the desert desk mat   ( make a comment before chatting/ dm - Thank you!,01saleencobra,1,2,1knq1ag,https://reddit.com/r/mechmarket/comments/1knq1ag
1747362299,2025-05-16 02:24:59,[AU][H] MIRA SE [W] Paypal,"Timestamp: [https://imgur.com/a/1g742H5](https://imgur.com/a/1g742H5)  More pictures: [https://imgur.com/a/OJt1ed2](https://imgur.com/a/OJt1ed2)  MIra SE WKL, Blue top Gray bottom. SS weight. Pink alu plate + extra SS plate + PCB  Pink plate has some pretty bad clicky switches in them. but has Zeal stabs.   Asking $400 + Shipping. ( Heavy board )",RespectElves,2,2,1knpzty,https://reddit.com/r/mechmarket/comments/1knpzty
1747362236,2025-05-16 02:23:56,"[US-TX] [H] Aquamarine Built Mekanisk Tind w/ Extras and Carrying Case, CYSM Veri Peri Keyby, GMK Dots R2, GMK Serika R2, GMK Striker R2, Sealed GMK Mr. Sleeves New Sleeves, GMK Botanical R1 and RAMA bundle [W] PayPal","[Timestamp](https://imgur.com/a/jOqGP2y)  Preparing for a cross country move, need to downsize  **Happy to take offers, bundles preferred and can negotiate discounts, been out of the hobby for a while, so apologize if the pricing is off, all is under GB cost. All shipped prices are to CONUS only. Comment before PM.**  **Ultramarine Mekanisk Tind** \- Built with H1s lubed w/ 205g0 on alu, Deskeys films, Mekanisk stabs, and 65g TX springs, comes with extra PCB, CF plate, copper plate, and Mekanisk",MeatheadMed,2,6,1knpz4c,https://reddit.com/r/mechmarket/comments/1knpz4c
1747361641,2025-05-16 02:14:01,"[US-NC] [H] 2 Keyboards [W] PayPal , Local Cash","Timestamp : [https://imgur.com/a/hIZnCYt](https://imgur.com/a/hIZnCYt)  Both boards are limited Paragon series Drop / GMK Collabs, Both will come with the respective Drop Keycap / Switch pullers and the basic cable, The Shogun also comes with a Soft case as seen in the timestamp  Paragon Series Shogun / Holy Panda X Clear switches / GMK Red Samurai - 275 Shipped  Paragon Series Deep Dive /  Holy Panda X switches / GMK Belafonte - 325 Shipped ",JehttyG,1,3,1knpsj8,https://reddit.com/r/mechmarket/comments/1knpsj8
1747361501,2025-05-16 02:11:41,[US-CA] [H] PayPal [W] Osume YOTR Base + Novelty,"Wanting to buy a Osume YOTR Base + Novelty Set, happy to negotiate a price! Can do pickup if local to California LA area, Seattle, or Chicago. Please comment before PMing. Thank you everyone!",Narwhals41321,0,2,1knpqzb,https://reddit.com/r/mechmarket/comments/1knpqzb
1747360159,2025-05-16 01:49:19,"[US-NJ] [H] QK60 r2, Switches [W] PayPal, Arc60 Jasper WKL top","Timestamp: [https://imgur.com/a/mechmarket-DEzE0Qw](https://imgur.com/a/mechmarket-DEzE0Qw)  Comment before PM and no chats, please.  Shipping only in CONUS. Local is 08873  Built QK60 R2 WKL - $100 shipped  * Smokey top with black bottom and mirror dusk weight * Wireless tri-mode pcb with FR4 plate * Comes with original parts and case  Switches:   Durock Lavender Switches (x63) - $17 shipped in bag  Gateron Sylva Switches (x67) - $17 shipped in bag  Looking for:  Arc60 Jasper WKL top to trade w",androo001,1,6,1knpbuw,https://reddit.com/r/mechmarket/comments/1knpbuw
1747359434,2025-05-16 01:37:14,"[US-WI][H] PayPal [W] Boards, Switches","I am looking to purchase the following -  **Capy60**: WK heavily preferred, blizzard or linen colorway. HS PCB is a must. alu plate  **Neo65**: Cream/ retro-white, might consider white. Tri-mode PCB perferred. Alu plate, copper weight  **NK Cream+ Switches w/ Inserts:** 70x +  BNIB or LNIB would be ideal. Please include shipping in price. Comment before DM. Thank you all for your time!",katxbur,1,2,1knp3if,https://reddit.com/r/mechmarket/comments/1knp3if
1747358681,2025-05-16 01:24:41,"[EU-NL] [H] GMK Perestroika (light shine) [W] PayPal, local cash",Timestamp (https://imgur.com/a/P5JNbMR)  Mounted once and used for a week or so. Have been sitting in a closet for a while which has caused the packaging to get some damage/discoloration,Odol420,0,2,1knourl,https://reddit.com/r/mechmarket/comments/1knourl
1747358314.0,2025-05-16 01:18:34,"[US-NY] [H] 60x L+F NK Creams, 102x Cherry MX Vint/Vintage Blacks, GMK Zhuyin Shinethrough, GMK Thinkcaps RGB, OG Doubleshots, 72x Wuque Nylon MM Bottoms [W] Paypal","  || || |Item |Price|Description| |L+F NK Creams |25 shipped |60x L+F Creams, 1x BCP. Used for 5 years. Very smooth | |102x Vintage Cherry MX Blacks|100 shipped|Harvest out of a very nice wyse board. Zero dust, butter smooth | |GMK Zhuyin Shinethrough|35 shipped |Unused, but opened, will ship in bags| |GMK Thinkcaps RGB|55 shipped |Unused, but opened, will ship in bags| |OG Doubleshots |65 shipped |ISO-DE. Does come with the correct keys to do ANSI, but they are text mods not icons. Very nice se",prayfizze,1,1,1knoqhr,https://reddit.com/r/mechmarket/comments/1knoqhr
1747356722.0,2025-05-16 00:52:02,[Artisan] Unknown Keycaps part:four | Blood,"**""Blood"" | unknown keycaps part:four**  another beige with accent,    Red Alert (GMK P3 and Beige L9/U9)    with ""monster"" sculpt from unknown   here we go !   [HD Photos](https://imgur.com/a/unknown-keycaps-part-four-blood-Uqi7AU5)  **SALE FORMAT \*NEW** \- **RAFFLE**   \----- [GOOGLE FORM](https://forms.gle/2aR2wm8r28psgv5fA) \-----  * Form open for 24 hours - Limited units  * Up to 3 keycaps per winner * Limited number  * **Keycaps price are $75** * Payment method is Paypal Only * Payment wi",drjkusumo,1,0,1kno7vh,https://reddit.com/r/mechmarket/comments/1kno7vh
1747355025,2025-05-16 00:23:45,[US-CO] [H] Black & Gold Waves Keycult 2/65 [W] PayPal,"[Timestamp](https://imgur.com/a/EJScZXt)  [Other Photos](https://imgur.com/a/HJtAKvc) *Does not come with the Sodiecaps Artisan or my cat*   Selling my 2/65, hardly used, typed on for 15 minutes after building it. Originally raw, anodized to black topcase & midcase then gold bottom & gold plate. Original Keycult box + auth card are included.  Unfortunately, the board has some scuffs from the anodizer. They're not particularly noticeable during use and are documented [here](https://imgur.com/a/X0",KaiHG,0,3,1knnom5,https://reddit.com/r/mechmarket/comments/1knnom5
1747351483,2025-05-15 23:24:43,"[CA-ON] [H] 7V PVD Weight and Badge [W] Paypal, Cash","Hi there!  [Timestamp](https://imgur.com/a/7v-H9LwJMp)  7V PVD Weight and Badge - $190 USD shipped  Looking to sell these two items as a set. Currently only use the standard weight and badge, so these are in excellent conditions. No dings or easily identifiable scratches. Video included for your reference.  * Comes with feet pre-installed on weight * Comes with screws required for the badge  Price includes shipping, but PM if you want local pickup in Ottawa. Willing to ship internationally.  Ple",xuantuan,0,2,1knmi2d,https://reddit.com/r/mechmarket/comments/1knmi2d
1747350817,2025-05-15 23:13:37,"[US-WA][H] Zoom 75 TIGA coffee brown, Wuque Black Arowana Switches, WS Cafe, PBTFans Retro R4 base + accents [W] Paypal or local cash","Hello y’all, have the following on sale  ",RacingKingKong,1,9,1knm9ru,https://reddit.com/r/mechmarket/comments/1knm9ru
1747349993,2025-05-15 22:59:53,"[US-VA] [H] Bauer Lite First Edition, GMK Minimal, GMK Lazurite Base + White Accents, WS Jade Switches [W] PayPal","[Timestamp](https://imgur.com/a/FxHz1cB)  Sealed Bauer Lite First Edition 250/250 with the 65% GMK Minimal set it came with. $195 shipped CONUS  GMK Lazurite Base kit + White Accents. Opened, mounted once, put back. $130 shipped CONUS  x70 WS Jade Switches, stock. $20 shipped CONUS or $12 with any other purchase  I also have my first ever keyboard, Anne Pro 2 with mx reds that I want to give away for free for anyone who likes tinkering or has a little one that they'd like to give a keyboard to. ",4K4llDay,0,2,1knlzab,https://reddit.com/r/mechmarket/comments/1knlzab
1747349361.0,2025-05-15 22:49:21,[US-NY] [H] AngryMiao Relic 80 Chalk White w/ Keyreative Future Archeology Keycaps[W] Paypal,"[Timestamp](https://imgur.com/a/MEC77fS)  Have the TKL base kit for the AngryMiao Relic 80 keyboard. Hotswap board and comes with original everything. Used lightly, but flawless condition. Also comes with Keyreative's Future Archeology Keycaps.   Looking for $550 shipped paypal invoiced to CONUS.   Message me for any questions",Mewkai,1,2,1knlra5,https://reddit.com/r/mechmarket/comments/1knlra5
1747349361,2025-05-15 22:49:21,[US-NY] [H] AngryMiao Relic 80 Chalk White w/ Keyreative Future Archeology Keycaps[W] Paypal,"[Timestamp](https://imgur.com/a/MEC77fS)  Have the TKL base kit for the AngryMiao Relic 80 keyboard. Hotswap board and comes with original everything. Used lightly, but flawless condition. Also comes with Keyreative's Future Archeology Keycaps.   Looking for $550 shipped CONUS.   Message me for any questions",Mewkai,1,2,1knlra5,https://reddit.com/r/mechmarket/comments/1knlra5
1747346866.0,2025-05-15 22:07:46,[US-FL] [H] PayPal [W] MT3 9009 Numpad,Have not been able to find this anywhere.  If you have the set I’ll pay a premium for it used or new.,core627,1,2,1knkuzn,https://reddit.com/r/mechmarket/comments/1knkuzn
1747346644,2025-05-15 22:04:04,[US-FL] [H] PayPal $400 ~ $1000 [W] Anatomy,Lookin for Anatomy’s from goodbye caps. The $1000 mark applies only for Deadbeating heart and Cleva One.  I’m open to discussing prices for other colorways.   Feel free to PM me if you have something available. ,LoeweWee,2,2,1knks1q,https://reddit.com/r/mechmarket/comments/1knks1q
1747346405,2025-05-15 22:00:05,[US-FL] [H] PayPal $400 ~ $1000 [W] Anatomy,[removed],DefinitelyNotHic,1,0,1knkoqy,https://reddit.com/r/mechmarket/comments/1knkoqy
1747346068.0,2025-05-15 21:54:28,"[US-TX] [H] Built Iron165 R2 (Teal, Franken Cthulhu Switches, GMK Terror, Artisans) + Extras [W] PayPal","Hey everyone,   Selling my custom-built Smith &amp; Rune Iron165 R2 (Teal). Built with care, lightly used, and packed with premium components and extras. Also including some bonus switch-related items.  Price: **$325 (NA only)**  Pictures: [https://imgur.com/a/u1h5Xii](https://imgur.com/a/u1h5Xii)  PM, if additional images and Timestamp is needed  # Build Details:  * **Switches:** Franken Cthulhu    * Bottom: Gateron Ink Black V2    * Top: Gateron KS-3 Milky Yellow    * Stem: KNC Unga Bunga line",Empty-Mine6067,1,1,1knkk6i,https://reddit.com/r/mechmarket/comments/1knkk6i
1747345459.0,2025-05-15 21:44:19,"[UK] [H] Drop MT3 Operator, Weikav Lucky65V2, Lubed KTT Kang White V3 [W] Paypal","[Timestamp](https://imgur.com/a/Bl6eIPM)     Hey hey, clearing up some of my current items to make way for more builds to come, details are as follows:      |Item|Price|Description| |:-|:-|:-| |Drop MT3 Operator (Base Kit)|£90|Opened, perhaps 2 weeks of light use. Still in like new condition| |Weikav Lucky65V2|£60|Roughly 3 days of slight office use, comes with FR4 flex-cut plate, stock stabilisers and all the foams within it. Decided that I prefer other boards to this.| |Lubed KTT Kang White V3",slyshywhybye,1,2,1knkbsm,https://reddit.com/r/mechmarket/comments/1knkbsm
1747344256.0,2025-05-15 21:24:16,[US-NE] [H]PayPal [W] 60 or 65 board,Looking for an inexpensive 60% or 65% board ideally in the $100 range. Color not important ,Similar_Ad9840,1,1,1knjuih,https://reddit.com/r/mechmarket/comments/1knjuih
1747340974.0,2025-05-15 20:29:34,[US-PA] [H] PayPal [W] GMK Burgundy R1,Only looking for R1.   Please comment before PM. Thanks!,gunsnrosen,1,2,1knii94,https://reddit.com/r/mechmarket/comments/1knii94
1747340405.0,2025-05-15 20:20:05,"[US-CA] [H] PayPal [W] GMK Analog Dreams, KKB Darling (with novs), KKB Moon Rabbit (with novs)","Looking for the above, thanks!",riftpenguin_,1,1,1kni9w2,https://reddit.com/r/mechmarket/comments/1kni9w2
1747340146,2025-05-15 20:15:46,"[US-CA] [H] Keychron Q1 Keyboard, Gateron G Pro Red Switches [W] PayPal",Timestamp + tagged pics: https://imgur.com/a/iD7ChOL  —————————————————————  Keychron Q1 75% Keyboard   Gateron G Pro Red switches  Full Metal frame. Different from the cheaper V1 with plastic frame.   Perfect condition. Used a few times.   Comes with all accessories.   Bought for $230.   Asking $130 shipped or best offer ,Realbanie,0,5,1kni655,https://reddit.com/r/mechmarket/comments/1kni655
1747340062,2025-05-15 20:14:22,"[USA-CA] [H] Keychron Q1 Keyboard, Gateron G Pro Red Switches [W] PayPal",[removed],Realbanie,1,5,1kni4vq,https://reddit.com/r/mechmarket/comments/1kni4vq
1747339886.0,2025-05-15 20:11:26,"[H] PayPal [W] GMK Analog Dreams, KKB Darling, GMK 7U White Spacebar",Looking for the above keycaps.,riftpenguin_,1,0,1kni29a,https://reddit.com/r/mechmarket/comments/1kni29a
1747339814,2025-05-15 20:10:14,[US-LA] [H] Wind Studios Hola Mini(Numpad) and GMK Modern Materials [W] Paypal,Time stamp: https://imgur.com/a/VRNDNkT  Hola Mini in E Retro White Kailh Midnight Pro silent tactile WS Stupid Stabilizers GMK Modern Materials $300 shipped,Impossible-Poem-6615,2,5,1kni197,https://reddit.com/r/mechmarket/comments/1kni197
1747338340,2025-05-15 19:45:40,[CA-ON] [H] Paypal [W] GMK Alter Redux Novelties,Looking to buy a set of GMK Alter Redux novelties along with the base kit if had too in any condition (can be severely shined) as long as the sets are complete. Does not need to be in original packaging and can be in bags.  I'm open to offers both within Canada or CONUS. I am willing to pay for shipping as well. Any leads appreciated!  Comment before PM.  Thank you!,ChrisKMS,1,2,1knhfz1,https://reddit.com/r/mechmarket/comments/1knhfz1
1747337534.0,2025-05-15 19:32:14,[US-VA] [H] Geon F1-8X V2 Silver / Silver / WKL [W] PayPal,"[Timestamp](https://imgur.com/a/muCYiYY)  |Have|Condition|Want| |:-|:-|:-| |Geon F1-8X V2 Silver / Silver / WKL (all accessories that come with barebones kit, including aluminum plate). POM 1.5mm Plate. RGB Hotswap PCB (7U).|New.|$475 + shipping|  Local: 22314  Not FCFS. CONUS preferred.",TWENTYONESOLO,1,1,1knh4dh,https://reddit.com/r/mechmarket/comments/1knh4dh
1747335984.0,2025-05-15 19:06:24,"[US-CA] [H] GMK Norse Keycaps, new [W] PayPal","[Timestamp](https://imgur.com/a/oKCmGPT)  Hey everyone,  This listing is for GMK Norse (cyl) bundle, 4 new kits included. The base kit is open, but the keycaps have never been mounted or used.  Price for all the following kits shipped is: **$180** *(firm)*  |Item|Notes|Condition| |:-|:-|:-| |GMK Norse Base Kit|opened|New| |GMK Norse Obscure|un-opened|New| |GMK Norse Spacebars|un-opened|New| |GMK Norse Novelties|un-opened|New|  * **Shipping:** US only. Shipping Included (USPS GroundAdvantage). * ",cheechlabeech,1,1,1knghoc,https://reddit.com/r/mechmarket/comments/1knghoc
1747335907,2025-05-15 19:05:07,"[US-NY] [H] GMK Classic Beige, GMK Darling R2, Latrialum DNA ESC, Coaxius LEMO Cable, Millmax Sockets [W] PayPal","[Timestamp](https://imgur.com/a/svdcL27)  Hello, thank you for stopping by.  Please check pictures and description below for details.   -  I am unfortunately only shipping within the CONUS right now.   Item | Description | Asking Price ---|---|---- GMK Classic Beige Base Kit | Brand new, unopened. | $130 Shipped GMK Darling R2 + Spacebars + Novelties | Bundled only. Opened box, new, never mounted. Shrink wrap still on box. | $210 Shipped Latrialum DNA ESC Artisan | GMK Darling collab artisan. Ne",XXPAGE4XX,0,7,1knggj5,https://reddit.com/r/mechmarket/comments/1knggj5
1747334830,2025-05-15 18:47:10,[US-FL] [H] Paypal [W] Alphakeys Tut Artisans,Looking for the following AlphaKeys Tut artisans. Please comment then PM. Images in link.   Sonny Ramses Rory Xavier Brian Cameron Kelvin Nicholas Mike Toby Sapphire NinjaPirate Tanky Wenjian Munkii  https://imgur.com/a/olLFReF,407Marine,0,2,1kng0dd,https://reddit.com/r/mechmarket/comments/1kng0dd
1747334283,2025-05-15 18:38:03,"[HK] [H] Paypal [W] Mode Tempo Silver Case w/Copper/Brass accent, or Grey case w/ Walnut accent, Brass/Copper/Silver Weight, MUST have Split backspace PCB","Looking for a Mode Temp configured as titled, can ship to my US/UK proxy if from US/Canada/UK, otherwise need to ship direct to Hong Kong. Please reply before DM.",macbrush,1,2,1knfsex,https://reddit.com/r/mechmarket/comments/1knfsex
1747332907,2025-05-15 18:15:07,[US-H] [H] PayPal  [W] Kalam Kohaku,[removed],Iitznugu99,1,0,1knf8a6,https://reddit.com/r/mechmarket/comments/1knf8a6
1747331868.0,2025-05-15 17:57:48,"[EU-FR] [H] PhysiX, Singa 75 R2, TX-1800 V2, Keycaps (GMK, SA, RAMA) [W] PayPal, LZ IRON WKL, TX-1800 V1, OG Dolphin, OG EM7","[Timestamp](https://imgur.com/a/uyZHEhX)  [LINK TO PM](https://www.reddit.com/message/compose/?to=totalrewrite)  Shipping worldwide with tracking  Estimates for keyboards:  * EU, UK, Switzerland: 15-30USD * Anywhere else: ~45+USD  Estimates for keysets:  * EU, UK, Switzerland: 5-20USD * Anywhere else: ~25+USD  Please comment here when messaging (NO Reddit chat; regular PMs only). Click [here](https://www.reddit.com/message/compose/?to=totalrewrite) to write me a PM.  **LZ PhysiX red**  [Album](h",totalrewrite,1,4,1knesqx,https://reddit.com/r/mechmarket/comments/1knesqx
1747331868,2025-05-15 17:57:48,"[EU-FR] [H] PhysiX, Singa 75 R2, TX-1800 V2, Keycaps (GMK, SA, RAMA) [W] PayPal, LZ IRON WKL, TX-1800 V1, OG Dolphin, OG EM7","[Timestamp](https://imgur.com/a/uyZHEhX)  [LINK TO PM](https://www.reddit.com/message/compose/?to=totalrewrite)  Shipping worldwide with tracking  Estimates for keyboards:  * EU, UK, Switzerland: 15-30USD * Anywhere else: ~45+USD  Estimates for keysets:  * EU, UK, Switzerland: 5-20USD * Anywhere else: ~25+USD  Please comment here when messaging (NO Reddit chat; regular PMs only). Click [here](https://www.reddit.com/message/compose/?to=totalrewrite) to write me a PM.  **LZ PhysiX red**  [Album](h",totalrewrite,1,4,1knesqx,https://reddit.com/r/mechmarket/comments/1knesqx
1747331150,2025-05-15 17:45:50,"[US-NY] [H] Chilkey NDTKL, Polar65 Pro , KBDcraft Custom Board [W] Paypal",[TIMESTAMP](https://imgur.com/a/Z7J322y)     Chilkey NDTKL $60 + shipping - can add that steelseries control pad for an additional $20     Arbiter studios polar65 pro $70 + Shipping      KBDcraft Custom lego keyboard with akko yellow v3 pro switch $70 + shipping      if you want the chilkey and an additional board bundled i may be able to fit them in the same box just would have to check,STEVEN_1015,3,4,1knehwn,https://reddit.com/r/mechmarket/comments/1knehwn
1747330360,2025-05-15 17:32:40,"[US-CA] [H] Hand Engineering 2000 Mini SE Moonrock [W] PayPal/Local Cash, GMK Sets, 60s or TKLs"," [TIMESTAMP](https://imgur.com/a/k9rIgpX)  Looking to either sell or trade my 2000 Mini SE in Moonrock which is the WKL colorway. Comes with 2 PCBs (1 millmaxed, 1 unused), alu and CF plates. Switches, stabs, and keycaps not included. $550 shipped w/PP fee included. CONUS ONLY.  Ideally would like to trade for a 60 or TKL (open to offers), or combination of some GMK sets. Wishlist is:  GMK Skidolcha  GMK Toxic  GMK Deepwell  GMK Necro  **Open to all offers.**  **Comment before PM**",AkDoxx,1,2,1kne61e,https://reddit.com/r/mechmarket/comments/1kne61e
1747330095,2025-05-15 17:28:15,"[US-IN] [H] NIKA ART TKL Crown Yellow WKL, Transition TKL Burgundy WKL, Switches, Keycaps [W] Paypal","[https://imgur.com/a/8lUBEjW](https://imgur.com/a/8lUBEjW)  Does not include keycaps, switches or stabilizers unless specified  Discount for Bundles  Keyboards:  Nika Art TKL Crown Yellow  • 2x Solder 1.6mm PCB  • 1x Red Alu plate  • All accessories included  • $550  Transition TKL Burgundy  • 1x Hotswap PCB  • 1x Alu, POM, FR4, PC, CF Top Mount Plate  • 1x PC Sandwich Mount Plate  • 1x Alu, POM, FR4, PC, CF Gasket Mount Plate  • 1x Matching Wrist Rest  • All accessories included  • $300  Keycap",jameslamar98612,3,8,1kne229,https://reddit.com/r/mechmarket/comments/1kne229
1747329504,2025-05-15 17:18:24,"[US-TX][H] Paypal [W] GMK Taro Novelties and Accents, TGR Jane/Shi plates","Hello Mechmarket, im looking for some items:   * GMK Taro Side Snacks (Novelties) * GMK Taro Extra Toppings (Accent) * GMK Taro Milk Tea Mods * TGR Shi F12 Plates (non Alu) * TGR Jane F13 Plates  (non Alu)  Please let me know if you have any, thanks in advance",Tronator,1,2,1kndsya,https://reddit.com/r/mechmarket/comments/1kndsya
1747329347,2025-05-15 17:15:47,"[US-HI] [H] Paypal [W] SA Bliss, Hotswap Boards (bonus if bluetooth or wireless usb)","Hi. I'll list below in detail what I am looking for. Please send QC photos with a timestamp if you want me to take your inquiry seriously. Thank you for looking!     SA Bliss: Pink Alphas, Grey Modifiers, numpad, bonus if you have novelties  Hotswap Boards: 60% - compact full size boards, bonus if numpad zero is traditional 2u my personal preference     I am also open to hearing if you may want to off load any switches. Prefer Tactile > Linear but depending on the linear I may still be intereste",Starlord808,2,3,1kndqm3,https://reddit.com/r/mechmarket/comments/1kndqm3
1747328044.0,2025-05-15 16:54:04,"[US-FL] [H] PayPal Venmo local cash [W] pink, lilac CW88 TKL, dcs windbreaker ,Beige Relegendables, Artisans","**Help me land my dream board!**  I'm looking for a CW88 TKL in either lilac or pink , I'm open to B-stock. If the board is  fully built. I prefer thocky or linear switches. Please ensure the board is in perfect working condition—no faulty PCBs, sloppy soldering, or recessed USB ports. I'm willing to pay top dollar and want something that reflects that.  * 10 Beige relegenables keycaps * ~~DCS Windbreaker~~   [Artisan's Wishlist](https://imgur.com/a/p4yPaLU)  1. || || |[ETF x Sludgekidd - Fughou",MariColin,1,12,1knd6va,https://reddit.com/r/mechmarket/comments/1knd6va
1747328044,2025-05-15 16:54:04,"[US-FL] [H] PayPal Venmo local cash [W] pink, lilac CW88 TKL, dcs windbreaker ,Beige Relegendables, Artisans","**Help me land my dream board!**  I'm looking for a CW88 TKL in either lilac or pink , I'm open to B-stock. If the board is  fully built. I prefer thocky or linear switches. Please ensure the board is in perfect working condition—no faulty PCBs, sloppy soldering, or recessed USB ports. I'm willing to pay top dollar and want something that reflects that.  * 10 Beige relegenables keycaps * DCS Windbreaker  [Artisan's Wishlist](https://imgur.com/a/p4yPaLU)  || || |[ETF x Sludgekidd - Fughoul  (Pati",MariColin,1,11,1knd6va,https://reddit.com/r/mechmarket/comments/1knd6va
1747327721,2025-05-15 16:48:41,"[US-IN] [H] NIKA ART TKL Crown Yellow WKL, Transition TKL Burgundy WKL, Switches, Keycaps [W] Paypal",[removed],jameslamar98612,1,1,1knd214,https://reddit.com/r/mechmarket/comments/1knd214
1747326623,2025-05-15 16:30:23,"[EU-PT] [H] Corne v3, Ferris Sweep, TOTEM Boards, Switches, Parts [W] PayPal (G&S)","**🔹 Corne / CRKBD v3 Fully Built – €130 + shipping**   Used, cleaned,  with **brand-new Akko Penguin Silent tactile switches**  * Fully hotswappable * USB-C * Full LED * TRRS cable included * 3D printed case  [Timestamp](https://imgur.com/a/Xg0HA3M)",AppointmentAncient66,3,6,1knclnp,https://reddit.com/r/mechmarket/comments/1knclnp
1747326114,2025-05-15 16:21:54,[US-GA] [H] Paypal [W] Pink TKL Barebones Kit or Pink TKL with MX Blues,"Looking for either:   * Pink TKL Barebones kit * Pink TKL keyboard with Cherry MX Blue switches  Hoping to keep it under $50 for a Barebones, or under $100 for an assembled keyboard with Blue switches. Willing to wiggle on the price ceiling.  I don't need anything fancy. This will be for my wife for her writing.   Also willing to meet local between North Fulton County to North Forsyth County, GA.   Thanks!",Tangential_Diversion,1,4,1knce62,https://reddit.com/r/mechmarket/comments/1knce62
1747326114,2025-05-15 16:21:54,[US-GA] [H] Paypal [W] Pink TKL Barebones Kit or Pink TKL with MX Blues,"Looking for either:   * Pink TKL Barebones kit * Pink TKL keyboard with Cherry MX Blue switches  Hoping to keep it under $50 for a Barebones, or under $100 for an assembled keyboard with Blue switches. Willing to wiggle on the price ceiling.  I don't need anything fancy. This will be for my wife for her writing.   Also willing to meet local between North Fulton County to North Forsyth County, GA.   Thanks!",Tangential_Diversion,1,4,1knce62,https://reddit.com/r/mechmarket/comments/1knce62
1747325019,2025-05-15 16:03:39,[US-CA] [H] Paypal [W] Neo Ergo Ano Grey,"LF like new condition, any configuration is fine.  comment before PM",ItsSArCaZm,0,2,1knby7x,https://reddit.com/r/mechmarket/comments/1knby7x
1747325009,2025-05-15 16:03:29,[US-CA] [H] Mode Envoy [W] PayPal or Local,$300 Includes Shipping Conus  [TimeStamp](https://imgur.com/a/hYpZos0)   * Chassis: Green (minor knicks/scratch on side of the chassis) * Accent: Copper * Weight: Copper * Plate: Aluminum (FR4 + Pom Plate Included) * PCB: Hotswap * Envoy Foam Kit * Feet and Mounting Blocks: Grey * Alexotos Edition Linear Switches * Staebies stabilizer * Gmk Violet On Cream    ,tastemymeatball,0,3,1knby30,https://reddit.com/r/mechmarket/comments/1knby30
1747324899,2025-05-15 16:01:39,[US-KS] [H] PayPal [W] Wooting 60HE,"Looking to buy a wooting 60he, custom or stock. Must be like new and with box at reasonable price. ",xo_Ghosty,0,4,1knbwj2,https://reddit.com/r/mechmarket/comments/1knbwj2
1747324813,2025-05-15 16:00:13,[US-CA] [H] Mode Envoy [W] PayPal or Local Zelle,[removed],tastemymeatball,1,1,1knbv19,https://reddit.com/r/mechmarket/comments/1knbv19
1747321579.0,2025-05-15 15:06:19,"[US-CA] [H] GMK Sets, Various Artisans and RAMAs[W] Paypal/Local Cash","Timestamp: https://imgur.com/a/zmoZPYv  All prices include shipping (US only).  Item | Kits | Details | Price ----|----|-------|----- GMK Agent 01 | Base, Novelties | Bought during original GB. Still sealed. | $230 GMK Dots 2 | White Base, White Rainbow | Bought during original GB. Still sealed. | $220 GMK Dots 2 | Dark Base, Dark Rainbow | Bought during original GB. Still sealed. | $220 nicePBT Noel | R1 Hirigana | Lightly used for a month. Ships in original packaging. | $65 PBT Pegaso | Base, ",StaggeredRay,0,2,1knajbe,https://reddit.com/r/mechmarket/comments/1knajbe
1747321340,2025-05-15 15:02:20,[Artisan] Mid May 2025 Raffle Sale - Alpha Keycaps,"Imgur Link : https://imgur.com/a/1iI4qq9   Sale Form Link : https://forms.gle/wJJjY8TVmgjXbqXe7   Sale form will be opened for 24 hours.  Invoicing will start right after the form has closed.  Payment window is 24 hours long.  Keycaps : Tut, Devoura and Prayge  Price : USD 75 - 95  Shipping : USD 2 - 15  Goodluck and thank you everyone!",yohanskee,0,2,1knafnv,https://reddit.com/r/mechmarket/comments/1knafnv
1747321307.0,2025-05-15 15:01:47,"[US-WA] [H] Paypal, Local Cash [W] Yamanote Line Keycaps / Zoom65 Yamanote Keyboard","Local in Seattle.  Can't find a price online as the caps / entire board is pretty rare, but just lmk your price!",SameExperience5973,1,1,1knaf4l,https://reddit.com/r/mechmarket/comments/1knaf4l
1747321239.0,2025-05-15 15:00:39,[US-OH] [H] White Glove80 Kailh Choc V1 White Clicky (with Extra Keycaps) [W] Paypal,"Hello,  Please post a comment prior to DMing me.  * Board is like-new. Less than 1 hour of usage. Recently factory reset and reset to default keymap. * Purchased directly from Moergo (Keyboard Revision 2 with Travel Case) in late 2024. * Extra keycaps are available that were provided stock as well as purchased additionally when I bought the board * Tenting kit materials are unused and provided as they were when I received the board. * USB-C that came with the board is also provided. * Essentiall",sideshow_9,1,2,1knady4,https://reddit.com/r/mechmarket/comments/1knady4
1747320682,2025-05-15 14:51:22,[US-OK] [H] 4x Mysterium PCBs [W] Paypal/Venmo,"Timestamp: [https://imgur.com/a/iFpoZ6G](https://imgur.com/a/iFpoZ6G)  Hi, I am building a mysterium keyboard and have some leftover parts due to MOQs for ordering PCBs and parts. Info about mysterium can be found here: [https://github.com/coseyfannitutti/mysterium](https://github.com/coseyfannitutti/mysterium)  I have 4x bare PCBs available for 30$ ea.  I do also have some leftover components for populating the boards. I would be happy to populate the boards and preflash the micros with QMK. If",DifferentSoftware894,0,4,1kna5nq,https://reddit.com/r/mechmarket/comments/1kna5nq
1747320006,2025-05-15 14:40:06,[US-MD] [H] IQUNIX Zonex 75 Super (Navy Blue) [W] PayPal,"[Timestamp](https://imgur.com/a/iu3NzTW)  IQUNIX Zonex 75 Super Navy Blue Barebones Keyboard - $175 shipped, not looking to trade.   [https://iqunix.com/products/iqunix-super-zonex-75](https://iqunix.com/products/iqunix-super-zonex-75)  This has been a great case to work in but I recently got a hybrid job so looking to switch to a lighter and portable keyboard.  No keycaps or switches. Partly built as I built and used this keyboard for almost a year.  Includes all original accessories:  * Case *",Megaman0817,1,4,1kn9vtt,https://reddit.com/r/mechmarket/comments/1kn9vtt
1747319528,2025-05-15 14:32:08,[US-MD] [H] Cannon Keys Sat75 X [W] PayPal,"[Timestamp](https://imgur.com/a/20VVq98)  Cannon Keys Sat75 X Stratus Gray Barebones Keyboard with Aluminum Plate - $140 shipped, not looking to trade.   [Product Link](https://cannonkeys.com/products/sat75-x?variant=41976600821871)  Partially built with OLED screen, gaskets, both plates, PCB and stabs installed. Ended up deciding on getting a low profile keeb for even more portability.   Includes all original accessories:  * Top and Bottom Case * Knob * Silicone gaskets and feet pre-installed *",Megaman0817,0,2,1kn9p54,https://reddit.com/r/mechmarket/comments/1kn9p54
1747317754,2025-05-15 14:02:34,[US-NY] [H] TMOv2 + GMK Blurple [W] PayPal,"[Timestamp](https://imgur.com/a/5OZHV1N)  Please post a comment prior to PM'ing me. Prices are US shipped.   [TMOv2](https://imgur.com/a/tmov2-OAIplV0) - $250 w/ Blurple; $195 w/o Blurple  * Dark Blue Grey  * Built with Baby Kangaroos soldered on a brass plate  * Extra PCB and hardcase  * Two small patina spots on the back weight, small fading spot on the side.  * I am not currently selling Blurple without the board.",jlcl119,1,2,1kn8zwd,https://reddit.com/r/mechmarket/comments/1kn8zwd
1747317615,2025-05-15 14:00:15,[US-FL] [H] PayPal [W] Angry Miao Cyberboard R1 PCB,Looking for a Angry Miao Cyberboard R1 PCB.  The PCB's from other rounds will not work. It has to be from R1.,gigananobyte,1,4,1kn8xsx,https://reddit.com/r/mechmarket/comments/1kn8xsx
1747316835.0,2025-05-15 13:47:15,"[US-ID] [H] Keyboard, Keycaps, Switches [W] Paypal",WTS. CONUS SHIPPING  Please Feel Free to PM or Message.  Timestamp/ Photos: [https://imgur.com/a/9pu2KOd](https://imgur.com/a/9pu2KOd)  ~~Mode Sonnet $285~~ \- SOLD   \-Perfect Condition   \-Polycarb Bottom   \-Multicolor Weight   \-Green Top   \-Copper Accent   \-Copper Plate   Extra/ Included:   \-Zaku V2 Tactile Switches. Hand Lubed.   \-Durock v2 Stabalizers. Hand Lubed.   \-Carrying case.   (Keycaps not Included)  WS Basic Reds $75   \-Keycaps. Like New. No Shine.  ~~BSUN Usagi/537 x89 $25~,No-Bus-8610,0,2,1kn8my7,https://reddit.com/r/mechmarket/comments/1kn8my7
1747316304,2025-05-15 13:38:24,"[US-MD][H] Paypal [W] new Galatea 1.6mm pcb, F1-8x v2 Stainless Steel metal tag",Comment before pm ,KindaGey,3,2,1kn8fqs,https://reddit.com/r/mechmarket/comments/1kn8fqs
1747315453,2025-05-15 13:24:13,"[US-IL] [H] Work Louder Nomad E ANSI, barely used [W] PayPal","Grabbed this during the backing period, and since backing it I've fallen in love with Alice layout boards. Nice, but used it for MAYBE an hour and it's just not for me. Been sitting inside the box since. I'd call it basically brand new. Full box and accessories never used.  Looking for $250 shipped.  https://imgur.com/a/40lPX4z",random1204,1,2,1kn84h8,https://reddit.com/r/mechmarket/comments/1kn84h8
1747314741,2025-05-15 13:12:21,[US-IL] [H] Work Louder Nomad [e] Atomic Purple [W] PayPal,"Grabbed this during the backing period, and since backing it I've fallen in love with Alice layout boards. Nice, but used it for MAYBE an hour and it's just not for me. Been sitting inside the box since. I'd call it basically brand new. Full box and accessories never used.  Looking for $250 shipped.  https://imgur.com/a/40lPX4z",random1204,1,2,1kn7v7c,https://reddit.com/r/mechmarket/comments/1kn7v7c
1747313369,2025-05-15 12:49:29,[US-AZ] [H] Apple M0116 Orange Alps with ADB to USB converter - Switches waxed and paper modded [W] Paypal,[Timestamp & Pics.](https://imgur.com/a/ottSXP0)  Asking $100.     Includes ADB to USB converter.  Please feel free to ask any questions.,balbanna,6,4,1kn7dbf,https://reddit.com/r/mechmarket/comments/1kn7dbf
1747311909,2025-05-15 12:25:09,[Artisan] O_OOH KEY 2025 O.G Artisan Keycap,"Hello. Call it O\_OOH KEY.  O\_OOH means the cry of Korean babies in English.    \[Keycap introduction\]  \- O\_OOH CAT : Kitten looking like suspenders but wearing a diaper. 😸  \- Ho-Raeng : In Korea, there is a culture called '12 gods'.  To celebrate the Year of the Black Tiger, we made a tiger character by hand sculpting.💖  \- SneakInKitty : Introducing SneakInKitty, our adorable new character! Watch as this lovable kitten playfully sneaks inside a stylish sneaker, bringing a burst of charm t",HCHEEZ,1,3,1kn6vne,https://reddit.com/r/mechmarket/comments/1kn6vne
1747311381,2025-05-15 12:16:21,"[US-CA] [H] Metakey Tenet 70 [W] PayPal, Local Cash","[Timestamp](https://imgur.com/gallery/gMMmBKQ)  Hello mm, I have a Metakey Tenet 70 available for sale.  Prices are in USD, all prices are shipped CONUS. I am based out of Los Angeles, CA, local pick up is also available.  # Keyboard:  [Metakey Tenet 70](https://imgur.com/gallery/MgK11rb)  A 70% board can be built with two layout configurations: Regular Layout(60%+10%) or Southpaw Layout(10%+60%)  Features a 256 x 32 pixel customizable OLED monochrome screen [https://clickclack.io/pages/metakey-",bliu15_7613,1,2,1kn6p9d,https://reddit.com/r/mechmarket/comments/1kn6p9d
1747305552,2025-05-15 10:39:12,"[US-CA] [H] Matte BoW Cerakey alpha keys, Barebones Acrylic 60% board, Lots of linear switches (Akko Rosewood, Akko Piano Pro, Akko Creamy Yellow, Leobog Reaper), Keebmats (Lavender, Black), Various keycap sets, Resin floral artisans [W] Paypal","[**TIMESTAMP**](https://imgur.com/a/zuaQLJS)  Looking to sell some keyboard stuff that I'm not using anymore since I've finally narrowed down my preferences. Feel free to comment or inbox me with any questions, and/or to ask for any photos/videos.     **All prices are OBO.**   **Mainly want to ship to CONUS, can be talked into shipping further.** (I'm just mainly familiar with how to ship stuff domestically).   **Inbox only, no chats please. Comment before inboxing.**   \---  **BOARDS**  [Barebo",Justines-Mic,1,7,1kn50gk,https://reddit.com/r/mechmarket/comments/1kn50gk
1747303530,2025-05-15 10:05:30,[VN] [H] LZ phase Navy [W] PayPal,"Timestamp: [https://imgur.com/a/4GTjACk](https://imgur.com/a/4GTjACk)  More pictures available upon request.  📌 Please comment before sending a PM. Chats will be ignored.  📌 Stab & Switch Include.  📌 Shipped.  Keyboards :  # LZ phase Navy:  $227  1x Alu Plate Red  1x Solder Pcb Newseal  1x Solder Pcb Used    Bag and towels, screws, feet...",Twinkle273,3,2,1kn4hrr,https://reddit.com/r/mechmarket/comments/1kn4hrr
1747301935,2025-05-15 09:38:55,[US-CA] [H] NuPhy Air75 HE [W] Paypal,"[timestamp](https://imgur.com/a/mechmarket-X81VIUe) Looking for $110 shipped CONUS obo   Used as main for about two weeks, in great condition. Comes with original box, all accessories completely unused (keycap puller, cable, extra keycaps) ",fpsJojo,1,4,1kn43ci,https://reddit.com/r/mechmarket/comments/1kn43ci
1747294331,2025-05-15 07:32:11,"[US-CA] [H] Keycaps, Switches [W] Paypal","Hi mechmarket! Trying to make some room in my storage closet. I have a couple sets of keycaps, some switches, and a keyboard. Pictures/thumbnails [here](https://imgur.com/a/3Q9Jolp).      Keycaps   * Keychron Gray/Pink (8008) Cherry Keycaps. Doubleshot PBT, $25 shipped * GMK Analog Dream CLONES (not the originals from GMK! Dye-sub, purchased from aliexpress. the WASD keys are somewhat faded. $15 shipped  Switches  * MMD Princess Switches, 60g springs. Very heavy and clacky, x90 pieces. $15 shipp",rrockyroad,2,4,1kn2c3o,https://reddit.com/r/mechmarket/comments/1kn2c3o
1747293480,2025-05-15 07:18:00,[US-PA] [H] PayPal [W] Singa Kohaku Imperial Red/Silver,[removed],RemoteFamiliar8819,1,0,1kn24rw,https://reddit.com/r/mechmarket/comments/1kn24rw
1747291901,2025-05-15 06:51:41,[US-CA] [H] Werk One BHS edition [W] Paypal,"[Timestamp](https://imgur.com/gallery/mechmarket-post-153nIWI)  Asking $1300 shipped OBO  * assembled with hotswap PCB, stabs, and FR4 plate * comes with extra aluminum plate and soldered PCB * has scratching on the top of the poly, but is only noticeable under direct lighting, I included some photos of what it looks like under normal lighting and then directly under a white light.   local 94598, CONUS only",JerkyHobo,0,3,1kn1r1p,https://reddit.com/r/mechmarket/comments/1kn1r1p
1747290711,2025-05-15 06:31:51,"[US-NY] [H] PayPal, Local Cash [W] Mochi40, Lumberjack or 40-50%, NicePBT gray on white",[removed],Actual-Map9025,1,0,1kn1gri,https://reddit.com/r/mechmarket/comments/1kn1gri
1747286303,2025-05-15 05:18:23,"[US-CA][H] Bauer Lite Ghost or Grim, [W]Paypal",[removed],netplenty,1,1,1kn0c2b,https://reddit.com/r/mechmarket/comments/1kn0c2b
1747285727,2025-05-15 05:08:47,[US-CA] [H] PayPal [W] Bauer Lite in Ghost or Grim,[removed],netplenty,1,1,1kn06kq,https://reddit.com/r/mechmarket/comments/1kn06kq
1747285306,2025-05-15 05:01:46,[US-CA] [H] Space 80 Apollo Deep Ocean [W] PayPal,"[Timestamp](https://imgur.com/a/I4uAmXZ)  Hey all, looking to sell my Space 80 Apollo in the Deep Ocean colorway. Includes 1 used Mouser hotswap PCB, PC plate, FR4 plate, and all the included accessories. Does not include keycaps, switches, or stabs (can add lubed stabs for $10).  Asking price is $400 plus shipping OBO.",kspark324,2,3,1kn02dn,https://reddit.com/r/mechmarket/comments/1kn02dn
1747282272.0,2025-05-15 04:11:12,"[US-WA] [H] Keyboards, Keycaps, Deskmats, Switches [W] Paypal","Timestamp: [https://imgur.com/a/u1RO3NX](https://imgur.com/a/u1RO3NX)  Downsizing my keyboard stuff. All products do not incl. shipping; CONUS. Please comment before DM, and do not use the chat function. Let me know for more pics or any questions! Prices can be negotiable. Thx!  |Item|Price|Description| |:-|:-|:-| |Momoka Zoo65 - Blue (Barebones)|$145|Good condition (no scratches and scuffs). Comes with original packaging and contents. FR4 plate with poron gaskets built-in and PC plate (with por",timc_chen,1,1,1kmz80b,https://reddit.com/r/mechmarket/comments/1kmz80b
1747278286,2025-05-15 03:04:46,[US-TX] [H] Keychron Q11 Split [W] Paypal,"Timestamp and photos: https://imgur.com/a/D30RT8T  Selling this Keychron Q11 Split keyboard with brown switches. It is essentially brand new, I opened it and tried it for 2 minutes and realized that this split style is not for me :) includes everything that it came with (manual, power cable, connector cable, windows-specific keys, keycap puller, tiny screwdriver).   Asking $175 shipped. Happy to send more pictures on request!",throaway_acer,1,3,1kmy0pu,https://reddit.com/r/mechmarket/comments/1kmy0pu
1747278036,2025-05-15 03:00:36,[Artisan] Phê lix - Crystal Pieces Artisan Keycap ✨,Play it loud and let the vibes take over!🎤💥  [⏰FORM LINK](https://crystalpieces.com/product/phe-lix-943)  * You guys can check out the stunning pics [here](https://crystalpieces.com/product/phe-lix-943) 😎 * RAFFLE TIME: starts now and form opens for 24 hours * PRICE:    * The keycap only (body part): $65 (+$7 international shipping fee)    * Full version (body + tail): $75 (free shipping) * Quantity: 15 keys each characters * Material: Resin casting * Profile: SA R3/ Cherry R1 and compatible wit,CrystalPieces,0,1,1kmxxts,https://reddit.com/r/mechmarket/comments/1kmxxts
1747277888,2025-05-15 02:58:08,[US-GA] [H] Built JRIS75 in Purple/Black with Chroma PVD [W] Paypal,"[Timestamp](https://imgur.com/a/flnkUm7)  Hello, selling this JRIS75 since it's not being used and I need to downsize collection.  It has been barely used and was previously bought BNIB from here a couple months ago, no flaws, PVD weight is in excellent condition with some fingerprints. The special tape has been applied to the PCB, the board is good to go right away.  Here's what's included:   1. Hotswap BT PCB (No batteries unfortunately)   2. PC and FR4 Plates   3. Carrying Case   4. Base acce",Verestrasz,1,4,1kmxw2u,https://reddit.com/r/mechmarket/comments/1kmxw2u
1747276419.0,2025-05-15 02:33:39,[US-NY] [H] PayPal [W] Lofree Flow 84 in black,Looking for a Lofree Flow 84 in black for $120. Thanks!,Airwaves-7,1,2,1kmxf81,https://reddit.com/r/mechmarket/comments/1kmxf81
1747275547,2025-05-15 02:19:07,[US-CA] [H] PayPal [W] Gateron Cream sodas,"Looking for 160x cream sodas, stock if possible and doesn’t need to all be by the same person.   Comment before dm please  Thank you. ",Dahvos,1,2,1kmx5aq,https://reddit.com/r/mechmarket/comments/1kmx5aq
1747273002.0,2025-05-15 01:36:42,[US-CA] [H] PayPal [W] Geon F1-8x 722 WKL,Looking for a Geon F1-8x 722 WKL in any colorway.,SgtFinley96,1,1,1kmwb97,https://reddit.com/r/mechmarket/comments/1kmwb97
1747268676,2025-05-15 00:24:36,"[US-CA] [H] Cloudnine Titanium/Copper, Haven65 Red, Arc60 Gold, JJW Play Trays, GMK (Agent, Arch, DMG, Klassiker, Laser, MoDo, Mono, Norse, Nuke, Striker) Novs (Dracula, Olivia, Mictlan, Dragon), Key Kobo (VOC, Giga Chad/Child), Switches (Jwick, Gateron blue, Kailh cream) [W] PayPal, Ori 3//60 FE","[Timestamp](https://imgur.com/a/o8CDP3Y)  Shipping to CONUS only for these items. Please comment and send PM / chat ([link](https://www.reddit.com/message/compose/?to=deanamtronix))  Looking to buy Ori 3//60 OG Founder's Edition (I have a black badge edition available for swap + cash)  |Keyboards|Ask Price|Description| |:-|:-|:-| |Machina Cloudnine Titanium/Copper WK ([pics](https://imgur.com/a/xByXUvU))|$575 shipped|Like new, Hotswap, Alu plate, 40a & 70a tadpoles| |Haven65 Red ""Temp"", black we",deanamtronix,9,36,1kmux4l,https://reddit.com/r/mechmarket/comments/1kmux4l
1747268300,2025-05-15 00:18:20,[US-FL][H] Barebones KBD TET [W] PayPal,"[Timestamp](https://imgur.com/a/Rn3X31p)  Price includes shipping within the US. Please comment before PM.  Open to offers, but not looking to trade. Thank you.    \*\*$175 - KBD TET\*\*    \* Dark gray anodized case  \* PVD Black weight  \* Aluminum plate",Fartillery,1,4,1kmushf,https://reddit.com/r/mechmarket/comments/1kmushf
1747268043,2025-05-15 00:14:03,[UK] [H] PayPal [W] GMK Olivia R3 Novelties,"Willing to buy from outside the UK, BNIB or light use preferably ",Extension_Sky_8903,1,2,1kmupaf,https://reddit.com/r/mechmarket/comments/1kmupaf
1747267317,2025-05-15 00:01:57,[US-NY] [H] PayPal [W] Sofle,[removed],Psychological_Map818,1,0,1kmugj8,https://reddit.com/r/mechmarket/comments/1kmugj8
1747265988.0,2025-05-14 23:39:48,[US-CA] [H] $500 PayPal [W] Snow60 WKL,"Offering $500 + shipping for a Snow60 WKL  Flaws are acceptable, but please disclose them.  Chats ignored",drewpyy,1,1,1kmu019,https://reddit.com/r/mechmarket/comments/1kmu019
1747265245.0,2025-05-14 23:27:25,[US-MN] [H] PayPal [W] GMK Olivia Light Base BNIB,Looking for GMK Olivia light base BNIB  Please comment before PMing. Thanks!,shoespleasethx,1,1,1kmtqqh,https://reddit.com/r/mechmarket/comments/1kmtqqh
1747264923.0,2025-05-14 23:22:03,[US-CA] [H] zomo plus  one piece artisans [W] PayPal G&amp;S or trades,Got a bunch of zomo plus one piece official artisans. Sell for around 35 each on the official store.  Looking for 20 each on singles or 15 each if you buy more than 2.   Looking for 30 for entire aot set   Also interested in trades for audio related stuff iems/headphones  Timestamp:  https://imgur.com/a/78ejEfx,SMD_BigBanana,1,3,1kmtmll,https://reddit.com/r/mechmarket/comments/1kmtmll
1747263182.0,2025-05-14 22:53:02,[US-CA][H]Paypal [W] GMK British Racing Green (Base + green alphas),LMK please. CA 92126,kiwibestfruit,1,1,1kmt04h,https://reddit.com/r/mechmarket/comments/1kmt04h
1747262748,2025-05-14 22:45:48,"[EU-PT] [H] Corne v3, Ferris Sweep PCBs & builds, TOTEM kits [W] PayPal G&S",[removed],No-Measurement5624,1,0,1kmsumd,https://reddit.com/r/mechmarket/comments/1kmsumd
1747262732,2025-05-14 22:45:32,[US-NC] [H] Geon Raw HE Switches 60g x89 [W] PayPal,"timestamp: [https://imgur.com/a/RSiYKyR](https://imgur.com/a/RSiYKyR)  x89 geon raw HE 60g switches pulled from my wooting. 1 of them lost in translation. 2 of them are missing diffusers due to my hamhandedness, but the rest are all perfect.   Asking $25 shipped firm.",TheCatDimension,2,4,1kmsufj,https://reddit.com/r/mechmarket/comments/1kmsufj
1747262163,2025-05-14 22:36:03,[US-CA] [H] PayPal [W] Gmk Terra green artisan,Looking to buy the green artisan keycap. Open to either by it self or as a bundle depending on price. ,the_rickochet,1,3,1kmsn24,https://reddit.com/r/mechmarket/comments/1kmsn24
1747261779,2025-05-14 22:29:39,[US-FL] [H] Paypal [W] GMK Fright Club Novelties,[removed],Ultraviolet11011,1,4,1kmsi2x,https://reddit.com/r/mechmarket/comments/1kmsi2x
1747261538,2025-05-14 22:25:38,"[US-NV] [H] IMK Corne [W] Paypal, Local Cash","[timestamp](https://imgur.com/a/timestamp-ytKuar6)  Prices are shipped for CONUS.  Item | Description| Price ---|---|---- IMK Corne| Fully built silver imk corne. Hotswap pcb built with aqua kings v3 (silent linear). Includes extra hardware, tenting accessories, and carrying case. Blank keycaps.| $250 shipped",Bchui,1,2,1kmseyj,https://reddit.com/r/mechmarket/comments/1kmseyj
1747259269,2025-05-14 21:47:49,"[US-TX] [H] JLabs JP-02, PayPal [W] PayPal, PBTFans Courage Red Base","(Timestamp)[https://imgur.com/a/zKHGvt7]      Anodized Black built w/ HG Blacks, (L+F+Spring swapped to TX 60g XL) on Pom plate, TX rev 3 clip in stabilizers. Carrying case and wrist test included.      Looking to get $200 + shipping to CONUS.      Also looking to buy an unused or unmounted set of PBTFans courage red. ",Wing_Nut_93x,2,2,1kmrjsk,https://reddit.com/r/mechmarket/comments/1kmrjsk
1747258764,2025-05-14 21:39:24,[US-MA][H] PayPal [W] Solder/Hotswap fr4 pcb for F1-8X V2,"Hello, looking for any pcb basically for the f1 8X v2. If hotswap would like 7u. Thanks!",Bicstar22,0,2,1kmrcmy,https://reddit.com/r/mechmarket/comments/1kmrcmy
1747258649,2025-05-14 21:37:29,[H] PayPal [W] Solder/Hotswap fr4 pcb for F1 8X V2,[removed],Bicstar22,1,1,1kmrb0q,https://reddit.com/r/mechmarket/comments/1kmrb0q
1747258321,2025-05-14 21:32:01,[US-CA][H] Mr Suit R1 WK Green [W] PayPal / Local Cash,"[Pictures with timestamp](https://imgur.com/a/QRhGM1h)     Asking price 350 USD shipped, comes with original box.     Details:  Have FR4 and Brass plate (built with FR4)  CannonKeys Lavender Switches  PBT Botanical Bootleg Keycaps",parskahyes,2,2,1kmr6bh,https://reddit.com/r/mechmarket/comments/1kmr6bh
1747257697.0,2025-05-14 21:21:37,[US-TX] [H] PBTfans Xray Keycaps [W] Paypal,"[https://imgur.com/a/XBcgrrx](https://imgur.com/a/XBcgrrx)   $85+Shipping   Condition: Open Box; No shine, and still has its texture (Used once)",TuanTitanXreame,1,2,1kmqxcb,https://reddit.com/r/mechmarket/comments/1kmqxcb
1747256998.0,2025-05-14 21:09:58,[US-CA] [H] Paypal [W] Jane V2 or V2 CE (WKL),Looking for either a Jane V2 or V2 CE (WKL) in good condition.    Let me know what you have.    Reply to post before DM.    Thank you.,eg68,1,1,1kmqmu6,https://reddit.com/r/mechmarket/comments/1kmqmu6
1747256907.0,2025-05-14 21:08:27,[H] Paypal [W] Jane V2 or V2 CE (WKL),Looking for either a Jane V2 or V2 CE (WKL) in good condition.     Let me know what you have.     Reply to post before DM.     Thank you.  ,eg68,1,0,1kmqlit,https://reddit.com/r/mechmarket/comments/1kmqlit
1747256846,2025-05-14 21:07:26,"[US-CA][H]Awekeys Metal, White. Artifact Bloom, Glow. [W] PayPal, Silent Switches, Osume Marshmallow Profile Caps","Timestamp- https://imgur.com/a/selling-keycaps-aJgVtM3  Awekeys White $135  Artifact Bloom Glow, $40. Mounted once.  Buyer to pay shipping. I'm open to offers on the Artifact Bloom. Will trade for silent linear switches(ideally Akko, but open to others), or Osume Marshmallow keycaps(would prefer Dalgona)",ASassyTitan,3,4,1kmqklj,https://reddit.com/r/mechmarket/comments/1kmqklj
1747255621.0,2025-05-14 20:47:01,"[US-MI] [H] PayPal [W] Neo80 Black WKL, Inkwell Deskmats, GMK WoB Essentials Extensions, GMK WoB Essentials Dark RGB",Looking for these in new/like new condition,Scytul,1,1,1kmq2lt,https://reddit.com/r/mechmarket/comments/1kmq2lt
1747254687,2025-05-14 20:31:27,[CA-ON] [H] Paypal [W] Cloudnine WK with SS bottom,,PhysicalBuilder7,1,2,1kmpows,https://reddit.com/r/mechmarket/comments/1kmpows
1747253987,2025-05-14 20:19:47,[CA-ON] [W] Cloudnine WK and SS bottom [H] Paypal,,PhysicalBuilder7,1,1,1kmpehw,https://reddit.com/r/mechmarket/comments/1kmpehw
1747253862,2025-05-14 20:17:42,"[US-TX] [H] Zoom 75 TIGA Gunmetal Gray, Zoom 75 TIGA Scarlet Red, Evo 80 Black, GMK Pink on Navy, GMK Parcel [W] Paypal, Venmo, Trade","Timestamp/Album: [https://imgur.com/a/FrGMHK5](https://imgur.com/a/FrGMHK5)  Hi all, selling a few items:  **Zoom 75 TIGA Scarlet Red:** Comes with a flex cut tri mode PCB, built once and used for a couple of hours. PC Plate, Poron Foams. (Will come with incomplete stabilizers - 1 missing) Perfect condition. $200 + shipping  **Zoom 75 TIGA Gunmetal Gray:** Built once, used for 1-2 hours. Non-flex trimode PCB, PC Plate, Poron Foams (These are stuck to the tape mod I added, might need to apply hea",reevoalex,1,4,1kmpcoy,https://reddit.com/r/mechmarket/comments/1kmpcoy
1747252981,2025-05-14 20:03:01,[US-TX] [H] F1-8X v2 Black/Red [W] PayPal,[All photos + timestamps!](https://imgur.com/a/YyNXmAB)  4% fee added for Goods & Services. Price in USD. CONUS shipping.  1) F1-8X v2 Black/Red w/ 2 galatea solder pcbs - $470 shipped   Condition: As shown in pictures,kynical,1,10,1kmozlm,https://reddit.com/r/mechmarket/comments/1kmozlm
1747252250,2025-05-14 19:50:50,"[US-WA] [H] Neo75 CU BNIB, GMK TeraDrive [W] PayPal","[timestamp](https://i.postimg.cc/SRCmqQyH/IMG-2194.jpg)  Price includes shipping within CONUS  * Neo75 cu - BNIB still in wrapping: Green with Brass, Golden Vortex weight, CF Plate, Hot-swap Wired PCB. ~~$230~~ **$180**  * GMK TeraDrive Base set - Mounted but never used, still in new condition ~~$140~~ **$120**  Please comment before PM.",ak_toxik,3,4,1kmooru,https://reddit.com/r/mechmarket/comments/1kmooru
1747252217.0,2025-05-14 19:50:17,[USA-CA] [H] Paypal [W] Keychron Q5 Pro,looking for stock build of this with any switches but prefer brown or banana. would love blues if modded.   pls comment before dm'ing. ,taxi_drivr,1,3,1kmooau,https://reddit.com/r/mechmarket/comments/1kmooau
1747251561,2025-05-14 19:39:21,"[TW][H] Laminar Boomerang、Safa TKL、Neo ergo、GMK blue alert, stealth、Mx blacks, browns, oranges [W] PayPal","[timestamp](https://imgur.com/a/mViz89q)  **Laminar Boomerang silver $410+shipping** - sandblasted copper weight - hotswap pcb, cf and custom Alu plate - keycaps and switches not included  **safa tkl wkl red $380 shipped** - brand new 1.2mm solder pcb and 1.6mm pcb - Alu plate x2, pp plate x2, pc, stainless steel plate  **Neo ergo champagne $160 shipped** - wired hotswap pcb, pp, pc plate - pc wristrest - keycaps and switches not included  **keycaps & switches** - GMK blue alert base+stripes **$",OkRecording6032,1,2,1kmoei5,https://reddit.com/r/mechmarket/comments/1kmoei5
1747251403,2025-05-14 19:36:43,"[US-OH][H] KAT Mizu Alphas, TKL, Novelty, RAMA great price [W] Paypal","[Timestamp](https://imgur.com/a/6kpsDEK)  Hello! I ordered these awhile ago and never got around to using them.  * KAT Mizu full moon Alphas, TKL mods * KAT Mizu blood moon novelties * KAT Mizu Full Moon RAMA cap  These are all Sealed BNIB asking $100 shipped to CONUS.  Thanks!",ForbieSs,1,2,1kmoc6h,https://reddit.com/r/mechmarket/comments/1kmoc6h
1747251302,2025-05-14 19:35:02,"[USA-OH][H] Kat Mizu alpha, mods, novelties, RAMA [w] paypal","[Timestamp](https://imgur.com/a/6kpsDEK)  Hello! I ordered these awhile ago and never got around to using them.  * KAT Mizu full moon Alphas, TKL mods * KAT Mizu blood moon novelties * KAT Mizu Full Moon RAMA cap  These are all Sealed BNIB asking $100 shipped to CONUS.  Thanks!",ForbieSs,1,3,1kmoape,https://reddit.com/r/mechmarket/comments/1kmoape
1747250102,2025-05-14 19:15:02,"[US-NV] [H] Fully Built Keyboards - NovelKeys Classic TKL, Gamakay SN75, Lucky65 V2, GMK67, Keychron Q4, Epomaker TH40; Keycaps Set - Akko ASA Low Prunus Lannesiana; Artisan Keycap - Drop - Lord of the Ring - Mordor - Eye of Barad-dur. [W] PayPal",[Timestamp](https://imgur.com/a/Xfj3ZgI)  **Selling Multiple Keyboards as I am clearing out some of my collection. All of them are fully built with Keycaps and Switches.**  1. **NovelKeys Classic TKL** Apparition Clear with KTT Rose Pink Linear Switches and Cherry PC Clear Keycaps. Board is tape modded and comes with accessories and additional Brass Plate - $120 2. **Gamakay SN75** Clear with Gateron Sylva Linear Switches and OEM Backlit Pudding Keycaps. Board is tape modded and comes with acces,zer0_angel,1,3,1kmnsvg,https://reddit.com/r/mechmarket/comments/1kmnsvg
1747249578,2025-05-14 19:06:18,[CA-ON] [H] GMK WoB Hiragana [W] Paypal,"[timestamp](https://i.imgur.com/DwiFtxj.jpeg)  Only has seen use on the ANSI mods (shine on left shift and one control key, rest no shine), alphas and rest of kit have never been used.  $100 + shipping (can ship in OG tray or bag)",kegeal,1,2,1kmnl8t,https://reddit.com/r/mechmarket/comments/1kmnl8t
1747249172,2025-05-14 18:59:32,[US-CA] [H] NEO ERGO Anodized Black [W] Local Trade / Cash,"Looking to either sell or trade my Neo Ergo.  I wasn't much of ergo-keyboard guy, and haven't been using this guy all that often.  Spec: Anodized Black | Silver Weight | Black Kernel | POM plate | Wood wrist rest (Switches and stabs not included.)  For local trade, mostly looking for a keyboard in similar price range, preferably 75, 80, 95, 100 profile.  For local cash, $180  Local - OC or LA county",pasak1987,1,9,1kmneti,https://reddit.com/r/mechmarket/comments/1kmneti
1747248916,2025-05-14 18:55:16,[CA-ON] [H] Jwick Switches [W] PayPal,"[TIMESTAMP](https://imgur.com/a/I0l1mlv)  * **Prices in USD (shipping included)**  * All switches are factory lubed  * Save on bundles  * Comment before PM  ITEM | QTY | NOTES | PRICE ---|---|----|--- Jwick Red (55g) | x88 | PC top, Nylon bottom, POM stem | $30 Jwick Red (55g) | x88 | PC top, Nylon bottom, POM stem | $30 Jwick Black (58.5g) | x90 | Nylon top, Nylon bottom, POM stem | $30 Jwick Black (58.5g) | x90 | Nylon top, Nylon bottom, POM stem | $30 MMD Ice Cream v4 (55g) | x90 | Full POM, ",nerdslayer69,2,5,1kmnb01,https://reddit.com/r/mechmarket/comments/1kmnb01
1747248419,2025-05-14 18:46:59,[US-CA] [H] RAMA M65-A [W] PayPal,"Timestamp: https://imgur.com/a/lW3rQt9  Up for sale is a retrofitted USB C RAMA M65-A board w/ aluminum bottom. Condition wise, there are several notable scratches, which are detailed in the photos. You can easily polish out the silver brass weight scratches with the right tool.  Asking $290 plus shipping. Please comment and PM.",joeytakemasa,0,4,1kmn3i3,https://reddit.com/r/mechmarket/comments/1kmn3i3
1747246535.0,2025-05-14 18:15:35,"[US-IL] [H] TGR Jane R1, Custom 60% Keyboard Bag [W] PayPal","[timestamp](https://imgur.com/a/Y3tRjxW)  **TGR Jane R1** [\[pics\]](https://imgur.com/a/FTFOuVT)  * Titanium grey, #4/20 * Built w/ SS plate and TX87KIN L3 PCB from GB * 5-pin Cherry vintage blacks from worn Data 911 w/ Gateron yellow springs and black kin switch films * GMK screw-in stabs w/ Zeal gold wires, 3204 on switches/Victorinox on springs/Superlube on stabs. * Does not have engraving on front case per request. Brass weight has some oxidation which can be cleaned but otherwise in flawle",shekki_,1,1,1kmmb73,https://reddit.com/r/mechmarket/comments/1kmmb73
1747245887,2025-05-14 18:04:47,[IN-INDIA] [H] PayPal [W] Osume Keycap Sets - Red Panda / Year of the Rabbit (YOTR) / Mocha[H] w novelities,Located in India. Looking to buy lightly used or new sets — no shine preferred. Can pay via PayPal invoice. want them to make content! budget 90-100 USD max!  DM me if you’re selling!,CalendarMobile6376,1,2,1kmm1f2,https://reddit.com/r/mechmarket/comments/1kmm1f2
1747245822,2025-05-14 18:03:42,"[US-CA][H] Gentleman 65 Suited Edition with extras, NK Cream Cream+ Switches (108x), Krytox 205 G0 Lube & Film [W] Paypal","[Timestamp](https://imgur.com/a/aETIk3U)  **Gentleman 65 Suited Edition** \- $300 shipped  Lightly used  * Black top/bottom case * 2x hotswap PCB (1 mounted) * 1x Rose Gold Brass Plate (mounted) * 1x FR4 and POM Plate * 4x Knobs: Gold, Black, White, Rose Gold (1 of each) * 6x PCB Tape  **NK Cream Cream+ Switches (108x), Krytox 205 G0 Lube & Film** \- $40 shipped  Everything is brand new, never used  * 3 boxes of 36 count NK Cream Cream+ switches * 1 Krytox 205 G0 new * Two insert materials (Copp",lifegood141,2,6,1kmm0em,https://reddit.com/r/mechmarket/comments/1kmm0em
1747245751,2025-05-14 18:02:31,"[US-CA] [H] Gentleman 65 Suited Edition with extras, NK Cream Cream+ Switches (108x), Krytox 205 G0 Lube & Film","[Timestamp](https://imgur.com/a/aETIk3U)  **Gentleman 65 Suited Edition** \- $300 shipped  Lightly used  * Black top/bottom case * 2x hotswap PCB (1 mounted) * 1x Rose Gold Brass Plate (mounted) * 1x FR4 and POM Plate * 4x Knobs: Gold, Black, White, Rose Gold (1 of each) * 6x PCB Tape  **NK Cream Cream+ Switches (108x), Krytox 205 G0 Lube & Film** \- $40 shipped  Everything is brand new, never used  * 3 boxes of 36 count NK Cream Cream+ switches * 1 Krytox 205 G0 new * Two insert materials (Copp",lifegood141,1,2,1kmlz9u,https://reddit.com/r/mechmarket/comments/1kmlz9u
1747245699.0,2025-05-14 18:01:39,[IN] [W] Osume Keycap Sets - Red Panda / Year of the Rabbit (YOTR) / Mocha (with novelties preferred) [H] PayPal (Invoice preferred),[removed],CalendarMobile6376,1,1,1kmlyhx,https://reddit.com/r/mechmarket/comments/1kmlyhx
1747244593,2025-05-14 17:43:13,[EU-ES] [H] Paypal [W] HHKB Pro Hybrid Type s,Pref stock or at least not lubed. Thank you!,Admirable_Ad_6092,2,4,1kmlhlg,https://reddit.com/r/mechmarket/comments/1kmlhlg
1747244254.0,2025-05-14 17:37:34,"[US-WA] [H] Paypal, Local Cash [W] Keychron Q2, Similar TKL","Preferably with the Gateron Reds- Can do local in Seattle area. Also looking for any TKL in a similar vein, thx :)",SameExperience5973,1,1,1kmlcal,https://reddit.com/r/mechmarket/comments/1kmlcal
1747244036.0,2025-05-14 17:33:56,"[H] Paypal, Local Cash [W] Keychron Q2, Similar TKL","Preferably with the Gateron Reds- Can do local in Seattle area. Also looking for any TKL in a similar vein, thx :) ",SameExperience5973,1,1,1kml90u,https://reddit.com/r/mechmarket/comments/1kml90u
1747244006,2025-05-14 17:33:26,[US-CA] [H] Leviatan [W] Paypal,"[Timestamp](https://imgur.com/a/Qxhjt4w)  320 shipped CONUS OBO  Beige WK   Built plateless with broken in hyperglide blacks (Lubed with Ghv4 on stem, 60g TX L springs, filmed)      PM not chat.  Thanks for looking!",daeyul00,2,3,1kml8ka,https://reddit.com/r/mechmarket/comments/1kml8ka
1747243622.0,2025-05-14 17:27:02,[US-TX] [H] Built/Modded Wooting [W] Paypal G&amp;S / Local Cash,"PRICE DROP  timestamps: [https://imgur.com/a/ZqglTXG](https://imgur.com/a/ZqglTXG)     Hey y'all, looking to sell a built Wooting 60HE. It comes with an anodized mocha tofu 60 redux, the brass plate, along with the pcb/plate/(lubed) lekker switch innards of the Wooting along with an o-ring. The keycaps are Osume Dalgona + Novelties, I don't have the rest of the keycaps unfortunately, so I'll deduct price appropriately for that.  Looking for 200 shipped CONUS, please comment before pm!",LegitimateCupcake513,1,2,1kml2ny,https://reddit.com/r/mechmarket/comments/1kml2ny
1747242657,2025-05-14 17:10:57,[EU-RO] [H] RAMA WORKS® × Keycult Brass Keycaps [W] PayPal - 35 EUR/piece,"Hello r/mechmarket,  [Timestamp](https://imgur.com/a/2bamgFK)  The keycaps are sealed. I have 9 (nine) left to sell. The price is ~~50~~ ~~40~~ 35 EUR + shipping each.  If you buy two (or more), I can lower the price to 30 EUR/piece.  Comment before [PM](https://www.reddit.com/message/compose/?to=rulz3ro) pls.  Thank you for looking!",rulz3ro,0,3,1kmknwa,https://reddit.com/r/mechmarket/comments/1kmknwa
1747242237,2025-05-14 17:03:57,[US-GA] [H] Charybdis MK2 [W] Paypal,"Timestamps: [https://imgur.com/a/LCGeU0i](https://imgur.com/a/LCGeU0i)  Selling [Bastard Keyboard Charybdis MK2](https://bastardkb.com/product/charybdis-mk2-prebuilt-preorder/). Price $300, including shipping within the US.   Specs:   Charybdis MK2 full built.    MX Linear (Gateron yellow)   MDA keycaps (pre-installed)   Right Trackball.   Please comment then PM.",super3,2,9,1kmkhoe,https://reddit.com/r/mechmarket/comments/1kmkhoe
1747242225,2025-05-14 17:03:45,"[US-CA][H] Gentleman 65 Suited Edition with extras, NK Cream Cream+ Switches (108x), Krytox 205 G0 Lube & Film",[removed],lifegood141,1,2,1kmkhi0,https://reddit.com/r/mechmarket/comments/1kmkhi0
1747242212.0,2025-05-14 17:03:32,"[US-CA] [H] Keyboards , Keycaps, Artisan [W] PayPal","[TimeStamp](https://imgur.com/a/eK9YDn1)  PM if interested or have any questions. open to offers. Comment before PM .  keycaps will be bag and boxed  Prices include shipping to conus only.  |Item|Condition|Description|Price| |:-|:-|:-|:-| || |[Rainy75 silver](https://imgur.com/a/8iBjHHC)|opened box but sealed board||$100| |[Realforce R2 TKL ](https://imgur.com/a/1JrNtyZ)|used|silent, purpler sliders, not modded, has a crack on the case by the right win key|$160| |[ZoomTKL Milky Green](https://im",Ok_Philosopher4444,1,1,1kmkhaw,https://reddit.com/r/mechmarket/comments/1kmkhaw
1747242152.0,2025-05-14 17:02:32,[US-CT] [H] Paypal [W] HHKB Blank Sakura Keycaps,Interested in purchasing a set of blanket HHKB Sakura keycaps for my HHKB Pro 3 ,Blisss__,1,1,1kmkgdv,https://reddit.com/r/mechmarket/comments/1kmkgdv
1747242025.0,2025-05-14 17:00:25,[US-CT] [W] HHKB Blank Sakura Keycaps [H] PayPal,[removed],Blisss__,1,1,1kmkecn,https://reddit.com/r/mechmarket/comments/1kmkecn
1747242025,2025-05-14 17:00:25,[US-CT] [W] HHKB Blank Sakura Keycaps [H] PayPal,Interested in purchasing a set of blanket HHKB Sakura keycaps for my HHKB Pro 3 ,Blisss__,1,1,1kmkecn,https://reddit.com/r/mechmarket/comments/1kmkecn
1747241943,2025-05-14 16:59:03,"[US-CA] [H] frog mini, phoenix45, arc60, gmk keycaps, switches, artisans [W] paypal","[timestamp](https://imgur.com/a/HQca8u5)     **keyboards**   **geon frog mini - $200**  * purple, hhkb, h60 solder pcb, laminate & pc plates, 60a 70a 80a tadpoles, no foams, carrying case. * case - excellent, pcb - built and desoldered twice  **phoenix45 - $80**  * hhkb, black, millmaxed pcb, fr4 plate, case foam, no carrying case * case - dented bottom left corner  **vertex arc60 - $120**  * hhkb, navy, hotswap pcb only (no solder/plateless option), alu plate, no foams, no carrying case * case ",Mob-Psycho-99,4,13,1kmkcyf,https://reddit.com/r/mechmarket/comments/1kmkcyf
1747241165,2025-05-14 16:46:05,"[US-MD] [H] PayPal [W] rapid trigger keyboards, et cetera.","Wooting, apex, etc ",simplywilliam_,0,8,1kmk133,https://reddit.com/r/mechmarket/comments/1kmk133
1747241119,2025-05-14 16:45:19,"[USA-MD] [H] PayPal [W] rapid trigger keyboards, et cetera.",[removed],simplywilliam_,1,3,1kmk0dv,https://reddit.com/r/mechmarket/comments/1kmk0dv
1747239993,2025-05-14 16:26:33,[US-CA] [H] Artisans [W] PayPal,"   Hello all, looking to sell off last of my artisans Add $5 for shipping and only conus   Dwarf Factory- Frozen llama pink - $15  Mastonon- Chuar KeyBob og $20  Melonkeys- Jokertaur $23  Sodiecaps- Bstocks Spacejam $28 it is not a b stock that is the colorway name  Hellocaps- Mi amor $180  Alpha- Geekpora Haku $50  Archetype- Xiro Dreambird $25  Bowbie- pink bean blank $15  Miroticaps - Prestige $10 Serendipity $10 ,  $15 bundled  I also have a prime caps deskmat $35 brand new",Minimum-Employment94,1,6,1kmjj1z,https://reddit.com/r/mechmarket/comments/1kmjj1z
1747239875,2025-05-14 16:24:35,[US-CA] [H] Paper80 ewhite [W] Paypal,[**Timestamps**](https://imgur.com/a/8Uz9RTM)  **Paper80 ($350 shipped CONUS)**  \- E-white / PVD Mirror Gunmetal Grey SS weight / WK / PC  \- Flex-cut 1.2mm PCB  BNIB. Only opened for photos.  Comment then pm please!,freebsd217,0,6,1kmjh95,https://reddit.com/r/mechmarket/comments/1kmjh95
1747236730.0,2025-05-14 15:32:10,"[US-CA] [H] Moontower V3 Pink Pc [W] Local Cash, PayPal","[\[timestamp\]](https://imgur.com/a/zU9lHIo)  Case only. In excellent condition.  Will come with JST cable, friendship bracelet and carrying case.   Asking $700. Local to 92126",TakeUvp,1,2,1kmi5xz,https://reddit.com/r/mechmarket/comments/1kmi5xz
1747236427,2025-05-14 15:27:07,"[US-PA][H] GMK Hyperfuse Origins, GMK Penumbra, Zeal60 R1 [W] PayPal",What's up r/mechmarket it's been a hot minute. I was cleaning out a closet and found some stuff I no longer need. I've been out of the keyboard game for a while so please don't crucify me if my prices are super off base. I did search through old posts but due to the age of these items there aren't a lot of recent comparisons. So feel free to politely correct me! I'm limiting my sales to the US. Sorry international friends!     TIMESTAMP: [https://imgur.com/sLyjazO](https://imgur.com/sLyjazO)  Fu,PertinentPavo,1,4,1kmi1j3,https://reddit.com/r/mechmarket/comments/1kmi1j3
1747234476,2025-05-14 14:54:36,[US-NC] [H] Paragon Series Drop Shogun / Deepdive [W] PayPal,"Timestamp : [https://imgur.com/a/UwvsMTw](https://imgur.com/a/UwvsMTw)      Minimal use on both boards, Kept in very good condition  Both come with their respective Keycap / Switch Puller and cable, Shogun comes with Drop Alt case     Shogun - 300  Deep Dive - 350  ",JehttyG,0,3,1kmh844,https://reddit.com/r/mechmarket/comments/1kmh844
1747234476,2025-05-14 14:54:36,[US-NC] [H] Paragon Series Drop Shogun / Deepdive [W] PayPal,"Timestamp : [https://imgur.com/a/UwvsMTw](https://imgur.com/a/UwvsMTw)      Minimal use on both boards, Kept in very good condition  Both come with their respective Keycap / Switch Puller and cable, Shogun comes with Drop Alt case     Shogun - 300  Deep Dive - 350  ",JehttyG,0,3,1kmh844,https://reddit.com/r/mechmarket/comments/1kmh844
1747234247.0,2025-05-14 14:50:47,[US-NC][H] PayPal [W] Dactyl Keyboard (QMK-VIAL Ready),"I'm looking to try out a Dactyl keyboard, preferably a 5x6 layout, and it needs to work with Vial out of the box so that I can easily remap keys on my work computer.   Send me offers, thanks!",HeadWombat,1,1,1kmh4pl,https://reddit.com/r/mechmarket/comments/1kmh4pl
1747232660,2025-05-14 14:24:20,[US-MA][H] GMK Terminal [W] Paypal,[timestamp](https://imgur.com/a/VwIiBSe)  $200 OBO,danishswedeguy,0,6,1kmghhg,https://reddit.com/r/mechmarket/comments/1kmghhg
1747230888,2025-05-14 13:54:48,[WTS] Glacier 80 – Full Kit – Price Negotiable,[removed],-__Gwyn__-,1,2,1kmfrxj,https://reddit.com/r/mechmarket/comments/1kmfrxj
1747228654,2025-05-14 13:17:34,"[CA-ON] [H] Zoom 75 TIGA Black w All Plates and Foams, KeyTok Turn to 90's Keycaps [W] PayPal, Local, Cash","[Timestamp](https://imgur.com/a/zoom-75-tiga-black-340SfZu)   Hi all,   Selling m**y Zoom 75 TIGA Black**. This is the content creation pack so it comes with the following:   * All Foams: Standard, Cork, Poron * Plates: PC, Alu, FR4, and POM * PCB Type: Tri-mode Flex CUT PCB * All Mounting Systems      Asking for $300 USD + Shipping  or  $420 CAD + Shipping.       Please PM w/ postal code for shipping inquiry. Otherwise,  I'm available on the Toronto Subway line for local meetups.      Also, sel",Tbnadz,1,3,1kmex8w,https://reddit.com/r/mechmarket/comments/1kmex8w
1747227655,2025-05-14 13:00:55,[WTS] Glacier 80-Full Kit-Price Negotiable,[removed],-__Gwyn__-,1,0,1kmekfy,https://reddit.com/r/mechmarket/comments/1kmekfy
1747227617,2025-05-14 13:00:17,[Artisan] Crookey artisan Clover R1 raffle live,Hello.  Welcome to Crookey raffle.  Keycap of this raffle is **Clover R1.**  **⌛Form open \~ closes :**  2025/05/14/pm 10:00 (GMT+9 / KST) \~ 05/15/pm 10:00 (GMT+9 / KST) 24 hours  **<Link>**  [Gallery](https://imgur.com/gallery/crookey-artisan-raffle-clover-r1-live-3P5Gppw) / [Form link](https://forms.gle/57UG7ZLC6MbYz2xeA)  [Instagram (artisan account)](https://www.instagram.com/crookey_artisan/) / [Instagram (silver account)](https://www.instagram.com/crookid_silver/)  [Discord (WIP)](https:/,Crookey_artisan,0,1,1kmejw4,https://reddit.com/r/mechmarket/comments/1kmejw4
1747227584,2025-05-14 12:59:44,[Artisan] acap artisan BULK Blue Alert Colorway,"Hello, this is Acap.   We’ve created the Blue Alert colorway of Bulk.   In the future, various limited-edition colors of Bulk will be released—so please look forward to them! :)  **Form open \~ closes** : 2025/05/14/pm 10:00 (GMT+9 / KST) \~ 05/20/pm 10:00 (GMT+9 / KST)  <Link>   [imgur](https://imgur.com/gallery/bulk-blue-alert-oZdYt7Q) / [Forms](https://docs.google.com/forms/d/10MgcwYUS9LyqVvIoq_ncN4c6LITNqTYyDDM5R5eX_mk/edit)  [Instagram ](https://www.instagram.com/acap_artisan/)/ [Discord](h",ACAP_artisankeycap,5,8,1kmejgl,https://reddit.com/r/mechmarket/comments/1kmejgl
1747226623,2025-05-14 12:43:43,[Artisan] omniclectic | Miso the MonKey by booper! | 05/14/2025 | 12pm EST,"Introducing my newest sculpt, Miso! Some of you may remember my original Monkey. While not exactly a V2, this is definitely an evolution in sculpt of one of my favorite animals! Miso has big glossy eyes similar to Fang, to allow for more resin writing and detailed designs. I hope you all enjoy this little character as much as I loved making him!   For the OG sale I decided on a classic brown base and lighter face, with him sitting a top a bunch of green leaves. The eyes reflect a tropic sunset a",omniclectic,0,1,1kme7ll,https://reddit.com/r/mechmarket/comments/1kme7ll
1747226149.0,2025-05-14 12:35:49,"[EU-DE][H] GMMK Pro Black Slate w/ Brass Plate, Incomplete GMK Red Samurai TKL [W] PayPal","[Timestamp and pictures](https://imgur.com/a/Fy2LmBQ)  Selling these to be able to pay for my cat's surgery.  **GMMK Pro Black Slate w/ Brass Plate:** has some scratches on the plate from trying to insert different stabs. - **100€ shipped to germany**  **GMK Red Samurai:** Honestly, my brother used these keycaps for a very short period and then ditched them for different ones. I could not find a bunch of the caps, including the arrow keys and some others. All keys necessary for a 60% are there, ",sqiushi,1,1,1kme1sk,https://reddit.com/r/mechmarket/comments/1kme1sk
1747224159,2025-05-14 12:02:39,"[US-VA] [H] Julie60, QK65v2 Classic, January Wrist Rest, Bastion TKL F13 PCB Hotswap, GMK Digital Nightmares, KAM Soaring Skies, Switches [W] PayPal","[Timestamp](https://imgur.com/a/u-722611-mechmarket-5-13-4qA2feY)  Prices are shipped within the US, shipping at cost to Canada PM only, no chats; comment before sending message; Not interested in trades    **Keyboards**   * Julie60 Silver WKL: $400     * SS backplate, PVD toblerone     * Hotswap OR solder pcb     * Alu and PC plates     * Carry case, hardware, etc.  * QK65 v2 Classic: $150     * First Light Top/Ice Blue Bottom     * Spray-coated Pink Weight     * Meow Badge     * Alu and CF Pla",722611,1,5,1kmddsb,https://reddit.com/r/mechmarket/comments/1kmddsb
1747223144,2025-05-14 11:45:44,"[US-MA] [H] MacBook Pro M3 Pro 14"" – 1TB SSD / 16GB RAM / 77 Cycles / Apple Warranty [W] PayPal",[removed],pyrorc,1,1,1kmd27r,https://reddit.com/r/mechmarket/comments/1kmd27r
1747223060,2025-05-14 11:44:20,"[US-MA] [H] MacBook Pro M3 Pro 14"" – 1TB SSD / 16GB RAM / 77 Cycles / Apple Warranty [W] PayPal","**Description:**   Timestamp: [https://drive.google.com/drive/folders/1EFvmtAV7Z1QWRv-yn8aUIPOUemDUwcHC](https://drive.google.com/drive/folders/1EFvmtAV7Z1QWRv-yn8aUIPOUemDUwcHC)  Selling my **MacBook Pro 14”** with **M3 Pro chip**, in like-new condition.  🔧 **Specs**:  * **Model**: MacBook Pro 14-inch (2023) * **Chip**: Apple M3 Pro (11-core CPU / 14-core GPU) * **RAM**: 16GB Unified * **Storage**: 1TB SSD * **Battery**: 77 cycles – 100% health * **Color**: Space Black or Space Gray (please spe",pyrorc,1,1,1kmd19z,https://reddit.com/r/mechmarket/comments/1kmd19z
1747222976,2025-05-14 11:42:56,"[USA-MA] [H] MacBook Pro M3 Pro 14"" – 1TB SSD / 16GB RAM / 77 Cycles / Apple Warranty [W] PayPal",[removed],pyrorc,1,3,1kmd0dn,https://reddit.com/r/mechmarket/comments/1kmd0dn
1747217237.0,2025-05-14 10:07:17,"[EU-SE] [H] PBTfans Spark R2 Color Mod kit, sealed [W] Paypal",[Timestamps](https://imgur.com/a/CnnOKNG)  PBTfans Spark R2 Color Mod kit. Sealed  45€  Shipping not included in the price but should be cheap considering the size.,LinkXr,1,1,1kmbg6m,https://reddit.com/r/mechmarket/comments/1kmbg6m
1747215255,2025-05-14 09:34:15,[GB] flxlb ZT60 | A premium 60% ortho with standard keyset support,"Hello everyone,  I’m excited to announce that pre-orders are now open for the **ZT60**, a 60% ortholinear keyboard I’ve been working on for quite some time. This design began with an [Interest Check here](https://www.reddit.com/r/olkb/comments/mxr8jw/ic_fluxlab_zt60_a_premium_60_ortho/). This is my second group buy after the Zplit, and I appreciate all the support and interest so far!  **Pre-order here:** [https://www.flxlb.ca](https://www.flxlb.ca/)  # About the ZT60  The **ZT60** is a premium ",LePurplexD,6,1,1kmaz38,https://reddit.com/r/mechmarket/comments/1kmaz38
1747215162,2025-05-14 09:32:42,[US-CA] [H] TGR 910 v2 ME silver [W] Paypal," [https://imgur.com/a/HWrybJB](https://imgur.com/a/HWrybJB)  **TGR 910 v2 ME** \- $660 GnS + shipping  * A stock silver with suave blue * 1 Hotswap PCB * 5 Plates    * PC    * POM    * FR4    * ABS    * Nylon (cracked on 'Esc' key) * 4 Backplates    * heat-treated polished stainless steel (on board)    * stock suave blue aluminum     * silver aluminum engraved ""TGR""    * carbon fiber * Kaban suave blue carrying case * Accessories (o-ring, screws, auth card, ...)  very good condition other than o",warmmtoast,2,6,1kmayax,https://reddit.com/r/mechmarket/comments/1kmayax
1747215082,2025-05-14 09:31:22,[GB] flxlb ZT60 | Premium 60% Ortho with Standard Keyset Support,[ZT60 Photo](https://cdn.shopify.com/s/files/1/0925/7834/9340/files/A7_09727.jpg?v=1746687541),LePurplexD,1,0,1kmaxmn,https://reddit.com/r/mechmarket/comments/1kmaxmn
1747203692.0,2025-05-14 06:21:32,[US-NJ] [H] Paypal [W] Keycult 2/65 Gray and Silver or Keycult No. 2 TKL Gray and Brass,[removed],Affectionate_Run548,1,0,1km8ais,https://reddit.com/r/mechmarket/comments/1km8ais
1747201123,2025-05-14 05:38:43,"[US-CA] [H] paypal [W] GMK WOB Shinethrough, R0-R5, macros","I want:  -GMK WOB Shinethrough kit, GMK WOB R0-R5  -GMK Dracula Macros kit",mellowsauce,1,4,1km7nbo,https://reddit.com/r/mechmarket/comments/1km7nbo
1747193542,2025-05-14 03:32:22,[US-FL] [H] Paypal G&S [W] Geon Venom60 HE PCB,"Looking for a geon venom60 he pcb. I prefer 7U layout, but 6.75 is fine.   If you have a venom60 plate along with PCB, then even better.  Paying with Paygal G&S. Comment before pm.",DatBoiZz,2,4,1km5je6,https://reddit.com/r/mechmarket/comments/1km5je6
1747192444.0,2025-05-14 03:14:04,[US-OK][H] PayPal [W] Neo65 wired PCB,"Hello everyone, I am looking for a Neo65 wired hotswap PCB that has the rgb function. Wanted to check here before I spent just as much on shipping as the board itself from the website.  Thanks!",tha_blak_sheep,1,1,1km578c,https://reddit.com/r/mechmarket/comments/1km578c
1747192080,2025-05-14 03:08:00,"[US-CA] [H] GMK Rainy Day 2 (Base), MW Barista Keycaps (Base, Novs) [W] Paypal","[GMK Rainy Day 2 (Base](https://imgur.com/a/BzOpU5r)) Was saving this for a build that was never completed. Mounted once; has been sitting on my shelf since then. No shine or anything as it hasn't been used enough for that.   $145 shipped CONUS.    [MW Barista (Base, Novs)](https://imgur.com/a/UIfRsnp) These have seen some moderate use. Not shined or anything, but I have used them on a main desk board. No issues, otherwise, still in excellent condition.  $85 shipped. CONUS",MangoIceCream381,2,5,1km53bw,https://reddit.com/r/mechmarket/comments/1km53bw
1747191804.0,2025-05-14 03:03:24,[US-FL] [H] Paypal [W] Demon sword oath kit,Looking for demon sword oath kit. Comment or pm me. thank you.,Hardmatician_,1,1,1km508i,https://reddit.com/r/mechmarket/comments/1km508i
1747189420,2025-05-14 02:23:40,"[US-OH][H]TOFU60 2.0 HHKB, WS Heavy Tactiles [W]Paypal, Trades","[https://imgur.com/a/yrgzGUk](https://imgur.com/a/yrgzGUk)  All prices included g&s fees, shipping not included and will be added depending on the location. Open to offers and local pickup!  |Item|Link(s)|Description|Price| |:-|:-|:-|:-| |Tofu60 2.0 HHKB|[https://imgur.com/a/BTaaTrs](https://imgur.com/a/BTaaTrs)|Fully built with BSUN Cliff Tactiles & PBTfans WOB. Carbon fiber plate with both gasket and cup mounting styles. Foam-lined box ""case.""|$200| |Wuque Studios Heavy Tactile switches|[https",igetzhappy,2,3,1km48fk,https://reddit.com/r/mechmarket/comments/1km48fk
1747188308,2025-05-14 02:05:08,[UK] [H] PayPal [W] Infinikey Monochrome Extensions Kit,"Hi, looking for this kit to complete a build  Would take both used or new  Also willing to pay for international shipping",Zei_,1,2,1km3vol,https://reddit.com/r/mechmarket/comments/1km3vol
1747185354,2025-05-14 01:15:54,[Artisan] Frieren Hand-Carved Line Color Titanium Keycaps,Hello  This week we launched the Frieren Hand-Carved Line Color Titanium Keycaps.  All the lines are hand-carved under a high-power microscope.  Price: $300  Purchase address:  https://ttkcap.com/product/frieren-hand-carved-line-color-titanium-keycaps/  Join our Discord  https://discord.gg/qwuJKedNc4  Gallery  https://imgur.com/a/frieren-hand-carved-line-titanium-keycaps-y5V0zvy ,Back-Miserly574,9,1,1km2wvh,https://reddit.com/r/mechmarket/comments/1km2wvh
1747184464,2025-05-14 01:01:04,"[US-WA] [H] Kohaku Amethyst, Nooir Noland N1, Exclusive 6.5, GMK Cosmo, GMK Dragon Witch, GMK Blue Alert R2, and Artisans [W] Paypal",[removed],Baldsuperman0519,1,0,1km2m98,https://reddit.com/r/mechmarket/comments/1km2m98
1747183354.0,2025-05-14 00:42:34,"[US-NJ][H] Pink FE Fuji 65, S-Craft keycaps, gmk olivia R2 ,GMK Bento R2, JTK Sakura, IFK Comfy [W] PayPal",TimeStamp: [https://imgur.com/a/A7W460d](https://imgur.com/a/A7W460d)  Pink FE Fuji 65 Hotswap + Pink Kanji Badge $300 Shipped (or offer) Never used just opened to check quality   S-Craft keycaps (never mounted except the squirtle)  * Pikachu -$60 shipped * Bulbasaur - $60 shipped * Squirtle - $60 shipped * Charmander - $60 shipped * Dragonite - $60 shipped * Gengar - $65 shipped  gmk olivia R2 + Spacebars - $100 shipped (opened never mounted)  GMK Bento R2 + Novelties - $110 shipped (BNIB)  JTK,FacialH,1,1,1km292l,https://reddit.com/r/mechmarket/comments/1km292l
1747181113,2025-05-14 00:05:13,"[CA-ON] [H] Leopold FC660C (Low-noise/Factory Silenced, 45G Topre, Hangul), Leopold FC660M (Black Aluminium case, Polished GMK MoDo 2, Cherry MX Ergo Tactile Greys) [W] PayPal","Timestamp: [https://imgur.com/a/OUPdMS7](https://imgur.com/a/OUPdMS7)  **- INVOICE(S) WILL BE SENT IN CAD**  **- All items include Canada-wide shipping. +$20 CONUS flat-rate UPS shipping, +shipping for international.**  \----------------------------------------------------------------  **\*\*Leopold FC660C (Low-noise/factory-silenced, 45G Topre)\*\***  \- Black with Black Hangul keycaps, some keycaps are blue (see photos).  \- 45G stock Topre domes (pretty nice, quite tactile).  \- Lubed slider ",PreviousDebate6953,0,3,1km1i2d,https://reddit.com/r/mechmarket/comments/1km1i2d
1747180960,2025-05-14 00:02:40,"[US-OH][H]TOFU60 2.0 HHKB, WS Heavy Tactiles [W]Paypal, Trades",[removed],igetzhappy,1,0,1km1g5t,https://reddit.com/r/mechmarket/comments/1km1g5t
1747179897,2025-05-13 23:44:57,"[US-MI] [H] Iron160 WKL Top (Black, Trade for Black WK Top) | Think 6.5v2 Parts | Mode65 2021 Multicolor Alu Backpiece | Tactile Switches (Blueberry, Dark Eyes, Bad Seed, Corsa, Mint) | [W] PayPal, Local Cash","[Timestamp](https://photos.app.goo.gl/AJYxd16TYw6ap4VS8)  Prices include PayPal G&S fees and shipping. CONUS Only. Please comment before PM; chats will be ignored. Not FCFS. Local to 48323 for cash.  Take all switches for $80.  |Item|Price|Description| |:-|:-|:-| |Iron 160 WKL Top (Black) |Trade - Top Only|Perfect condition with no flaws. Looking to trade for a black WK top. Needs to also be in flawless condition.| |Think 6.5V2 Plate, Badges, Weight|$55|Prefer to sell as a bundle. FR4 plate, bla",armass6101,0,4,1km12n7,https://reddit.com/r/mechmarket/comments/1km12n7
1747179109,2025-05-13 23:31:49,[US-NJ][H] Paypal [W] Zoom75 in Sky Blue ONLY,"LF A Sky Blue Zoom 75 in good condition, not accepting any other colors.   Willing to negotiate on pricing. Please comment before PM, thanks!",Accomplished-Lie1836,0,2,1km0sm5,https://reddit.com/r/mechmarket/comments/1km0sm5
1747178569,2025-05-13 23:22:49,"[US-IA] [H] Osume keycaps, MOA/MOG keycaps, cute artisans [W] PayPal","[Timestamp](https://imgur.com/a/O2UeMO7)  Prices include CONUS shipping  ### **Keycaps**  KPRepublic Silk Dress White Orange doubleshot keycaps ⋯ $30  KAM Blanks black, sealed ⋯ $55  White/brown cat MAO profile keycaps ⋯ $40  Pastel bear EAO profile keycaps ⋯ $40  Akko Bun Wonderland MOG profile keycaps ⋯ $40  Retro Dark Lights 40s kit ⋯ $29  GMK Zen Pond Latin base, spacebars, novelties ⋯ $150, willing to split  Osume Matcha novelties (C2023V2) ⋯ $22  * Sleeve has a bit of water damage but box ",zhaveriane,1,9,1km0llm,https://reddit.com/r/mechmarket/comments/1km0llm
1747178139,2025-05-13 23:15:39,[US-VA] [H] White nemui v1 [W] Paypal,"[Timestamp](https://imgur.com/a/wkJZ06V)  White Nemui: Built with holy pandas, a brass plate, and a brass divider. PCB is NOT hotswap. The keyboard comes with a carrying case but does NOT come with keycaps.  Asking for $240 shipped  One minor nick and a paint scuff as shown in the gallery. There is also some natural patina on the brass divider. Otherwise, the board is in excellent condition.  I can also sell it cheaper if you're in the DMV area, thank you!",wineloop,0,2,1km0g5b,https://reddit.com/r/mechmarket/comments/1km0g5b
1747177552.0,2025-05-13 23:05:52,"[EU-FR] [H] CANNONKEYS CLARABELLE, QLAVIER NOM60 and DSA Milkshake Weirdo Fruits Addons [W] Paypal","[Timestamp](https://imgur.com/a/9lr7eRC)  [Link to PM](https://www.reddit.com/message/compose/?to=yanouzz) if you have questions  KEYBOARDS  **CANNONKEYS CLARABELLE Black - 220$** **~~260$~~**   Very good condition - plate has been filed around enter to allow ISO support, see photos   Brass Plate, carrying case etc.   Cherry Black Hyperglide L&amp;F everywhere except : numpad Vint Black L&amp;F, escape is a Kailh and arrows are Gateron Giants)  **QLAVIER NOM60 White - 50$** **~~80$~~**   Plate A",yanouzz,1,1,1km08j4,https://reddit.com/r/mechmarket/comments/1km08j4
1747174667,2025-05-13 22:17:47,"[US-GA][H] Switches (BSUN, HMX, Gateron, SWK) [W] Paypal",Timestamp: [https://imgur.com/a/DpROVyz](https://imgur.com/a/DpROVyz)     **Take the whole lot** —— **$180 shipped**    BSUN Bunnies x68 — **$30 shipped**  BSUN BCP x72 — **$40 shipped**  Gateron Cream Soda x61 — **$30 shipped**  SWK NEON x67 —  **$40 shipped**  SWK Catmint x70 — **$30.00 shipped**  HMX Hyacinth V2 x74 —  **$25.00 shipped**  HMX Xinahi (Heavy)  x68 — **$25.00 shipped**  CONUS only. Leave a comment and send me a PM. No chat.  Thanks!,sadtoys,0,7,1klz5w0,https://reddit.com/r/mechmarket/comments/1klz5w0
1747174488,2025-05-13 22:14:48,"[US-TX] [H] Built TGR 910 ME Silver/Suave Blue, Built Black F2-84, Aquamarine Built Mekanisk Tind, Sealed GMK Demon Sword, CRP sets, GMK sets, CYSM Keybys, BroBot, RAMAs [W] PayPal","[Timestamp](https://imgur.com/a/GkVXjcj)  Preparing for a cross country move, need to downsize  **Happy to take offers, bundles preferred and can negotiate discounts, been out of the hobby for a while, so apologize if the pricing is off, all is under GB cost. All shipped prices are to CONUS only.**  **TGR 910 v2 ME Silver/Suave Blue** \- Built on a hotswap PCB with owl labs tungsten switches lubed with 205g0 on a PC plate, TX stabs, comes with new spare solder PCB, can include the monokei wob se",MeatheadMed,4,17,1klz3f3,https://reddit.com/r/mechmarket/comments/1klz3f3
1747172003,2025-05-13 21:33:23,[PH] [H] Artisans [W] PayPal,"Timestamps: [https://imgur.com/a/dcTmqNC](https://imgur.com/a/dcTmqNC)  Selling everything including NRD Nest Smoke PC for 260$ shipped  Some don't have box and some have. DM for more info.  Comment before DM'ing, thanks for looking.",LinkCOD,1,4,1kly44l,https://reddit.com/r/mechmarket/comments/1kly44l
1747170730.0,2025-05-13 21:12:10,"[US-NC] [H] Various Keyboards, Keycaps, Switches, and Deskmats for Sale [W] PayPal","Hi everyone,   Downsizing a bunch of items as I've just moved and just do not have the space for it all. All prices are OBO so long as they're reasonable. Please comment before PMing. I am local to Raleigh, NC if you'd like to coordinate something for pickup. Feel free to DM if you have additional questions or want to see more photos.      Timestamp: [https://imgur.com/a/downsizing-keyboards-keycaps-switches-deskmats-fkCgDqz](https://imgur.com/a/downsizing-keyboards-keycaps-switches-deskmats-fkC",wa__nderlvst,1,2,1klxl98,https://reddit.com/r/mechmarket/comments/1klxl98
1747170064,2025-05-13 21:01:04,"[US-OH] [H] Tofu60 2.0 HHKB, WS Heavy Tactiles [W] Paypal",[removed],igetzhappy,1,0,1klxavg,https://reddit.com/r/mechmarket/comments/1klxavg
1747169611,2025-05-13 20:53:31,[GB] Chess series – Crusader’s Gambit Artisan Keycap and Chessboard - Drop Exclusive,"Hi everyone,  # “Behold, this is a design offered exclusively at DROP, to be delivered unto thee after three months of diligent craftsmanship. The chessboard itself is hewn from noble ash and steadfast walnut. This marks the very first of my chess series – a creation I await with great anticipation as the forthcoming DROP unveiling draws near.”  [https://drop.com/buy/jelly-key-crusaders-gambit-artisan-keycap-and-chessboard](https://drop.com/buy/jelly-key-crusaders-gambit-artisan-keycap-and-chess",augustino-jellykey,38,3,1klx40q,https://reddit.com/r/mechmarket/comments/1klx40q
1747169496,2025-05-13 20:51:36,[US-PA] [WTB] Osume Year of the Tiger Keycap Set (Base + Extras if possible),[removed],okayletsgogogo,1,0,1klx2by,https://reddit.com/r/mechmarket/comments/1klx2by
1747169261,2025-05-13 20:47:41,"[US-CA] [H] Dygma Raise, Cherry MX Brown, [W] PayPal","[timestamp](https://imgur.com/a/daHVN6M)  Selling the V1 version of Raise that I bought in 2022. Used for about a year before switching to Glove80. Comes with  * All original cables and functioning parts * Cherry MX Brown (tactile) * Case  Asking for 195$ including shipping inside USA. Priced to sell. I also [did a low profile mod](https://www.reddit.com/r/DygmaLab/comments/15d0s1q/low_profile_dygma_raise) and will include switches and keycaps from that project, if it fancies you.",gogs_bread,1,2,1klwyv4,https://reddit.com/r/mechmarket/comments/1klwyv4
1747167314,2025-05-13 20:15:14,"[US-CA] [H] Dygma Raise, Cherry MX Brown, [W] PayPal",[removed],gogs_bread,1,1,1klw5he,https://reddit.com/r/mechmarket/comments/1klw5he
1747164595,2025-05-13 19:29:55,"[US-NJ] [H] Think 6.5 v2 PC, Think 6.5 v3 E-White, Hope 75X E-White, Sat75 E-White, Sat75 X White, Wind X R2 McFlurry [W] PayPal","Timestamps: [https://imgur.com/a/4SpG8zm](https://imgur.com/a/4SpG8zm)  Hey everyone! Doing some spring cleaning - everything listed below is for sale and I will take offers as long as they are not disrespectful. Please comment before pming. I will entertain local offers in and around the NYC area.   |Item|Notes|Price| |:-|:-|:-| || |Hope 75X Premium|E-White. FR4 Plate. PC Plate. Hotswap PCB. Mint condition, hairline scratch on bottom of weight.|$350| |Think6.5 v2|Polycarbonate. FR4 Plate. Pom P",TheMuffStufff,1,3,1klv0mh,https://reddit.com/r/mechmarket/comments/1klv0mh
1747162580,2025-05-13 18:56:20,"[US-CA] [H] Mr. Suit Black with Gold Chamfers, GMK Keycaps [W] PayPal, Cash","[**Timestamps**](https://imgur.com/a/timestamps-8PcrOV1)  Local to 92805 OC  Price includes shipping and fees  5% off the listed price if you can pick up locally  [**Owlabs Mr. Suit Black WKL with Golden Glossy Chamfer -- $500 Shipped**](https://imgur.com/a/mr-suit-St9aLhA)  * [SOUND TEST](https://youtu.be/ubtHT1AIb3Y) * Hotswap built with Gateron Oil Kings L&F on POM Plate * Extras: 1x New Solder PCB + New Foams, 2 FR4 Plate, 2 PC Plate * Original Accessories with New Black Artisan PVD * Box is",fitemebtch,1,6,1klu6iq,https://reddit.com/r/mechmarket/comments/1klu6iq
1747162371.0,2025-05-13 18:52:51,"[US-PA] [H] PayPal [W] Matrix MY-2K 100NG, MY-2K 80% WKL, Geonworks F1-8K WKL, TGR Shi VA, GMK Metaverse, GMK Regal Deskmat, GMK Midnight Rainbow, GMK Blue Alert","Looking to buy the following:  Matrix MY-2K 100NG - Sea Blue  Matrix MY-2K 80% WKL - Asago Purple/Meteorite Grey  Geonworks F1-8K Snow Edition WKL - Baby Blue/Silver with PC bottom and silver weights  TGR Shi VA - Blue  GMK Metaverse - Base, Royal, Space, and Novelties Kit  GMK Regal - Lion/Filigree Deskmat  GMK Midnight Rainbow - Base Kit  GMK Blue Alert R2 - Extension  Please comment then PM.",missalaire,1,1,1klu3iw,https://reddit.com/r/mechmarket/comments/1klu3iw
1747161464,2025-05-13 18:37:44,[US-PA] [H] Paypal [W] Hammerworks CRP Mirror Image,Looking to pick up an 80s kit and alphas with preference to the alpha - b kit. Still interested in other kits however. Please DM me!,heiiioworld,1,2,1kltp0e,https://reddit.com/r/mechmarket/comments/1kltp0e
1747161008,2025-05-13 18:30:08,"[US-WA][H] Paypal G&S [W] Rama Kara Internal Weight/Silencer, Rama Duck Switches","Currently looking for:  * Rama Duck Switches (hoping for 90x or more) * Rama Kara Internal Silencer * Rama Kara Internal Weight  Also comment if you are selling any interesting Rama stuff. (i.e. jars, wallet, cheaper rama boards, etc). I already have an M60-A (Moon), M50-A (Yolk), Kara Soya, Kara Kuro. So not looking for more variations of those.   Thanks everyone!",Sedierta2,0,5,1klthza,https://reddit.com/r/mechmarket/comments/1klthza
1747160716.0,2025-05-13 18:25:16,[US-CA] [H] PayPal [W] Polycarbonate 60/65 Board,"Looking for a polycarbonate 60 or 65 keyboard with hotswap PCB. Let me know what you got, thanks! ",joeryu,1,2,1kltdgk,https://reddit.com/r/mechmarket/comments/1kltdgk
1747159915.0,2025-05-13 18:11:55,[EU-FR] [H] PayPal [W] GMK Olivia International set (or ISO keys),Looking at least for the folliwing keycaps :   * ISO enter (preference for pink) * Left 1.25 Shift * &lt; key * pipe ISO,Slyd22,1,2,1klt185,https://reddit.com/r/mechmarket/comments/1klt185
1747159533,2025-05-13 18:05:33,[Bulk] Avalar's Switch Modding & Lubing Service - 10% off for all! 15% off for returning customers!,"**For \~$0.62 (PayPal G&S)**, I will hand-lube, film, part swap, and do various other mods to your MX, Choc, Box, etc., switches. I supply my own lube and films, but will accept customers' lube and switch parts for a reduced price. Buyers pay to and from shipping. Shipping for the typical U.S order will be cheap (about $4-$9), unless the package is several lbs. **I will pay for some of the shipping cost for international customers.** Faster shipping methods can be requested. Lubing/modding order",Avalarr,11,2,1klsvkc,https://reddit.com/r/mechmarket/comments/1klsvkc
1747158969.0,2025-05-13 17:56:09,"[US-CA] [H] Hibi June + GMK Moondust (base/novelties/spacebars), deskmats, MW Voynich, Mythcaps Artisans [W] Paypal","Hiya,  92121  Timestamp 1 (June + GMK Moondust): [https://imgur.com/a/Ou8wYto](https://imgur.com/a/Ou8wYto)  Timestamp 2 (Deskmat collection): [https://imgur.com/a/CJIQqAf](https://imgur.com/a/CJIQqAf)  Timestamp 3 (Mythcaps): [https://imgur.com/a/WVJ6JxH](https://imgur.com/a/WVJ6JxH)  1. June + GMK Moondust + Original Packaging (well-shined &amp; used):  $250 shipped (incl. owlab neon switches + tuned stabs) FR4 plate.  2. 8 Deskmats (Ideally bundled since shipping is gonna cost a ton).  If you",jagspetdog,0,6,1klsmpg,https://reddit.com/r/mechmarket/comments/1klsmpg
1747158969,2025-05-13 17:56:09,"[US-CA] [H] Hibi June + GMK Moondust (base/novelties/spacebars), deskmats, MW Voynich, Mythcaps Artisans [W] Paypal","Hiya,  92121  Timestamp 1 (June + GMK Moondust): [https://imgur.com/a/Ou8wYto](https://imgur.com/a/Ou8wYto)  Timestamp 2 (Deskmat collection): [https://imgur.com/a/CJIQqAf](https://imgur.com/a/CJIQqAf)  Timestamp 3 (Mythcaps): [https://imgur.com/a/WVJ6JxH](https://imgur.com/a/WVJ6JxH)    1. June + GMK Moondust + Original Packaging (well-shined & used):  $250 shipped (incl. owlab neon switches + tuned stabs) FR4 plate.  2. 12 Deskmats (Ideally bundled since shipping is gonna cost a ton).  If you ",jagspetdog,0,6,1klsmpg,https://reddit.com/r/mechmarket/comments/1klsmpg
1747158503,2025-05-13 17:48:23,[US-NY] [H] Kbdcraft Custom Lego Keyboard with akko cream yellow v3 pro [W] Paypal,[removed],STEVEN_1015,1,6,1klsfdc,https://reddit.com/r/mechmarket/comments/1klsfdc
1747158402,2025-05-13 17:46:42,[SG] [H] Loki65 Early Bird Edition BNIB [W] Paypal,"Looking to let go of my Loki65 Early Bird edition. This was ordered before the Mechsandco debacle, just got it now. Brand new and unused.  The main difference between this and the GB version is that it has a Copper weight which has a unique serial number engraving, as well as a Copper runes badge.  Both of which will never be reproduced ever again.  Has 2 PCBs, 1 Solder and 1 Hotswap. The Solder allows 7u and split backspace whereas the Hotswap only has 6.25u. The hotswap also has faulty LEDs.  ",Wonderful_Ad1319,3,5,1klsdu2,https://reddit.com/r/mechmarket/comments/1klsdu2
1747156483,2025-05-13 17:14:43,[Artisan] i see you're a man of culture as well,"Act No.13 : Cultured!   Hi guys! on this drop, i got the inspiration from [u/sisowakame0](https://www.instagram.com/sisowakame0/) ! he literally drew it from scratch and it looks amazing! love how he give me such a great idea for this drop      we got a thematic sculpt this time. the “Hugged Frowny” a frowny that attached by a face hugger!      be ready folks! Cultured raffle will be up for 24 hours starting from 22.00 UTC+7     link : [https://forms.gle/8YgpCBCMDkdNfDrR9](https://forms.gle/8Ygp",Suspicious_Cut_9977,8,1,1klrk70,https://reddit.com/r/mechmarket/comments/1klrk70
1747149543.0,2025-05-13 15:19:03,"[US-NY] [H] Paypal, local cash [W] Alu tkl/60% with thick bezels","Looking for an alu body keyboard with bigger than average bezel size. Best reference would be Dino104, but doesn't have to be that thick. Something like Vortex M0110 would be fine too, just send over w/e you think is thick.",bnaM,1,1,1klommg,https://reddit.com/r/mechmarket/comments/1klommg
1747148002,2025-05-13 14:53:22,[US-NY] [H] Arbiter Studios Polar65 Pro [W] PayPal,https://i.imgur.com/S08QGaR.jpeg  Used Polar65 Pro comes in Polar65+ box   ,STEVEN_1015,1,3,1klnyx7,https://reddit.com/r/mechmarket/comments/1klnyx7
1747147319.0,2025-05-13 14:41:59,"[US-NJ] [H] Keycaps: PBTfans Retro 100, PBTfans Spark Light, Drop + Matt3o /dev/tty MT3 [W] Paypal","[Timestamp](https://drive.google.com/drive/folders/1UCZ-lbPeW_e9CKYG4EQWWLLYnaXJcjT7)  Prices include shipping to CONUS. Discounts available for bundles or local meetup in northern NJ or lower Manhattan.  [PBTfans Retro 100](https://pbt.fans/products/retro-100) Icon Base, Icon Mod, 40s  Lightly used, minor scratches on the 4 and 5 keys (see photos) - asking $70.  [PBTfans Spark Light](https://pbt.fans/products/pbtfans-spark-light) Base Kit, Mod Kit, Spacebar Kit  Barely used (mounted once) in pe",thizzle,1,1,1klnp46,https://reddit.com/r/mechmarket/comments/1klnp46
1747146840.0,2025-05-13 14:34:00,[US-ME][H]GMK Honor，SA terminal，LZ Physix Plate + PCB [W] Paypal,"[Timestamp](https://imgur.com/a/MBvUjoF)  Since I have finished my studies and will be back to China, I will be processing these stocks in the last week. Please let me know if you need anything.  **The price is not fixed and can be flexible. If you buy more than one, I will make a discount.**  **Price includes PP fee, include shipping , CONUS only！**  **Please comment then PM!**  **GMK Honor-----$110 shipped**  * Light Base+Light Addon * Sealed, unused,Bundle sale  [SA terminal](https://imgur.co",kevinsunbo,1,2,1klnhwu,https://reddit.com/r/mechmarket/comments/1klnhwu
1747145394,2025-05-13 14:09:54,[US-MA] [H] PayPal [W] Geon Stem Trimmer,Looking for a stem trimmer. LMK if you have one you're willing to part with.,Popsandwich,1,4,1klmwc8,https://reddit.com/r/mechmarket/comments/1klmwc8
1747144990,2025-05-13 14:03:10,[US-MI] [H] Unopened GMK Nautilus 2 set + Golden RAMA + Novelties + Deskmat [W] Paypal,"GMK Nautilus 2 bundle timestamp: https://imgur.com/a/1eLPjba  All sealed and unopened. Items sold as a bundle.    I am interested in selling, not a trade. Firstborn due in less than two months and unfortunately I can't buy diapers with keycaps (yet).  Price includes shipping to the continental US. If you are outside of CONUS, we can discuss added shipping costs.  Selling:  | **Item** | **Description / Link** | **Price&nbsp;(shipped CONUS)** | |:--|:--|:--| | **GMK Nautilus 2 Bundle** | Unopened ",lemtrees,1,2,1klmqif,https://reddit.com/r/mechmarket/comments/1klmqif
1747144227,2025-05-13 13:50:27,[AU][H]paypal [W] Metakey tenet 70,Would love to buy a tenet. Preferably located in AU but open to overseas shipping depending on price. I highly prefer a hot swap or new solder pcb. Can pay PayPal g&s.  Let’s chat  Thanks for the space,Bis0ux,2,4,1klmfyf,https://reddit.com/r/mechmarket/comments/1klmfyf
1747141496,2025-05-13 13:04:56,"[AU][W] Metakey tenet70 HS pcb, PayPal",Would love to buy a tenet. Preferably located in AU but open to overseas shipping depending on price.  I highly prefer a hot swap or new solder pcb. Can pay PayPal g&s.  Let’s chat ,Bis0ux,1,1,1kllfig,https://reddit.com/r/mechmarket/comments/1kllfig
1747139842,2025-05-13 12:37:22,[US-NY] [H] PayPal [W] Built TKL Keyboard,"As the title says, I’m fairly new to the space and would hopefully like to get a built TKL keyboard if anyone is willing to part with theirs.  I would prefer the keyboard to have a more “thoccy” sound (Have no idea if the is how you say it) as opposed to it being extremely clicky. I prefer a dark navy / black board but am also fine with silver / white.  I don’t really have a budget but would like to keep it under $1,000.  Please PM me if you have any questions!  (Would use PayPal Goods & Service",dannyboy0874,7,17,1klku7e,https://reddit.com/r/mechmarket/comments/1klku7e
1747133452.0,2025-05-13 10:50:52,"[US-FL] [H] PayPal [W] Bsun Agarwood Switches, Keygeek Raw Linears, MT3 9009 Numpad","For the switches, I need about 108 but I’ll take as many as I can get.  Still searching for the numpad.",core627,1,2,1kliuvx,https://reddit.com/r/mechmarket/comments/1kliuvx
1747131336.0,2025-05-13 10:15:36,"[CA-BC] [H] Zuoya GMK87 80% Keyboard Kit [W] PayPal, Local Cash","Timestamp and photos: https://imgur.com/a/tMUH7a5  Hello folks! I am in BC (Richmond) and I’m selling a brand new GMK87 keyboard kit with RGB in its original packaging. To be honest, I don’t know much about keyboards and I got it as an impulsive buy as I heard it was a good keyboard kit for beginners. I’m selling it for $65 CAD ($45 USD) (open to offers) w/o shipping. Would prefer a door pickup but I’m willing to ship it. Comment or PM, either one works.   Feel free to ask questions or give an o",Nogameknowpain,1,2,1kliaxy,https://reddit.com/r/mechmarket/comments/1kliaxy
1747128666,2025-05-13 09:31:06,"[CA-US] [H] Zuoya GMK87 80% Keyboard kit [W] PayPal, Local Cash","Timestamp and photos: https://imgur.com/a/tMUH7a5  Hello folks! I am in BC (Richmond) and I’m selling a brand new GMK87 keyboard kit with RGB in its original packaging. To be honest, I don’t know much about keyboards and I got it as an impulsive buy as I heard it was a good keyboard kit for beginners. I’m selling it for $65 CAD ($45 USD) (open to offers) w/o shipping. Would prefer a door pickup but I’m willing to ship it.   Comment or PM, either one works. Feel free to ask questions or give an o",Nogameknowpain,1,3,1klhnli,https://reddit.com/r/mechmarket/comments/1klhnli
1747127958,2025-05-13 09:19:18,"[US-CA] [H] Tiger 80 Lite Gaming [W] Paypal, Local Cash","Timestamp: [https://imgur.com/a/iXCAev3](https://imgur.com/a/iXCAev3)     Selling my Tiger Lite Gaming TKL, decided to go with a low-profile setup instead.  Used for maybe 30 minutes, everything is in new and working condition.  Keyboard details:   * Venom 80 HE PCB * Geon RAW HE 50g switches * Milky White case  Asking for $130 shipped. Please leave comment before PM/DM'ing!  |Item|Price|Local Cash| |:-|:-|:-| |Tiger Lite 80 Gaming|$130 shipped|$120, 95051|  ",Desighsive,2,5,1klhhla,https://reddit.com/r/mechmarket/comments/1klhhla
1747127853,2025-05-13 09:17:33,[CA-AB] [H] Paypal [W] WS Dash Switches x70,"Looking for the WS dashes for my wooting 60he, preferably already lubed! ",chlbear,0,5,1klhgou,https://reddit.com/r/mechmarket/comments/1klhgou
1747122024,2025-05-13 07:40:24,[VN] [H] Kibou Fukuro Silver Wkl [W] PayPal,Timestamp: [https://imgur.com/a/E0qQXgC](https://imgur.com/a/E0qQXgC)  More pictures available upon request.  📌 Please comment before sending a PM. Chats will be ignored.  📌 Stabies Include.  📌 Shipped.  Keyboards :  # Kibou Fukuro Silver Wkl- $720  1x Alu Plate  1x Pc Plate  1x CF Plate  1x Solder Pcb Newseal  1x Solder Pcb Milimax     ,Twinkle273,0,2,1klg4ag,https://reddit.com/r/mechmarket/comments/1klg4ag
1747121264,2025-05-13 07:27:44,[US-WA] [H] PayPal [W] Osume YOTR Base + Novelty,"Wanting to buy a Osume YOTR Base + Novelty Set, happy to negotiate a price! Can do pickup if local to California LA area, Seattle, or Chicago. Please comment before PMing. Thank you everyone!",Narwhals41321,1,4,1klfxwf,https://reddit.com/r/mechmarket/comments/1klfxwf
1747121168,2025-05-13 07:26:08,[US-CA][H] Paypal [W] G-Square Vintage60s,"Looking for the special edition, but open to other colors, too",SteveFrmMacheteSquad,1,3,1klfx1d,https://reddit.com/r/mechmarket/comments/1klfx1d
1747118417,2025-05-13 06:40:17,[US-FL] [H] Paypal [W] GMK Fright Club Novelties.,Hi there - please get in touch if you would like to sell. Thank you and have a good day. ,Ultraviolet11011,1,2,1klf9d2,https://reddit.com/r/mechmarket/comments/1klf9d2
1747118089,2025-05-13 06:34:49,[US-CA] [H] GMK Serika (No 7.25u Spacebar) [W] Paypal,"Timestamp: [https://imgur.com/a/WgqyGxS](https://imgur.com/a/WgqyGxS)   GMK Serika base kit lightly used (no 7.25u Spacebar!!), everything else included - $35 Paypal   ",RCunbeatable,3,8,1klf6cq,https://reddit.com/r/mechmarket/comments/1klf6cq
1747112916,2025-05-13 05:08:36,[US-CA] [H] Paypal [W] Keyboard w/ TTC frozen silent V2,[removed],whysoasiany,1,1,1kldtqt,https://reddit.com/r/mechmarket/comments/1kldtqt
1747110453,2025-05-13 04:27:33,"[US-CA] [H] Modded Gamakay K66 w/ Matte WoB Cerakeys & lubed Akko Rosewoods, Various Switches (L/F Gateron Milky Yellows, Akko Rosewoods, Akko Creamy Yellows, Akko Piano Pros, Leobog Reapers), Random Incomplete Purple Keycaps [W] Paypal","[**TIMESTAMP**](https://imgur.com/a/VST8I0L)  Selling an old modded board and some switches and keycaps I'm not using. Been buying stuff from others on r/mechmarket for a bit already, but this is my first time selling stuff, so pardon me if my post ends up missing some info. Feel free to comment or message me with any questions you might have.   **Will ship to CONUS only.**   **All items are OBO.**   **Inbox only, no chats please. Comment before inboxing.**   \---     **Board**  [Gamakay K66 (Mo",Justines-Mic,0,8,1kld587,https://reddit.com/r/mechmarket/comments/1kld587
1747110224,2025-05-13 04:23:44,[US-CA] [H]Paypal [W]Space65 Chroma by Graystudio,"Hi, I'm looking to find a space65 base kit or full board, chroma version. Preferably hotswappable but its okay",diluc-key,1,2,1kld310,https://reddit.com/r/mechmarket/comments/1kld310
1747106591,2025-05-13 03:23:11,[AU][H] MIRA SE [W] Paypal,"Timestamp: [https://imgur.com/a/JBwd3VM](https://imgur.com/a/JBwd3VM)  More pictures: [https://imgur.com/a/OJt1ed2](https://imgur.com/a/OJt1ed2)  MIra SE WKL, Blue top Gray bottom. SS weight. Pink alu plate + extra SS plate + PCB  Pink plate has some pretty bad clicky switches in them so desoldering or using the other PCB is needed.  Asking $450 + Shipping. ( Heavy board )",RespectElves,1,2,1klbzyh,https://reddit.com/r/mechmarket/comments/1klbzyh
1747106456,2025-05-13 03:20:56,[US-OR] [H] Rose Gold/Stainless Bauer with GMK Olivia ++ / spacebar kit [W] Paypal / Local Cash,Timestamp: [https://imgur.com/a/yp5N6F1](https://imgur.com/a/yp5N6F1)   Selling a Rose GoldBauer Vickrey Full stainless with mirrored back GMK Olivia built with L+F Nixies       \-It will also come with 2 extra pcbs and 1 extra plate (3 pcbs and 2 plates total) the one with some switches in them are mill maxxed for hotswapping       \-will come with the extra screws/rubber corners for the plate etc      \-This will also include GMK olivia ++ light with the spacebar addition       Looking for $20,Atally,0,3,1klbyi6,https://reddit.com/r/mechmarket/comments/1klbyi6
1747106077,2025-05-13 03:14:37,[Artisan] Craftkey Morphex Throne Raffle Sale,"Hello my friend.   Next Chapter: The Protector and the Warning  Soma let out a soft chuckle, his tone laced with both irony and nostalgia:  “Honestly… I’ve lost track of how many laws I broke. But one thing I remember clearly when I left this station, the entire place threw a celebration like they’d been freed from a storm.”  Renko and Morphex exchanged a glance, uncertain whether to laugh or be on guard.  Turning to them, Soma gestured toward the figure standing before them and said:  “Let me i",Craftkeycap,1,1,1klbu6m,https://reddit.com/r/mechmarket/comments/1klbu6m
1747106025,2025-05-13 03:13:45,[US-UT] [H] Paypal [W] GMK rainy day base,,ookkthenn,0,3,1klbtl6,https://reddit.com/r/mechmarket/comments/1klbtl6
1747105972,2025-05-13 03:12:52,"[US-CA] [H] Hand Engineering 2000 Mini SE Moonrock [W] PayPal/Local Cash, GMK Sets, 60s or TKLs","[TIMESTAMP](https://imgur.com/a/k9rIgpX)  Looking to either sell or trade my 2000 Mini SE in Moonrock which is the WKL colorway. Comes with 2 PCBs (1 millmaxed, 1 unused), alu and CF plates. Switches, stabs, and keycaps not included. $565 shipped w/PP fee included. CONUS ONLY.  Ideally would like to trade for a 60 or TKL (open to offers), or combination of some GMK sets. Wishlist is:  GMK Skidolcha  GMK Toxic  GMK Deepwell  GMK Necro  **Open to all offers.**  **Comment before PM**",AkDoxx,1,2,1klbszw,https://reddit.com/r/mechmarket/comments/1klbszw
1747104568,2025-05-13 02:49:28,"[US-CO] [H] Latrialum Caps (2020-2022), KAT Mizu Moonlight, Mode65 v1 (PC, Black Backpiece, FR4 ANSI HS) [W] Paypal, Local Cash",[Timestamp](https://imgur.com/a/ZGP0wTq),Kaery,0,7,1klbd53,https://reddit.com/r/mechmarket/comments/1klbd53
1747104381,2025-05-13 02:46:21,"[US-CA] [H] QK80 MK2, Keycaps, Switches [W] Paypal","Please comment before sending PM. Shipping in CONUS Only.  Timestamp & Photos: [https://imgur.com/a/s99zUC9](https://imgur.com/a/s99zUC9)     **QK80 MK2 WK Anodized Grey $260 Shipped**  Tri-mode Non-flex cut Hotswap PCB (No RGB)  CF and POM Plate  Cable and Stabs brand new/never used    **Keycaps :**  **All keycaps are used and will be shipped in bags, price is shipped.**  GMK ZX Base Kit - $95  Milky Way Retro Lights General Kit - $40  Drop DCX Permafrost - $45  EPOMAKER Airy 143 Keys ESA Profi",SnooEagles5927,0,2,1klbb3j,https://reddit.com/r/mechmarket/comments/1klbb3j
1747103732,2025-05-13 02:35:32,"[GB] GMK CYL Flare | May 12, 2025 - June 16, 2025","GMK CYL Flare    GB Timeline: May 12, 2025 - June 16, 2025  Estimated Fulfilment: Q4 2025/Q1 2026  Using nothing but RAL 2005 and CR Black, this set was designed to make any set look dull in comparison and be seen across any room it is placed in. This no extra frills set is bound to bring the most intense orange into your setup.  **Kits**    • [Base Kit](https://imgur.com/ams2ztW) \- (250 MOQ) \[US - $140 USD\] \[Everywhere else - $130\]   **Renders**    • [Keyboard Renders](https://imgur.com/a/",Proper-Monitor,10,1,1klb3te,https://reddit.com/r/mechmarket/comments/1klb3te
1747103359.0,2025-05-13 02:29:19,"[CA-ON] [H] Art Lebedev Optimus Maximus keyboard [W] Paypal, Local","[TIMESTAMP](https://imgur.com/a/05xABVP)  USD 1400/CAD 1900 OBO, ConUS/CAN/Local to the GTA   Shipping + Paypal G&amp;S Included  Selling a LNIB black Art Lebedev Optimus Maximus keyboard  Comment before PM. Thanks!",h3llbringer,1,2,1klazlj,https://reddit.com/r/mechmarket/comments/1klazlj
1747102597,2025-05-13 02:16:37,[US-CA] [H] Paypal [W] Venom HE TKL PCB Keyboard,"Hey! Looking for a keyboard with the Venom HE TKL PCB. It can be unbuilt but must have a metal case. I'm most interested in Cycle8's in either Pink, Black, White, or Silver, but I'm open to other kits and colors! PM me",Kiyocks,1,2,1klaqkd,https://reddit.com/r/mechmarket/comments/1klaqkd
1747100181,2025-05-13 01:36:21,[US-NY] [H] Wooting 80HE Zinc Alloy Case [W] Paypal,"https://imgur.com/a/EjAf2o1  Looking for $280 shipped, including all original accessories and keycaps",adrunkbunny,0,2,1kl9xkz,https://reddit.com/r/mechmarket/comments/1kl9xkz
1747099481,2025-05-13 01:24:41,[US-NY] [H] Mr. Suit R1 Babypowder Golden Glossy Chamfer WK & RAMA Koyu Moon w/ Internal Weight [W] Paypal G&S,"[Timestamp](https://imgur.com/a/geUOtWl)  Both boards come as is, no original packaging. All prices include shipping. More pics can be sent upon request. Please comment before PM!  **Mr. Suit R1 Babypowder Golden Glossy Chamfer WK - $450 -** Really liked how this board felt and looked, but the layout was just too big for me. Honestly I hardly used it once I built it. In perfect condition, no scratches at all. This was built with the OwLabs Liquidmetal Stabs, POM plate, Hotsawb PCB, full foam. Re",Prize-Biscuit,3,9,1kl9p81,https://reddit.com/r/mechmarket/comments/1kl9p81
1747098990,2025-05-13 01:16:30,"[US-CA] [H] TX60 (Black, HHKB + WK Top) [W] Paypal"," Timestamp: https://imgur.com/a/aytwsuB  TX60 (Black) includes both HHKB and WK top; no PCB, overall good condition (minor scuffs on plate and scratches on brass weight from previous owner).  Price: $130 (w/out shipping) CONUS only!  Thanks for looking! :)   ",_itznotmee,7,10,1kl9jbb,https://reddit.com/r/mechmarket/comments/1kl9jbb
1747098072.0,2025-05-13 01:01:12,"[ZA] [H] Mint Condition Haven TKL, Space65 [W] Paypal","Heyo, selling for friend who's in Johannesburg for university.  [Timestamp](https://imgur.com/a/CS9gmud).  Both boards are in pristine condition and carefully used. No visible scratches on the exterior at all.  Haven TKL: Color is white SVD with stainless steel gold weight. Built with banana split switches and GMK Striker. Asking $500 fully built or $400 for just the kit.   Space65: Dark Vader color way,  built with GMK Shanshui and red jacket switches. Asking $450 fully built or $400 for kit (i",Any_Start_1670,1,2,1kl98gj,https://reddit.com/r/mechmarket/comments/1kl98gj
1747097321.0,2025-05-13 00:48:41,[ZA-JNB] [H] Mint Condition Haven TKL and Space65 [W] Paypal,"Heyo, selling for friend who's in Johannesburg for university.  [Timestamp](https://imgur.com/a/CS9gmud).  Both boards are in pristine condition and carefully used. No visible scratches on the exterior at all.  Haven TKL: Color is white SVD with stainless steel gold weight. Built with banana split switches and GMK Striker. Asking $500 fully built or $400 for just the kit.   Space65: Dark Vader color way,  built with GMK Shanshui and red jacket switches. Asking $450 fully built or $400 for kit (i",Any_Start_1670,1,1,1kl8zfc,https://reddit.com/r/mechmarket/comments/1kl8zfc
1747097303,2025-05-13 00:48:23,[US-PA] [H] Wooting 80HE /w upgrade Zinc Alloy Case [W] Paypal,"https://imgur.com/a/b5l4BP3  Looking for $300 shipped obo, wasn't used much, maybe 9 hours tops. Will include all original accessories and keycaps, and will also include the ones that are already on there.",plizark,1,3,1kl8z7a,https://reddit.com/r/mechmarket/comments/1kl8z7a
1747096044.0,2025-05-13 00:27:24,[US-TX] [H] PBTfans Xray Keycaps [W] PayPal,[removed],TuanTitanXreame,1,0,1kl8k2b,https://reddit.com/r/mechmarket/comments/1kl8k2b
1747095594.0,2025-05-13 00:19:54,"[CA-AB] [H] Wooting60HE, tofu60 og case, stock plastic case, CF/PC/alu plates and plate foams. GMK keycaps, blue cheese switches (70), kailh BCP switches (70), backspace black jade switches (70). [W] PayPal.","Timestamp: https://imgur.com/a/XWtg5fL  Boards: Wooting 60he w/ tofu60 case, kbdfans CF plate, Wooting PC and Alu plates. Also includes stock Wooting plastic case and all plate foams. 190$ + shipping.  Keycaps: GMK black snail w/ novelties kit 90$ + shipping.  GMK 80082 base set 90$ + shipping.  Switches: Keybay blue cheese switches (52g spring version) 25$ + shipping.  Kailh BCP switches 25$ + shipping.  Backspace x gateron black jade switches 50$ + shipping. 70 of each switches. ",HarleyDaveson9,2,11,1kl8ejv,https://reddit.com/r/mechmarket/comments/1kl8ejv
1747095594.0,2025-05-13 00:19:54,"[CA-AB] [H] Wooting60HE, tofu60 og case, stock plastic case, CF/PC/alu plates and plate foams. GMK keycaps, blue cheese switches (70), kailh BCP switches (70), backspace black jade switches (70). [W] PayPal.","Timestamp: https://imgur.com/a/XWtg5fL  Boards: Wooting 60he w/ tofu60 case, kbdfans CF plate, Wooting PC and Alu plates. Also includes stock Wooting plastic case and all plate foams. 190$ + shipping.  Keycaps: GMK black snail w/ novelties kit 90$ + shipping.  GMK 80082 base set 90$ + shipping.  Switches: Keybay blue cheese switches (52g spring version) 25$ + shipping.  Kailh BCP switches 25$ + shipping.  Backspace x gateron black jade switches 50$ + shipping. 70 of each switches. ",HarleyDaveson9,2,11,1kl8ejv,https://reddit.com/r/mechmarket/comments/1kl8ejv
1747095594,2025-05-13 00:19:54,"[CA-AB] [H] Wooting60HE, tofu60 og case, stock plastic case, CF/PC/alu plates and plate foams. GMK keycaps, blue cheese switches (70), kailh BCP switches (70), backspace black jade switches (70). [W] PayPal.","Timestamp: https://imgur.com/a/XWtg5fL  Boards: Wooting 60he w/ tofu60 case, kbdfans CF plate, Wooting PC and Alu plates. Also includes stock Wooting plastic case and all plate foams. 190$ + shipping.  Keycaps: GMK black snail w/ novelties kit 90$ + shipping.  GMK 80082 base set 90$ + shipping.  Switches: Keybay blue cheese switches (52g spring version) 25$ + shipping.  Kailh BCP switches 25$ + shipping.  Backspace x gateron black jade switches 50$ + shipping.",HarleyDaveson9,2,11,1kl8ejv,https://reddit.com/r/mechmarket/comments/1kl8ejv
1747095018,2025-05-13 00:10:18,[US-CA] [H] Paypal [W] Haimu Heartbeat Silent Linear Switches,Hey MM!  Looking to get these switches to try out. If you have some you’re looking to sell DM me.   Post here before DM. Thanks!,jrdnlc,1,3,1kl87dv,https://reddit.com/r/mechmarket/comments/1kl87dv
1747094945,2025-05-13 00:09:05,[USA-CA] [H] Paypal [W] Haimu Heartbeat Silent Linear Switches,Hey MM!  Looking to get these switches to try out. If you have some you’re looking to sell DM me.   Post here before DM. Thanks!,jrdnlc,1,3,1kl86hn,https://reddit.com/r/mechmarket/comments/1kl86hn
1747094423.0,2025-05-13 00:00:23,"[CA-AB] [H] Wooting 60he, og tofu60 case, kbdfans CF plate, gmk keycaps, blue cheese switches (70), kailh bcp switches (70), gateron backspace black jade magnetic switches (90).",Timestamp: https://imgur.com/a/XWtg5fL,HarleyDaveson9,1,2,1kl7zpu,https://reddit.com/r/mechmarket/comments/1kl7zpu
1747094260,2025-05-12 23:57:40,"[US-WA] [H] Discounted GMK, Osume keycaps, Evo 80, Neo 80, Jelly key artisans [W] Paypal, Typeface Monospace, Neo 75 CU Silver/Copper, Gmk Kaiju, Zooted, Cysm artisans",[Timestamp](https://imgur.com/a/6O0eKdw)  **Hi everyone!**  All the keycaps and keyboards in this list are either brand new (unopened) or used once and returned to their original manufacturer packaging!  A few quick notes:  * **Please comment before sending a chat request** * **CONUS shipping is free** for above $100 * **Discounts and Offers**    * BUY 1 Keyboard get a keycap from Set A for 20% off or from Set B for 50% off    * Buy 1 from Set A get 1 for 50% off from Set B * If you have any que,Altruistic_Sir,2,19,1kl7xlv,https://reddit.com/r/mechmarket/comments/1kl7xlv
1747091978,2025-05-12 23:19:38,[US-IL] [H] HHKB Professional Hybrid + Domikey caps │ SteelSeries wired KB+mouse combo [W] PayPal,"[Timestamp & Album](https://imgur.com/a/qvDRQZr)  Hope these go to a good home! The HHKB was purchased by a friend visiting Japan. Tried it once but it's just not for me unfortunately.     The Steelseries combo is in fair condition, been used for roughly a year. Will be deep cleaned and shipped.    \### HHKB Professional Hybrid (Topre, BT/USB-C) + Domikey \[colorway\]    • Condition: open-box mint, <3 hrs use, zero shine    • Includes original PBT caps, cable, docs \*\*plus\*\* full Domikey kit ",oh_no_its_shawn,0,3,1kl743u,https://reddit.com/r/mechmarket/comments/1kl743u
1747091012,2025-05-12 23:03:32,"[US-CO] [H] Discounted GMK Spirit, DSA Lightcycle, Zeal switches, Key Forge, Varmilo 68, Drop CTRL, NightCaps Artisans & lots more [W] PayPal","**[TIMESTAMP and Full Album](https://imgur.com/a/CfjClZX)**  Shipping and PayPal Fees for Gherkin switches, Artisans and bagged keycaps - $5 Shipping and PayPal Fees for full keyboards and large keycap boxes - $15    Local to Denver    Prefer shipping within CONUS.  Discounts on shipping with bundles as well.     Please comment before PM'ing   [KEYBOARDS](https://imgur.com/muYmp7j)|PRICE| :--|--:| Varmilo VA68MN [1](https://imgur.com/lez7eia) [2](https://imgur.com/sEga694) [3](https://imgur.com/",long_way_down,1,4,1kl6rss,https://reddit.com/r/mechmarket/comments/1kl6rss
1747090383,2025-05-12 22:53:03,"[US-CA] [H] Keyboards, Keycaps [W] Paypal","[Timestamp 5/9/25](https://imgur.com/a/timestamp-5-9-25-6fErAP9)  Soundtests are linked below. Shipped prices are for CONUS, discounts and priority for bundles and local. As usual comment before pm. Local to 91776 if you want to do to meet up. Thanks for looking! Feel free to offer.  |Boards|Description|Price| |:-|:-|:-| |[Vintage60](https://imgur.com/a/vintage60-l-f-hyperglide-browns-light-tactile-crp-xerox-6001-iYmKrZg)|Vintage60 built with Lubed and Filmed Hyperglide Browns and Xerox 6001 key",Deykuu,1,8,1kl6jdc,https://reddit.com/r/mechmarket/comments/1kl6jdc
1747089852,2025-05-12 22:44:12,"[CA-AB][H] January Frosted PC Wrist rest, MatrixLab 8XV 3 ⅓, MONOKEI Kei V2, Mode SixtyFive 2024 [W] Paypal","Timestamp:  [https://imgur.com/a/783dLlm](https://imgur.com/a/783dLlm)  Hello, selling some things I don't use, All prices in USD and includes shipping in NA. With PayPal Goods and services. Keyboards do not included switches or keycaps.  Comment before PM thank you.  **MatrixLab 8XV 3 ⅓**  Linen **with** Marble Pattern PVD, SWKL, Non Flex-cut, 2x Hotswap PCB, PP plate, Alu plate, Original packaging   Built, never used  $500.00 USD    **MONOKEI Kei V2**  Silver top HHKB case, Noren blue bottom c",Mythdazlias,1,6,1kl6c9q,https://reddit.com/r/mechmarket/comments/1kl6c9q
1747087755.0,2025-05-12 22:09:15,"[US-GA] [H] Drop Holy Pands, Strawberry jelly V2 switches  [W] Paypal","Timestamp: [https://imgur.com/a/9YsHOEs](https://imgur.com/a/9YsHOEs)    Picked these both up at some point over the years and never got around to using them. Never got tired of my c\^3 tangerines lmao.   Stock switches, never mounted.      Price:   Drop - 70x Holy Pandas  : $60 + shipping   Designer Studio - 90x Strawberry Jelly V2 : $40 + shipping   Paypal - Goods &amp; Services. CONUS shipping only.    PM if interested. Thanks!     ",blayneandsimple,1,1,1kl5jqo,https://reddit.com/r/mechmarket/comments/1kl5jqo
1747086899,2025-05-12 21:54:59,"[UK] [H] Rama M50-a, Rama duck switches, Rama grid keycaps, Rama Jars [W] Paypal","[Timestamp](https://imgur.com/a/ArM1zjI)    |Kind|Price| |:-|:-| |Rama m50-a board (KURO) / Brass plate / Hotswap PCB / A to C cable |£550| |Rama duck switches 70pcs|£65| |Rama grid keycaps set (NOCT) 70pcs|£35| |Rama Jars - Large / Medium / Small / Tiny, 1 each - 4 total|£50| |Total|£700|     ",Typical-Reality-2737,0,3,1kl57ws,https://reddit.com/r/mechmarket/comments/1kl57ws
1747086094.0,2025-05-12 21:41:34,"[US-CA] [H] GMK Minimal 2 Keycaps, 2 kits available [W] PayPal","[Timestamp](https://imgur.com/a/us-ca-h-gmk-minimal-2-keycaps-2-kits-available-w-paypal-q9dTaAZ)  Hey everyone,  |Item|Description|Condition|Price| |:-|:-|:-|:-| |GMK Minimal 2 Base Kit (cyl)|Brand new and unopened|New|$70| |GMK Minimal Obscure (cyl)|Slightly used|Used|$55|  * **Shipping:** US only. Shipping cost extra based on your location and actual costs (USPS). * **Bundle deal:** If you buy both kits, I’ll cover the shipping costs.  Thanks!",cheechlabeech,1,1,1kl4wig,https://reddit.com/r/mechmarket/comments/1kl4wig
1747085756,2025-05-12 21:35:56,"[US-CA] [H] GMK Minimal 2 Keycaps, 2 kits available [W] PayPal","**Title:**   `[US-CA] [H] GMK Minimal 2 Keycaps, 2 kits available [W] PayPal`  **Link:**   [Timestamp / Photo](https://imgur.com/a/q9dTaAZ)",cheechlabeech,1,3,1kl4rm8,https://reddit.com/r/mechmarket/comments/1kl4rm8
1747085363,2025-05-12 21:29:23,"[US-IL] [H] Cornflower Neo75 cu [W] Paypal, Local Cash","[Timestamp](https://imgur.com/a/pYd4Xnv)  Please comment before pm'ing, no chats! Feel free to ask for extra timestamps and details! Open to offers and negotiations! Thanks!  |Keyboard|Price|Details| |:-|:-|:-| || |Neo75 cu|180$ + shipping|Original Carrying Case, Wired Hotswap PCB, Cornflower/Brass/Gold Vortex Case, PP Plate, Ultramarine switches, Neo stabs.|",violet_noodlegarden,1,5,1kl4lry,https://reddit.com/r/mechmarket/comments/1kl4lry
1747084133.0,2025-05-12 21:08:53,[US-CA] [H]Paypal [W]Norbauer Ghost of Christmas Future Edition,Looking to buy a Norbauer GOCF in excellent condition.  Please reply to post before DM.  Thanks.,eg68,1,2,1kl43b3,https://reddit.com/r/mechmarket/comments/1kl43b3
1747084133,2025-05-12 21:08:53,[US-CA] [H]Paypal [W]Norbauer Ghost of Christmas Future Edition,# Looking to buy a Norbauer GOCF in excellent condition.    # Please reply to post before DM.    # Thanks.,eg68,0,2,1kl43b3,https://reddit.com/r/mechmarket/comments/1kl43b3
1747083420,2025-05-12 20:57:00,"[EU-NL] [H] Sunset80, Frogmini with Wooting 60he+ pcb [W] Paypal, F1-8X v2, Paypal","timestamps: [https://imgur.com/a/TicIQPr](https://imgur.com/a/TicIQPr)  1. Sunset80 Burgundy  Alu plate  1.6mm pcb   Cherry stab with durock wire   Price: 300 euro + shipping within Europe    2. Frog mini + wooting pcb   POM plate custom cut   Gateron jades + geon raptor switches   Wooting 60he + pcb   Cherry stab with durock wire   Price: 250 euro, 180 for the frog mini case separated   WTT with F1-8x v2 ",Emergency_Comb_4447,0,3,1kl3sab,https://reddit.com/r/mechmarket/comments/1kl3sab
1747082225,2025-05-12 20:37:05,[US-FL] [H] PayPal [W] PBTFans Spark R2 Blue Mods and Numpad,Preferably new or lightly used/mounted once,N6NG,1,2,1kl3ah9,https://reddit.com/r/mechmarket/comments/1kl3ah9
1747081435,2025-05-12 20:23:55,"[US-CA] [H] Haven65 Red/Black, JJW Play Tray 2 Taupe, GMK (Hineybeige, Modo 2 Mist, Red Dragon Novs), Key Kobo Violet on Cream VOC, Infinikey Apple PBT BoW, Switches (Jwick, Gateron blue, Kailh cream) [W] PayPal, Ori 3//60 OG Founder's FE","[Timestamp](https://imgur.com/a/o8CDP3Y)  Shipping to CONUS only for these items. Please comment and send PM / chat ([link](https://www.reddit.com/message/compose/?to=deanamtronix))  Looking to buy Ori 3//60 OG Founder's Edition (I have a black badge edition available for swap + cash)  |Keyboards|Ask Price|Description| |:-|:-|:-| |Haven65 Red ""Temp"", black weight ([pics](https://imgur.com/a/fSNuUkR))|$350 shipped|Excellent condition, Hotswap, Alu, FR4, POM and PC plate, original box, accessories",deanamtronix,2,4,1kl2yhd,https://reddit.com/r/mechmarket/comments/1kl2yhd
1747079959.0,2025-05-12 19:59:19,"[US-MI] [H] PayPal [W] Neo80 Black WKL, Inkwell Deskmats, GMK WoB Essentials Extensions, GMK WoB Essentials Dark RGB",Looking for these in new/like new condition,Scytul,1,2,1kl2buh,https://reddit.com/r/mechmarket/comments/1kl2buh
1747079018,2025-05-12 19:43:38,"[US-CA][H] Zoom65v3, QK65v2, Space82 Blade Runner, GMK Peaches n Cream Lite, IFK (Amalfi, Cafe), AM Dark Glacier, NP PBT Alphas, Artisans (GMK (PnC, Zooted), AC Keycaps Bearcat & Bunnycat (Blurple), Namong Art (PnC, Lavender, Hazakura), Pretty Petite Crafty Puppycat, Zaku Switches [W] PayPal","Hey All,  [Timestamp](https://imgur.com/a/iVqzbgR)  Selling some extra stuff. Please see newest post has most up to date pricing.  &nbsp;  |Boards|Price|Description| |:-|:-|:-| |Zoom65 v3 (E-White/Gold Chamfer)|$215 shippped - $185 local|E-White w/ Gold Chamfers, Anodized Gold Captain Whiskers Weight, PVD Mirror Gold Telescope Weight, LCD Screen, SS Internal Weight, Frosted Tail Light, Stainless Steel PVD Mirror Black Plate, POM Plate, Hotswap Non-Flex PCB. Switches, Stabs, and key caps not incl",HappyHoodwink,6,10,1kl1xk9,https://reddit.com/r/mechmarket/comments/1kl1xk9
1747078835,2025-05-12 19:40:35,"[US-TX] [H] GMK Keycaps, PBTfans Deep Sea Predator, other keycaps, Keyboards [W] Paypal, GMK Keycaps, KKB Cherries Base and Alphas","Timestamp:  [https://imgur.com/a/OKMhGJb](https://imgur.com/a/OKMhGJb)  Hello, selling some things I don't use    Keycaps:  |Item|Description|Condition|Price| |:-|:-|:-|:-| |GMK Fuji|Katakana Base|BNIB|$110 Shipped| |~~GMK Chaos Theory~~|~~Chaos Base~~|~~BNIB~~|~~$130 Shipped~~| |GMK Watermelon|Base|BNIB|$150 Shipped| |GMK Blue Alert R2|Hangul|BNIB|$60 Shipped| |PBTfans Deep Sea Predator|Hoshoku Base|Light use, little to no shine|$100 Shipped| |ePBT Dreamscape|Base Kit + Spacebars|BNIB|$110 Ship",Upbeat-Ad-1887,2,2,1kl1ura,https://reddit.com/r/mechmarket/comments/1kl1ura
1747078775,2025-05-12 19:39:35,[US-NY] [H] PayPal [W] 87 Gazzew U4 or TTC Bluish White Silent V2, If anyone has some they would like to sell. I would like to try the Gazzew U4’s or the TTC Bluish White.  ,aja1216,2,3,1kl1tt0,https://reddit.com/r/mechmarket/comments/1kl1tt0
1747077807,2025-05-12 19:23:27,[US-GA] [H] PayPal [W] Neo Ergo (Ano Grey),"Looking for a Neo Ergo, grey preferred but may consider navy. Hotswap also preferred.         Might be unlikely, but I’m also hoping for one with a dusk weight and silver kernel.       Please PM if you have one available to sell!",eaterofworld,1,2,1kl1fdq,https://reddit.com/r/mechmarket/comments/1kl1fdq
1747077718,2025-05-12 19:21:58,"[EU-DE] [H] Akko Macaw, HyperX Pudding, Cherry MX Red, Akko 3084 SP Ocean Star [W] PayPal","[Timestamp](https://imgur.com/a/QRcPfZR)  Selling:  1. Akko Macaw keycap set, Cherry profile, 157 keys. Used for about 6 months, a few keys have developed shine (most notably speacebar) - 30 € 2. HyperX Pudding in white, OEM profile, 104 keys. Used for less than a month, no shine - 15 € 3. 84x Cherry MX Red switches. Desoldered from pre-built, never used - 15 € 4. Akko 3084 SP Ocean Star, modified. Installed EVA foam in the case, lubed, clipped and adjusted stabs, lubed Gazzew Bobagum 68 g, whit",dontnote,2,4,1kl1dys,https://reddit.com/r/mechmarket/comments/1kl1dys
1747077024,2025-05-12 19:10:24,"[TW][H] Laminar Boomerang、Safa TKL、Neo ergo、GMK crème, blue alert, stealth、Mx blacks, browns, oranges [W] PayPal","[timestamp](https://imgur.com/a/mViz89q)  **Laminar Boomerang silver $420+shipping** - sandblasted copper weight - hotswap pcb, cf and custom Alu plate - keycaps and switches not included  **safa tkl wkl red $390 shipped** - brand new 1.2mm solder pcb and 1.6mm pcb - Alu plate x2, pp plate x2, pc, stainless steel plate  **Neo ergo champagne $160 shipped** - wired hotswap pcb, pp, pc plate - pc wristrest - keycaps and switches not included  **keycaps & switches** - GMK blue alert base+stripes **$",OkRecording6032,2,3,1kl131y,https://reddit.com/r/mechmarket/comments/1kl131y
1747076966,2025-05-12 19:09:26,"[US-CA][H] Iron 165, Sakura Custom TKL, Keycap Sets [W] PayPal","Timestamps and iron pics: https://imgur.com/a/H376AHR  Keyboards  | Iron 165 | $450  | Navy / Silver / Brass weight. Brass weight has patina. Built with pewters. PC plate, extra pcb, and carrying case included (not pictured)                                                                                                                                                                                                                                                                                    ",Shinnah,3,9,1kl126i,https://reddit.com/r/mechmarket/comments/1kl126i
1747076637,2025-05-12 19:03:57,"[US-CA] [H] Metakey Tenet 70 [W] PayPal, Local Cash","[Timestamp](https://imgur.com/gallery/gMMmBKQ)  \*First of all, about the previous post. I wasn't expecting so many replies and messages, and because I was very busy on working, so I am pretty sure there were some messages I haven't responded to yet, of that I apologize for any inconvenience. At the same time I am also very grateful for all your messages and support, from the bottom of my heart. I truly appreciate it. You guys are awesome.  So still have a few things available. Prices are in USD",bliu15_7613,1,2,1kl0x8p,https://reddit.com/r/mechmarket/comments/1kl0x8p
1747073015,2025-05-12 18:03:35,"[US-NV] [H] Wooting 80HE, IMK Corne [W] Paypal, Local Cash","[timestamp](https://imgur.com/a/timestamp-ytKuar6)  Prices are shipped for CONUS.  Item | Description| Price ---|---|---- Wooting 80 HE| Smoked black case, Jade switches, includes pbtfans neon r2 keycaps. Very lightly used.| $220 shipped IMK Corne| Fully built silver imk corne. Hotswap pcb built with aqua kings v3 (silent linear). Includes extra hardware, tenting accessories, and carrying case. Blank keycaps.| $300 shipped",Bchui,0,3,1kkzdlx,https://reddit.com/r/mechmarket/comments/1kkzdlx
1747071723,2025-05-12 17:42:03,[US-CA] [H] Paypal [W] GMK Jamon r1,"Hi MM,  Looking for GMK Jamon. Preferably r1, but open to r2 if it includes the fix kit.  Please comment PM before reaching out.  Thanks!",Bryanhorn,1,4,1kkyt6w,https://reddit.com/r/mechmarket/comments/1kkyt6w
1747071627,2025-05-12 17:40:27,[US-TX] [H] PayPal [W] PC Kalam Kohaku,"Looking for a PC Kalam Kohaku, please comment before pming!",iTossDuhRice,0,3,1kkyrpc,https://reddit.com/r/mechmarket/comments/1kkyrpc
1747070725,2025-05-12 17:25:25,"[CA-ON][H] Tomo Suave Blue, White Oak Wrist Rest 65/75, CRP Desko Black Keycaps [W] PayPal","[Timestamp](https://imgur.com/a/JRGEb5a)  Shipping included for US & Canada, international extra.  **Monokei TGR Tomo Suave Blue - $350** **USD** excluding keycaps/**$450** including keycaps  * Solder PCB, built with Gazzew Bobagum Silent Linear switches (Lubed) * Owlstab stabilizers (Lubed) * 2x Brass badges * 2x Standard badges * Polycarbonate plate * All foams and o-ring included * Black Meletrix Kanban * Black braided coiled USB A to C cable * Mint condition, no dents, scratches, scuffs of a",nomorejokin,2,2,1kkydn2,https://reddit.com/r/mechmarket/comments/1kkydn2
1747069259.0,2025-05-12 17:00:59,[US-TX] [H] Built/Modded Wooting [W] Paypal G&amp;S / Local Cash,"Hey y'all, looking to sell a built Wooting 60HE.  It comes with an anodized mocha tofu 60 redux, the brass plate, along with the pcb/plate/(lubed) lekker switch innards of the Wooting along with an o-ring. The keycaps are Osume Dalgona + Novelties, I don't have the rest of the keycaps unfortunately, so I'll deduct price appropriately for that.  Looking for 250 shipped CONUS, please comment before pm!",LegitimateCupcake513,1,1,1kkxqsq,https://reddit.com/r/mechmarket/comments/1kkxqsq
1747067419,2025-05-12 16:30:19,"[Store] RichCables | Custom Cables | Lemo Style, GX16, YC8","Hey everyone!  Richard here from [RichCables](https://richcables.ca/). We offer custom cables and pre-configured cables in many different colorways. Feel free to contact me for sleeved color samples or to design a cable together.  [Custom Cables:](https://richcables.ca/collections/custom-cables)  * straight and coiled options * over 60 sleeving colors * Lemo Style, GX16, YC8, or Weipu connectors  [Pre-Configured Cables:](https://richcables.ca/collections/in-stock)  * straight and coiled options ",Richhi501,5,1,1kkwz0z,https://reddit.com/r/mechmarket/comments/1kkwz0z
1747066144,2025-05-12 16:09:04,"[US-TX][H] Realforce R3HBL3, NCR G81-3077SAU, Hammerworks Xerox 6001, NicePBT Purple Hangul [W] PayPal","[Timestamp](https://imgur.com/a/timestamp-250501-rbnSSsT)  [Product Images](https://imgur.com/a/sale-H6deCmA)  CONUS only, comment before PM, no chats. All prices are OBO, which include shipping and fees. Highest offers, bundles, or users with more trades will be prioritized. Not FCFS.  Realforce R3HBL3 Anniversay Grey/Blue Topre Keyboard - 30g weighted domes, comes with original box and charging cable. I bought this keyboard brand new, but barely used it so the keycaps have minimal shine if any",deafcolours,0,5,1kkwfa1,https://reddit.com/r/mechmarket/comments/1kkwfa1
1747065556,2025-05-12 15:59:16,"[US-CA][H] Keycaps, Keyboards [W] PayPal",Timestamp: https://imgur.com/a/06asQNM  Keytok Do The Jobs brand new never mounted 40$   Keytok Wandering Earth II minimal use. 40$   Chilkey Slice 75 HE  120$ like new   Zenaim HE 130$ Like new   Prices include shipping. Open to offers. ,papaac,0,3,1kkw5vn,https://reddit.com/r/mechmarket/comments/1kkw5vn
1747063244,2025-05-12 15:20:44,[US-UT] [H] PayPal [W] GMK Pharaoh + Novelties,[removed],YoloSwag4Life69,1,1,1kkv79d,https://reddit.com/r/mechmarket/comments/1kkv79d
1747062918,2025-05-12 15:15:18,[US-NY] [H] Paypal [W] GMK Redacted Base Kit,"Preferred very lightly used or BNIB. Looking to do Paypal G&S, willing to cover the fee.     DM me offers after commenting, no chats please.",yfa17,2,4,1kkv2ha,https://reddit.com/r/mechmarket/comments/1kkv2ha
1747062685,2025-05-12 15:11:25,[EU-RO] [H] RAMA WORKS® × Keycult Brass Keycaps [W] PayPal - 35 EUR/piece,"Hello r/mechmarket,  [Timestamp](https://imgur.com/a/2bamgFK)  The keycaps are sealed. I have 9 (nine) left to sell. The price is ~~50~~ ~~40~~ 35 EUR + shipping each.  If you buy two (or more), I can lower the price to 30 EUR/piece.  Comment before [PM](https://www.reddit.com/message/compose/?to=rulz3ro) pls.  Thank you for looking!",rulz3ro,0,4,1kkuz58,https://reddit.com/r/mechmarket/comments/1kkuz58
1747061179,2025-05-12 14:46:19,[CA-ON] [H] Haven TKL [W] Paypal,"[TIMESTAMP](https://i.gyazo.com/7de150ee31a96547bdac13cdd3a52f78.jpg)  **Haven TKL (BNIB)**  - Burgundy, WKL, Solder PCB, PC plate $350 shipped  Price in USD, shipping is extra if outside CAN/CONUS, comment before PM, Local in Toronto.",offlineguy0,1,4,1kkucir,https://reddit.com/r/mechmarket/comments/1kkucir
1747059966,2025-05-12 14:26:06,"[US-TX][H] Paypal [W] Mode Sonnet Polycarb (v2), Neo 65, Neo 65cu, Aluvia keycaps","Hi all, looking for a few items: Mode Sonnet Polycarbonate (v2), Neo 65, Neo 65cu, Aluvia keycaps. Pm me what you have :)!",reevoalex,1,8,1kktut0,https://reddit.com/r/mechmarket/comments/1kktut0
1747059668.0,2025-05-12 14:21:08,[UK] [H] Arc60 Crow [W] Paypal,"[Gallery](https://imgur.com/a/YgVuUcR)  Hey everyone,  I am selling my Vertex Arc60.  I've only ever built this using the hotswap PCB so the solder PCB is still wrapped.   * Case: Crow (black) * PCB: Hotswap + (unused) solder PCB for plateless build * Plate: Alu * Includes tool &amp; spare screws, bumpons, gaskets for plateless build, etc. * Supplied in original box  I am looking for £150 or best offer. Ships from the UK.   DM if interested. ",toesnax,1,2,1kktqfl,https://reddit.com/r/mechmarket/comments/1kktqfl
1747059024,2025-05-12 14:10:24,"[US-NY] [H] GMK Blue Alert, GMK Monarch, Matrix Gundam Badges [W] Paypal","Timestamp: https://imgur.com/a/AjfmskN  Comment before pm. Shipping to conus is included.   ​  |Item|Price|Condition| |:-|:-|:-| |GMK Monarch base and novelties|$150 shipped|Brand new, unsealed.| |GMK Blue Alert base + stripe kit|$180 shipped| Brand new, sealed| |Matrix Gundam R3 badge set|$100 shipped|Brand new|",Nuf_123,1,5,1kkth5v,https://reddit.com/r/mechmarket/comments/1kkth5v
1747058078,2025-05-12 13:54:38,"[US-PA] [H] PayPal [W] GMK Soware, GMK Originative Cyrillic R1",[removed],Big_Salary8520,1,0,1kkt3za,https://reddit.com/r/mechmarket/comments/1kkt3za
1747056785.0,2025-05-12 13:33:05,"[US-ID] [H] Keyboard, Keycaps, Switches [W] Paypal",WTS. CONUS SHIPPING  Please Feel Free to PM or Message.  Timestamp/ Photos: [https://imgur.com/a/9pu2KOd](https://imgur.com/a/9pu2KOd)  Mode Sonnet $285   \-Perfect Condition   \-Polycarb Bottom   \-Multicolor Weight   \-Green Top   \-Copper Accent   \-Copper Plate   Extra/ Included:   \-Zaku V2 Tactile Switches. Hand Lubed.   \-Durock v2 Stabalizers. Hand Lubed.   \-Carrying case.   (Keycaps not Included)  WS Basic Reds $75   \-Keycaps. Like New. No Shine.  BSUN Usagi/537 x89 $25   \-Linear Swi,No-Bus-8610,1,1,1kksmi7,https://reddit.com/r/mechmarket/comments/1kksmi7
1747054373,2025-05-12 12:52:53,"[US-FL] [H] PayPal, Wise [W] Derivative HHKB Gray, Silver or Clay","hey everyone  i'm looking for a R1 Derivative in gray, silver or clay. preferably hhkb, but i'm willing to consider WK. no WKL tho  please, comment before PM'ing",nappunzeky,2,3,1kkrr8q,https://reddit.com/r/mechmarket/comments/1kkrr8q
1747051884,2025-05-12 12:11:24,"[US-MO] [H] Crush80 Reboot Pro, SwagKeys Transition Lite [W] PayPal",[Timestamp](https://imgur.com/a/timestamp-5-12-25-3Ip42Vm)  Hi r/mechmarket  Today I need money to pay for a baby! Lets get right into it:  **Crush80 Reboot Pro Kit (Black with black stone washed weight) - built with HMX Gravel and GMK Evil Dolch The Split (base + novelties + red accents) - $350 USD shipped**  Comes with all the original accessories from the kit except the Kailh cocoa switches. I impulse bought all of this stuff and put it in a board and now I need to get rid of it lol. I have u,Jakebobber,2,4,1kkqxbo,https://reddit.com/r/mechmarket/comments/1kkqxbo
1747042037,2025-05-12 09:27:17,"[MY][H] Cajal 45%, J-01 rev1, Drop Carina, Zoom75, Inett Square X [W] Paypal","Hello, clearing some of my keyboard collection. [Timestamp](https://imgur.com/a/Pkmk1pd).    |Keyboard|Build/Accessories|Price| |:-|:-|:-| |Walletburner Cajal 45%|Hotswap Steel Blue, comes with brass and PC plate|$250| |J-01 rev1|Navy Blue silver pen rail, soldered with Gateron 8008 Inks|$400| |Drop Carina|Hotswap with aluminium plate|$80| |Meletrix Zoom75|Navy/PVD Mirror Silver, Flex Cut Hotswap RGB PCB, PC Plate, comes with Rotary knob and screen module|$210| |Inett Square X 60%|PC case E-Yell",ikramzainal,2,2,1kko7kv,https://reddit.com/r/mechmarket/comments/1kko7kv
1747035709,2025-05-12 07:41:49,[EU-DE] [H] PayPal [W] Luminkey LX60 silver HHKB (aka Luminkey60 LX),"Looking for a Luminkey LX60 in silver with the HHKB top. It is sometimes called Luminkey60 LX. I would also consider a blackout HHKB unit.  If you are one of the many people who is unhappy with the delivered quality, this might be a good chance to offload the board.  If you are willing to sell just the top cover, I would prefer that, but I'll take a whole board. Send me any offers you have. Location doesn't matter, I'll pay for shipping fees.",Galapolis,1,2,1kkmrw4,https://reddit.com/r/mechmarket/comments/1kkmrw4
1747035331,2025-05-12 07:35:31,[US-CA] [H] PayPal [W] Cycle7 Cream / Lilac WKL,P,cauliflowercats,1,2,1kkmotx,https://reddit.com/r/mechmarket/comments/1kkmotx
1747033338,2025-05-12 07:02:18,[US-WA][H] PayPal [W] GMK Infernal + Addons,"I'm looking to purchase a GMK Infernal set. I'd love the num pad addons, at the very least, but also interested in the others.   PayPal is preferred. ",beelzeblegh,0,2,1kkm7yx,https://reddit.com/r/mechmarket/comments/1kkm7yx
1747027662,2025-05-12 05:27:42,"[US-MN] [H] PBTFans X-Ray base kit, Dangkeebs Blueberry Swirls x100 [W] PayPal, local cash",timestamp: [https://imgur.com/BtinS2U](https://imgur.com/BtinS2U)  Barely used the keycaps or switches. Asking $95 shipped for the keycaps and $30 shipped for the switches OBO. Comment before PM/chat.,Enteril,0,6,1kkksye,https://reddit.com/r/mechmarket/comments/1kkksye
1747027080,2025-05-12 05:18:00,[US-NY][H] PayPal [W] Unicomp Mini M,"Hi all, in search of a Unicomp Mini M hopefully secondhand for under retail. Thanks!",skippy_the_dolphin,2,3,1kkkno5,https://reddit.com/r/mechmarket/comments/1kkkno5
1747025136,2025-05-12 04:45:36,"[US-NJ] [H] Silver Neo Ergo, GMK Dracula Base Kit, GMK Dracula Spacebar kit [W] Paypal, Local Cash","[Timestamp](https://imgur.com/a/ergo-dracula-ThHvouQ)      Silver Neo Ergo + GMK Dracalua Base Kit w/ Spacebars: **$300 + shipping**  Silver Neo Ergo w/ Nk Creams: **$200 + shipping**  GMK Dracalua Base Kit w/ Spacebars: **$120 + shipping**     **Description for Neo Ergo**  Silver case + kernel. Wired Hotswap PCB. Chroma Weight + Silver Badge. Aluminum Plate.   Built with NK Creams in excellent condition.   Comes with case + original accessories, **Can include keycaps for additional price. \\** ",dudeforrea,4,8,1kkk5db,https://reddit.com/r/mechmarket/comments/1kkk5db
1747024637,2025-05-12 04:37:17,[US-VA][H] PayPal [W] Mode Encore with copper bottom,Hello looking for the mode encore with copper bottom. Preferably lightly used or like new condition. HS pcb is required along with all original bag and accessories. Please comment pm first before sending a message.   Thank you 😊 ,imback007234,1,2,1kkk0pi,https://reddit.com/r/mechmarket/comments/1kkk0pi
1747023619.0,2025-05-12 04:20:19,[US-FL][H] Paypal [W] Rama Works Switches,"Please let me know, trying to finish off a board - Thanks!",01saleencobra,0,3,1kkjqqp,https://reddit.com/r/mechmarket/comments/1kkjqqp
1747021036,2025-05-12 03:37:16,"[US-WI][H] Paypal [W] Neo65, Capy60, GMK Regal","Hello there,  I am looking to purchase the following -  **Capy60**: WK heavily preferred, blizzard or linen colorway. HS PCB is a must. alu plate  **Neo65**: Cream/ retro-white, might consider white. Tri-mode PCB perferred. Alu plate, copper weight  **GMK Regal:** BNIB Base  BNIB or LNIB would be ideal. Please include shipping in price. Comment before DM. Thank you all for your time!",katxbur,0,2,1kkizrp,https://reddit.com/r/mechmarket/comments/1kkizrp
1747020686,2025-05-12 03:31:26,"[US-ME] [H] PayPal [W] Broken, malfunctioning, or unwanted parts/boards"," I enjoy doing PCB repair work and other troubleshooting, as well as designing boards around random plates, PCBs, cases and other bits too. Interested in pretty much anything you want to get rid of, so shoot me an offer. Particularly interested in any Alice boards or PCBs.",39_Not_Found,2,8,1kkiw31,https://reddit.com/r/mechmarket/comments/1kkiw31
1747018254.0,2025-05-12 02:50:54,[US-CA] [H] KAM 80s After Dark Blue Lights Alphas [W] Paypal,"Timestamp: [https://imgur.com/a/A6DwJhK](https://imgur.com/a/A6DwJhK)  dyesub PBT.  $35 including fees and shipping. New, open box, though the plastic wrap is still on the spacebars + F/J kit.  Paypal Goods and Services, I'll send an invoice for $35 which includes the G&amp;S fee and I'll cover the shipping.  Purchased new from deskhero.ca.  Note that the box is a misprint -- these are uniform profile KAM keycaps, not KAT (which is sculpted).  These are nice thick keycaps and KAM is a great unif",fifegalley,1,2,1kki610,https://reddit.com/r/mechmarket/comments/1kki610
1747016280,2025-05-12 02:18:00,"[US-CA] [H] KKB Motosuko Lake, (Base and Scarf Kit) MW Barista Keycaps (Base, Novs), Moyu EMT V2 (Frost Witch) and KTT Darling Switches [W] Paypal","[Moyu EMT V2 (Frost Witch) Switches x 90](https://imgur.com/a/57M6BL2)  Lightly lubed with 205g0. Pretty nice switches, however I have found Gateron Smoothie switches and they have control of my mind.  Asking $35 shipped CONUS.  [KTT Darling Switches x 80](https://imgur.com/a/5oCtIEi)  Lightly lubed with 205g0. Very smooth, very clacky.  Asking $25 shipped CONUS.  [MW Barista (Base, Novs)](https://imgur.com/a/UIfRsnp) These have seen some moderate use. Not shined or anything, but I have used the",MangoIceCream381,0,4,1kkhknk,https://reddit.com/r/mechmarket/comments/1kkhknk
1747016266,2025-05-12 02:17:46,"[US-VA][H] Mode Envoy, Frog Mini, FC660C, GMK Fright Club, Artisans [W] Paypal","[timestamp](https://imgur.com/a/Q6SRNon)   Doing Some Spring Cleaning, feel free to dm questions  Prices Include Paypal G&S but not shipping   || | ---|---|---- Geonworks WKL Frog Mini Harbor Gray| $225 | Comes with its carrying case + wilba soldered pcb w/ mx2a oranges lightly hand lubed with 3203 and spring swapped to 57.5g 22mm geon springs on Alu plate and cherry stabs w/dielectric grease Mode Envoy Green |$135| Green colorway, with mirror weight and accent, no carrying case, comes with sold",BeWaryImBadAtMath,4,16,1kkhkhu,https://reddit.com/r/mechmarket/comments/1kkhkhu
1747016044,2025-05-12 02:14:04,"[US-GA] [H] GMK Analog Dreams R1 Base, Japanese, Numpad+ISO, GMK Analog Dreams R2 base [W] Venmo G&S","Just clearing out some stuff from when I was more into the hobby. Prices are OBO, it’s been awhile since I’ve lurked here so I’m not sure on more recent prices.   Analog dreams R1 Base: like new. Very, very lightly used, no shine or other signs of use. Comes with original trays in original box. $300  Analog Dreams Japanese Alphas: opened, never used. $150  Numpad: sealed in packaging. $75  Analog Dreams round 2 base: opened, never used. $200  Comment or shoot me a PM if you have any questions! ",MoB_Paintballa1,0,9,1kkhi10,https://reddit.com/r/mechmarket/comments/1kkhi10
1747015550.0,2025-05-12 02:05:50,[Artisan] Life - FCFS sale,"This trio of creations is a reflection of our passage—from the cradle of beginnings, through the threshold of twilight, to the gate that opens into eternity. May you find meaning within them.  [**Image Gallery**](https://imgur.com/a/KJ2GbzT)  [**Form**](https://forms.gle/rfVYJoHiP2FX3u9H7) \- **FCFS style**  Products detail  * Price: $60 each ($160 for the set). * Payment method: PayPal. * Shipping fee: International $12. * MX stems and clones are compatible.  **Timeline**  * All orders will be ",TheRealTienNg,1,1,1kkhcgq,https://reddit.com/r/mechmarket/comments/1kkhcgq
1747013542,2025-05-12 01:32:22,[Artisan] Raykey / Pastel Nero raffle,💛RAYKEY Pastel Nero🩷  💬 Feel the pastel love! 🐱🐾  RAFFLE TIME COMING SOON   2025.05.12 10:00 a.m (GMT+9)  [RAYKEY Pastel Nero price]  - Nero : 55 USD per keycap  +The delivery charge : 15USD (Country where only EMS/DHL can be shipped : 23 USD)  [Form of Pay]  - PayPal  [RAYKEY Nero package components]  - RAYKEY Pastel Nero keycap  - RAYKEY Pastel Nero keycap case  - RAYKEY Pastel Nero warranty card  - RAYKEY Nero Sticker  [Link]  [Album](https://imgur.com/a/HkDxfyf)  [form](https://forms.gle/ept,rlohyezl,0,1,1kkgqc4,https://reddit.com/r/mechmarket/comments/1kkgqc4
1747009933,2025-05-12 00:32:13,"[US-TX] [H] Play CA-66 [W] PayPal, Venmo","Timestamp [https://imgur.com/a/31ZgWdx](https://imgur.com/a/31ZgWdx)  Good day! Keyboard is priced shipped CONUS via USPS, payment via Venmo preferably, but can also take PP in a pinch.  Play Keyboard CA-66, Jade: $220 OBO  Board is in good overall condition and functions flawlessly, see photos for a few spots on the finish (spoiler alert, they are all on the bottom).",_blend,0,4,1kkfm0w,https://reddit.com/r/mechmarket/comments/1kkfm0w
1747009765,2025-05-12 00:29:25,"[US-TX] Play Keyboard CA-66 Jade [W] Venmo, PayPal",[removed],_blend,1,3,1kkfk3i,https://reddit.com/r/mechmarket/comments/1kkfk3i
1747009086,2025-05-12 00:18:06,"[US-CA] [H] Keyboards (QK75; Iqunix Q66; NK87; Neo70), Keycaps (MW Satellite; Seal PBT; Deadline AirMallche; KAT Great Wave; GMK Striker 2, Dots), Lubed Switches (Gateron Baby Kangaroo, CJ Blue; Tescsee Ice Candy, Sangria; C3EqualzX Tangerine), Deskmats, and Artisans [W] PayPal or Local","[Timestamp](https://photos.app.goo.gl/15snBJCH9RhKFz7F7)  Downsizing part of my collection. Everything is used (open), but well taken care of and cleaned before shipping.  All prices\*\*, except deskmats and switches\*\* include shipping within CONUS or local pickup/dropoff in the Los Angeles area. **Bundled discount** if you **purchase 3** or more items :)**.**  Message with any questions. Thank you!  Comment before PM.  |Barebones Board (include lubed/tuned stabilizers)|Description|Asking| |:-",CompetitionOk8413,0,6,1kkfcdq,https://reddit.com/r/mechmarket/comments/1kkfcdq
1747007839.0,2025-05-11 23:57:19,"[US-CA] [H] Keyboards , Keycaps, Artisan [W] PayPal","[TimeStamp](https://imgur.com/a/s2cjHbD)  PM if interested or have any questions. open to offers. Comment before PM .  keycaps will be bag and boxed  Prices include shipping to conus only.  |Item|Condition|Description|Price| |:-|:-|:-|:-| || |[Rainy75 silver](https://imgur.com/a/8iBjHHC)|opened box but sealed board ||$100| |[Realforce R2 TKL ](https://imgur.com/a/1JrNtyZ)|used|silent, purpler sliders, not modded, has a crack on the case by the right win key|$160| |[ZoomTKL Milky Green](https://i",Ok_Philosopher4444,1,1,1kkexyi,https://reddit.com/r/mechmarket/comments/1kkexyi
1747007761,2025-05-11 23:56:01,[US-CA] [H] Space 80 Apollo Deep Ocean [W] PayPal,"[Timestamp](https://imgur.com/a/I4uAmXZ)  Hey all, looking to sell my Space 80 Apollo in the Deep Ocean colorway. Includes 1 used Mouser hotswap PCB, PC plate, FR4 plate, and all the included accessories. Does not include keycaps, switches, or stabs (can add stabs for $15).  Asking price is $400 plus shipping OBO.",kspark324,0,3,1kkex3q,https://reddit.com/r/mechmarket/comments/1kkex3q
1747007269,2025-05-11 23:47:49,"[US-NH] [H] Marble Soda OG switch, TKC Keysets Cabernet Noir, Black&Purple , Purple on white, Polish [W] Paypal","I am selling several Keysets from TKC, The Key Company, and 100 Marble Soda OG switches. The keycap sets are sealed, new and never opened. Switches are new and never used as well. If you want to get several items together I'll give a discount.  All pricing is shipped price.  [Timestamp and Images](https://imgur.com/a/PL9ndJb)  Polish Keyset - $60  Black & Purple Keyset - $60  Infinikey Portico75 Purple on White Keyset 75% Purple - $50  Cabernet Noir Keyset Base Kit - $60  Marble Soda OG switches",Suchamoneypit,0,2,1kkerfk,https://reddit.com/r/mechmarket/comments/1kkerfk
1747006558,2025-05-11 23:35:58,[US-AZ][H] GMK Rainy Day r1 Base [W] PayPal,"[TimeStamp](https://imgur.com/a/gmk-rainy-day-r1-IBDemRT)  GMK Rainy Day R1 Base - $120 Shipped CONUS, international pays shipping  Barely used. No shine or texture loss",Nightwolf027,0,4,1kkej4g,https://reddit.com/r/mechmarket/comments/1kkej4g
1747005031,2025-05-11 23:10:31,[US-CA] [H] RAMA M65-A w/ aluminum bottom [W] PayPal,"Timestamp: https://imgur.com/a/lW3rQt9  Up for sale is a retrofitted USB C RAMA M65-A board w/ aluminum bottom. Condition wise, there are several notable scratches, which are detailed in the photos. You can easily polish out the silver brass weight scratches with the right tool.  Asking $490 OBO. Please comment and PM.",joeytakemasa,0,3,1kke0qw,https://reddit.com/r/mechmarket/comments/1kke0qw
1747004243,2025-05-11 22:57:23,"[US-NY] [H] Keycult Zero, QwertyKeys QK80 Mk.2, HIBI Hero, Tofu Redux Case, Owlab Vento80, Rama M60-A [W] PayPal G&S, Trades for Space80 Apollo WK","[https://imgur.com/a/wiBRyC5](https://imgur.com/a/wiBRyC5)  Keycult Zero, PC and Alu plates, set of black WK blockers and a set of gold WK blockers - $200  QK80 Mk.2, PC plate, comes with GMK Lychee - $325  HIBI Hero, HS PCB, FR4 plate - $200  Tofu Redux Case, brass weight - $75  Owlab Vento80, 1.6mm HS PCB, CF plate - $650  Rama M60-A, Internal Dampener - $350   ",darryhodge,4,12,1kkdr6b,https://reddit.com/r/mechmarket/comments/1kkdr6b
1747003734.0,2025-05-11 22:48:54,[US-FL] [H] HHKB Professional 2 [W] Paypal,"[Timestamp](https://postimg.cc/fkSrvcCP), [Side 1](https://postimg.cc/WFx8FyJ7), [Side 2](https://postimg.cc/qNpL3ygW), [Back](https://postimg.cc/xqSt2wn0)  |Item|Price|Available| |:-|:-|:-| |HHKB Professional 2 (Beige, with Hasu micro-b controller)|$200 shipped|Yes|  **Notes**  * HHKB manufactured in 2018 * Keycaps in good condition, shine on the spacebar (see photos) * Hasu controller makes the HHKB VIA compatible * original controller included as well * 3D Printed Black USB Port Covers includ",UrPokemon,1,2,1kkdl9o,https://reddit.com/r/mechmarket/comments/1kkdl9o
1747003473,2025-05-11 22:44:33,[US-FL] [H] Lin whale Pink [W] PayPal,https://imgur.com/a/x7wBICF  Have a Lin whale with built with zeal 62g sakurio 425 shipped obo. Keycaps not included. PM me for more pics questions and concerns ,pmoney379,1,3,1kkdi6g,https://reddit.com/r/mechmarket/comments/1kkdi6g
1747002554,2025-05-11 22:29:14,[US-TN] [H] Paypal [W] Filco Majestouch 2 TKL Convertible,Still in search of a Filco Majestouch 2 TKL Convertible.  If you have one to sell or see one for sale anywhere let me know.  Leave a reply here and DM please.  Peace,reececonrad,1,2,1kkd6v6,https://reddit.com/r/mechmarket/comments/1kkd6v6
1747002046,2025-05-11 22:20:46,"[US-FL][H] PBT Islander Bundle & Grand Tour ePBT, Ikki68 Aurora w/ Tangerine switches Bundle [W]PayPal","[Timestamp](https://imgur.com/a/iLzyotk)  Comment before PM & please no chats!   Shipping only in CONUS.   * PBT Islander Bundle - Comes with full set, mat, extras, & modifiers - $150 * Grand Tour ePBT Bundle - Grand Tour EBT, Hot swappable Ikki68 Aurora w/ accessories, & Tangerine Switches - $175  Both sets have never been used. PBT Islander was mounted on a board for a short time. Can provide additional pictures and answer questions if necessary. Got out of the hobby and too lazy to take every",GrahamTheRed,3,2,1kkd0ml,https://reddit.com/r/mechmarket/comments/1kkd0ml
1747001951.0,2025-05-11 22:19:11,"[US-NY] [H] A lot of boards (JJW, Owl Labs, Matrix, Gray Studios) [W] Paypal","Timestamp:  [https://imgur.com/a/Ic32QVL](https://imgur.com/a/Ic32QVL)  All board prices are for the bare bones board unless noted.  All boards are used with the exception of the Derivative and the CW60 which are both new  Sheet:  |Board|Config/Accessories|Price shipped CONUS|Condition|Sold?|  :--|:--|--:|:--|:--|  |Owl Labs Mr Suit Pink Coat (WKL)|HS PCB, POM|425|Used Mint||  |Tofu 60 Redux Gray Anno|Includes added weight|70|New (installed the weight and never used it)||  |Shelby 80 White|HS PC",max_rofl,1,2,1kkczev,https://reddit.com/r/mechmarket/comments/1kkczev
1747000675,2025-05-11 21:57:55,"[US-VA] [H] Keycult 1/65 rosegold, Keycult 2/65 raw unfinished wave, Lily Lilac, keycaps[W] PayPal, GMK Gregory, HG Titanium","All prices shipped CONUS   timestamp - [https://imgur.com/a/2YUKhkE](https://imgur.com/a/2YUKhkE)  **KEYCAPS:**  * BNIB PBTfans Resonance R2 - $95 * BNIB Drop + MiTo SA Laser (MiToWaves, MICONS, GAIJIN, 6.25&7.00 Space Bars, ARROWS) - $85 * BNIB IV Works kanketsu in display case - $105    **KEEBS:**   Gok Lily Lilac, sandblast bottom - $630  \-Great condition, no scratch or anything  \-Come with one build, Kailh BOX Blueberry Ice Cream Pro + Typeplus × YiKB Stabilizer  \-Extra 3rd party new pcb ",vyzedd,5,8,1kkcizf,https://reddit.com/r/mechmarket/comments/1kkcizf
1746998074,2025-05-11 21:14:34,[UK] [H] Mode 65 + GMK Modern Dolch (Modo) 2 [W] PayPal,[removed],bluepoww,1,0,1kkbkgw,https://reddit.com/r/mechmarket/comments/1kkbkgw
1746997460,2025-05-11 21:04:20,"[US-TX] [H] Built TGR 910 ME Silver/Suave Blue, Built Black F2-84, Aquamarine Built Mekanisk Tind, Sealed GMK Demon Sword, CRP sets, GMK sets, Keybys, BroBots, RAMAs[W] PayPal","[Timestamp](https://imgur.com/a/gw1TLuN)  Preparing for a cross country move, need to downsize, happy to take offers, been out of the hobby for a while, so apologize if the pricing is off, all is under GB cost   TGR 910 v2 ME Silver/Suave Blue - Built on a hotswap PCB with owl labs tungsten switches lubed with 205g0 on a PC plate, comes with new spare solder PCB - $550 shipped, can bundle GMK Striker for $50  F2-84 Black - Built with Gateron CJs lubed w/ 205g0 on an alu plate, TX stabs, comes wi",MeatheadMed,8,14,1kkbc52,https://reddit.com/r/mechmarket/comments/1kkbc52
1746995861,2025-05-11 20:37:41,[US-AL] [H] Tofu 65 [W] PayPal,"[https://imgur.com/a/QxIKPrY](https://imgur.com/a/QxIKPrY)  Bought this built keeb and kept it on display mostly. Finally deciding to part with it now that I am realizing it isn’t being used as much as others.  Grey aluminum case, Brass weight with peel still on it, Box Navy switches, KBDfans keycaps.  Looking for $130 shipped (PayPal G&S)",Bonkripper7105,0,2,1kkaqal,https://reddit.com/r/mechmarket/comments/1kkaqal
1746995751,2025-05-11 20:35:51,[USA-AL] [H] Tofu 65 [W] PayPal,"[https://imgur.com/a/QxIKPrY](https://imgur.com/a/QxIKPrY)  Bought this built keeb and kept it on display mostly. Finally deciding to part with it now that I am realizing it isn’t being used as much as others.  Grey aluminum case, Brass weight with peel still on it, Box Navy switches, KBDfans keycaps.  Looking for $130 shipped (PayPal G&S)",Bonkripper7105,1,3,1kkaou6,https://reddit.com/r/mechmarket/comments/1kkaou6
1746994946.0,2025-05-11 20:22:26,"[IN] [H] PayPal Invoice [W] Osume Keycap Sets (Red Panda, YOTR, Mocha) with Novelties","Hello!  I’m looking to buy **Osume keycap sets** with their respective novelty sets:  * **Red Panda** * **YOTR (Year of the Rabbit)** * **Mocha**  **Payment Method**: I prefer **PayPal Invoice** for the transaction.   **Condition**: The keycaps should be **lightly used** okay but with **no shine**.  I am located in **India** and would appreciate it if sellers could ship to this location. If you have these sets available, please reach out!",CalendarMobile6376,1,1,1kkaduq,https://reddit.com/r/mechmarket/comments/1kkaduq
1746994454.0,2025-05-11 20:14:14,"[IN] [W] Osume Keycap Sets (Red Panda, YOTR, Mocha) [H] PayPal","Hello!  I’m looking to purchase the following **Osume keycap sets** with their respective novelty sets:  * **Red Panda** * **YOTR (Year of the Rabbit)** * **Mocha**  **Payment Method**: I prefer to pay via **PayPal Invoice**.   **Budget**: My budget is around **$90 to $100 USD max** (including shipping).   **Condition**: The keycaps should be **lightly used**, with **no shine**.  If you have any of these sets in this condition, please feel free to reach out!",CalendarMobile6376,1,0,1kka72j,https://reddit.com/r/mechmarket/comments/1kka72j
1746994427,2025-05-11 20:13:47,[US] [H] Tofu 65 [W] Paypal G&S,"[https://imgur.com/a/QxIKPrY](https://imgur.com/a/QxIKPrY)  Bought this built keeb and kept it on display mostly. Finally deciding to part with it now that I am realizing it isn’t being used as much as others.  Grey aluminum case, Brass weight with peel still on it, Box Navy switches, KBDfans keycaps.  Looking for $130 shipped (PayPal G&S)",Bonkripper7105,1,2,1kka6ph,https://reddit.com/r/mechmarket/comments/1kka6ph
1746993290,2025-05-11 19:54:50,[US-VA] [H] PayPal [W] Pbtfans Poco base,comment before dm,taco-bell-pepper,2,2,1kk9qnf,https://reddit.com/r/mechmarket/comments/1kk9qnf
1746991795,2025-05-11 19:29:55,[US-ME] [H] Paypal [W] Daring Run Flip 6P Black or Dark Gold,"Just learned about the Daring Run Flip 6p and obviously missed the boat on this one. Interested in purchasing either the anodized dark gold (preferred) or black daring run flip 6p's from anyone looking to sell. Ideally would like the blockers, one of the gasket mounted plates, and the south paw mirrored pad, but I can always pick those up myself so it's not necessary.   PM with offers. Cheers everyone. ",GhostOTM,2,3,1kk9679,https://reddit.com/r/mechmarket/comments/1kk9679
1746991009,2025-05-11 19:16:49,[US-CO] [H] custom glorious gmmk 3 75% [w] purchase on eBay,[removed],SnailCrusher647,1,0,1kk8v6d,https://reddit.com/r/mechmarket/comments/1kk8v6d
1746990853,2025-05-11 19:14:13,[US-CA] [H] Arc60 Arcane [W] Paypal,"Hi, I am selling my Arc60 keyboard with some switches, I dont exactly remember which ones they are tbh, but they are lubed and filmed by me. The board is also hotswap too with some foam.  Looking to sell it for 215 Shipped, if you have any questions please pm, I am also open to offers  [TimeStamp](https://imgur.com/a/E7la17y)",RzrRaptor,5,12,1kk8t1y,https://reddit.com/r/mechmarket/comments/1kk8t1y
1746990721,2025-05-11 19:12:01,[US - CA] [H] Arc60 Arcane [W] Paypal,[removed],RzrRaptor,1,2,1kk8r9k,https://reddit.com/r/mechmarket/comments/1kk8r9k
1746989724,2025-05-11 18:55:24,"[US-NJ] [H] QK60, Durock Lavender Switches [W] PayPal, Arc60 Jasper WKL top","Timestamp: [https://imgur.com/a/mechmarket-DEzE0Qw](https://imgur.com/a/mechmarket-DEzE0Qw)  Comment before PM and no chats, please.  Shipping only in CONUS. Local is 08873  Built QK60 R2 WKL - $110 shipped  * Smokey top with black bottom and mirror dusk weight * Wireless tri-mode pcb with FR4 plate * Comes with original parts and case  Switches:   Durock Lavender Switches (x63) - $20 shipped in bag  Looking for:  Arc60 Jasper WKL top to trade with my WK top",androo001,3,2,1kk8d9x,https://reddit.com/r/mechmarket/comments/1kk8d9x
1746989502,2025-05-11 18:51:42,"[US-WA] [H] Neo75 cu BNIB, GMK TeraDrive [W] PayPal","[timestamp](https://i.postimg.cc/SRCmqQyH/IMG-2194.jpg)  Price includes shipping within CONUS  * Neo75 cu - BNIB still in wrapping: Green with Brass, Golden Vortex weight, CF Plate, Hot-swap Wired PCB. **$230**  * GMK TeraDrive Base set - Mounted but never used, still in new condition **$140**  Please comment before PM.",ak_toxik,0,3,1kk8a93,https://reddit.com/r/mechmarket/comments/1kk8a93
1746988595,2025-05-11 18:36:35,[US-FL] [H] PayPal $1.400 ~ $1.900 [W] Unikorn R1,Looking to buy a Unikorn R1 — mainly interested in R1 colorways right now.  Condition and extras will influence budget. Flexible for the right board. Not looking for heavy patina or major flaws.  Please comment before PM. Thanks!,LoeweWee,8,2,1kk7xi0,https://reddit.com/r/mechmarket/comments/1kk7xi0
1746987218,2025-05-11 18:13:38,[EU-NL] [H] Dygma Defy 2 + Extras [W] PayPal,"[Timestamp](https://imgur.com/a/aGcrDK2)  Hey r/mechmarket   I have a Dygma Defy 2 with very little use for sale. Super cool keyboard I’ve been using for my job, but I got a new job where I’m travelling a lot so it’s difficult for me to use and bring this while travelling.   Dygma Defy 2 in Silver Colourway with Tenting Kit and RGB (No underglow)  Gateron G Pro 2.0 Yellow   Hard shell Travel Case   Enhancement Kit  Also comes with the connector, all leads / wires.  Price of everything brand new ",lordbladdemere,0,3,1kk7etr,https://reddit.com/r/mechmarket/comments/1kk7etr
1746987110.0,2025-05-11 18:11:50,"[IN] wtb osume keycap sets red panda, mocha or year of the rabbit [W] PayPal","Hi, I'm looking to buy osume keycap set such as osume mocha, red panda or year of the rabbit! Please know that you're going to ship them to india! Payment method preferred is PayPal invoice! Thank you very much.  Condition: lightly used or brand new without shine. Budget: 90-100$ with shipping!  Thank you very much! ",CalendarMobile6376,1,0,1kk7dcm,https://reddit.com/r/mechmarket/comments/1kk7dcm
1746986772.0,2025-05-11 18:06:12,"[IN] [H] Osume Mocha, Year of the rabbit, Red Panda Keycaps w Nov. [W] PayPal","Hi, I'm looking to buy osume keycap set such as osume mocha, red panda or year of the rabbit! Please know that you're going to ship them to india! Payment method preferred is PayPal invoice! Thank you very much.  Condition: lightly used or brand new without shine. Budget: 90-100$ with shipping!  Thank you very much! ",CalendarMobile6376,1,2,1kk78ro,https://reddit.com/r/mechmarket/comments/1kk78ro
1746986772.0,2025-05-11 18:06:12,"[IN] [H] Osume Mocha, Year of the rabbit, Red Panda Keycaps w Nov. [W] PayPal","Hi, I'm looking to buy osume keycap set such as osume mocha, red panda or year of the rabbit! Please know that you're going to ship them to india! Payment method preferred is PayPal invoice! Thank you very much.  Condition: lightly used or brand new without shine. Budget: 90-100$ with shipping!  Thank you very much! ",CalendarMobile6376,1,2,1kk78ro,https://reddit.com/r/mechmarket/comments/1kk78ro
1746986766,2025-05-11 18:06:06,"[EU-NL][H] MiTo SA Pulse, MiTo XDA, Godspeed SA Ergo von Dox, Artisans [W] PayPyal/Local cash","I'm getting rid of some things I simply don't use it anymore :)  What's for sale?  * [MiTo SA Pulse / Alphas + Icon Hobbyist + Ergo Pro + Arrows + Text Mods + Novelties + Communities](https://imgur.com/a/jhiYNZ6) Almost unused - just tested a few caps on the keyboard, most of the caps are unused.  / **425 EUR + shipping** * [MiTo XDA / Alphas + Micon Mods + Micon Hobbyist + Ergo Micon + Micons Bauhaus + Keyluminatti + Dieter](https://imgur.com/a/dTWSQkf) Almost unused - just tested a few caps on",no00wa,0,2,1kk78ox,https://reddit.com/r/mechmarket/comments/1kk78ox
1746986481,2025-05-11 18:01:21,[CA-AB] PayPal- Qwertykeys Neo80,[removed],e46jb,1,0,1kk74n2,https://reddit.com/r/mechmarket/comments/1kk74n2
1746986480,2025-05-11 18:01:20,[EU-HU] [H] PayPal [W] BakenekoGo frosted,"Hi,  I want to buy cannonkeys bakeneko go, frosted, battery and/or pcb not imported actually I need only the case but I buy whole kit too. I find mosthly in EU, overseas depends on shipping cost.",Mysterious_Device567,2,2,1kk74mg,https://reddit.com/r/mechmarket/comments/1kk74mg
1746984827,2025-05-11 17:33:47,"[UK] [H] Vintage MX Black Switches, GMK Hammerhead Dark, GMK Symbiote + Membrane, GMK Dandy R1 Accent Kit, GMK Dualshot Accent, GMK Noel Extension 40s, GMK Modo Light Numbers [W] PayPal","[Timestamps](https://imgur.com/a/BKdXStx)  I can ship within the UK, and I can ship internationally.  |Item|Condition|Price| |:-|:-|:-| |GMK Hammerhead Dark Base Kit|Brand new, sealed.|115 GBP| |GMK Dandy R1 Accent Kit|Used. Shipped in bag.|25 GBP| |GMK Symbiote Base Kit + Membrane|Lightly used, shipped in tray.|130 GBP| |GMK Dualshot Accent Kit|Lightly used, shipped in bag.|30 GBP| |GMK Modern Dolch Light Numbers Kit|Opened, lightly used. Shipped in bag.|35 GBP| |GMK Noel 40s Extension Kit|Bran",renovate12,3,2,1kk6hf1,https://reddit.com/r/mechmarket/comments/1kk6hf1
1746982188,2025-05-11 16:49:48,[UA] [H] Corne v4.1 + Corne v3.0.1 [W] PayPal,Timestamp: https://imgur.com/a/corne-v4-1-corne-v3-0-1-5JkmX1x  I have two Cornes for sale:  - Corne v4.1 (Factory soldered) - Corne v3.0.1 (Handsoldered)  Corne v3 includes:  - Powder coated switch plates(food grade stainless steel) - PA-CF printed case designed by VOID - Acrilyc display covers  Corne v4:  - ABS printed case with honeycomb pattern - SLS printed case updated to fit with 8mm standoffs - SLS printed default case - Sound dumping foams between PCB and case from foamiran - Sound dump,br64k,2,3,1kk5grp,https://reddit.com/r/mechmarket/comments/1kk5grp
1746981531,2025-05-11 16:38:51,[US-NY] [H] Desoldered Filco MJ2 Ninja Kit [W] PayPal,"[Timestamp](https://imgur.com/a/C7FbdUj)    Filco Majestouch 2 Ninja  * Desoldered working PCB * Plate has some rust, will need some TLC * Desoldered Cherry Blue switches * Includes costar stab wires and accessories * $50 shipped. CON-US only",g_freeman11898,1,2,1kk57u6,https://reddit.com/r/mechmarket/comments/1kk57u6
1746980193.0,2025-05-11 16:16:33,"[EU-FR] [H] PhysiX, Singa 75 R2, TX-1800 V2, Keycaps (GMK, SA, RAMA) [W] PayPal, LZ IRON WKL, TX-1800 V1, OG Dolphin, OG EM7","[Timestamp](https://imgur.com/a/uyZHEhX)  [LINK TO PM](https://www.reddit.com/message/compose/?to=totalrewrite)  Shipping worldwide with tracking  Estimates for keyboards:  * EU, UK, Switzerland: 15-30USD * Anywhere else: ~45+USD  Estimates for keysets:  * EU, UK, Switzerland: 5-20USD * Anywhere else: ~25+USD  Please comment here when messaging (NO Reddit chat; regular PMs only). Click [here](https://www.reddit.com/message/compose/?to=totalrewrite) to write me a PM.  **LZ PhysiX red**  [Album](h",totalrewrite,1,1,1kk4pq5,https://reddit.com/r/mechmarket/comments/1kk4pq5
1746976762,2025-05-11 15:19:22,"[US-VA] [H] Kronos, Frog TKL [W] Paypal","[Timestamp] (https://imgur.com/a/gvxIqLC)  Please reply before PMing  All prices are shipped CONUS via usps  15$ discount for local 24015 (will be in Charlottesville VA this Wednesday as well)  **Frog TKL - $250**  - cookies and cream  - F13-WKL  - McLovin Hotswap PCB  - faulty Apollo PCB (top row doesn't work, everything else does, basically turns it into a frl with a top hat)  - stock alu plate  - non flex cut alu plate from hype keyboards  - 80A+90A duro tadpoles   - *keycaps and switches not",Bluenite0100,5,3,1kk3fmy,https://reddit.com/r/mechmarket/comments/1kk3fmy
1746974836.0,2025-05-11 14:47:16,"[US-FL] [H] PayPal Venmo local cash [W] gmk handarbeit, cyl panels , crp tulip","Looking for GMK Handarbeit, CYL Panels, CRP Tulip — new or lightly used preferred. Priority on Handarbeit.""",MariColin,1,2,1kk2plr,https://reddit.com/r/mechmarket/comments/1kk2plr
1746971891,2025-05-11 13:58:11,[JP] [H] Paypal [W] GMK Civilizations Base + Novelties,[removed],One-Impact-5127,1,0,1kk1mwn,https://reddit.com/r/mechmarket/comments/1kk1mwn
1746971664,2025-05-11 13:54:24,"[US-VA] [H] Neo 80, Wuque Studio Morandi Switches, Cannonkeys NicePBT British Racing Green Keycaps [W] Paypal","[TIMESTAMP](https://imgur.com/a/ofOgHqx)  Hello. Looking to sell the following items! I recently got into mechanical boards and this was my first build. I bought it all over the past 3 weeks, built it out, and used for an evening. While beautiful board, looking for a smaller form factor.  |ITEM|CONDITION|Price| |:-|:-|:-| |Neo 80 in Anodized Green and Copper Weight. Tri-mode Non-flex cut Hotswap PCB|9/10 - Comes with all original accessories and case. The switches in the photo are some I had lay",blackdaryl,1,16,1kk1jyr,https://reddit.com/r/mechmarket/comments/1kk1jyr
1746971306.0,2025-05-11 13:48:26,"[US-FL] [H] Paypal Venmo Local Cash [W] GMK HANDARBEIT, CYL PANELS , CRP Tulip","""Looking for GMK Handarbeit, CYL PANELS , CRP Tulip new or lightly used preferred.""  ",MariColin,1,2,1kk1fh1,https://reddit.com/r/mechmarket/comments/1kk1fh1
1746971261,2025-05-11 13:47:41,"[US-MD] [H] Paypal [W] OTD 360 Corsa, Ishtar Novs, Retro Cherry Dyesubs (3011 Olivetti, OG Desko)",Please comment before PMing :),Chessyab,0,2,1kk1ey0,https://reddit.com/r/mechmarket/comments/1kk1ey0
1746971203.0,2025-05-11 13:46:43,"[CA-ON] [H] Sealed Keycult 1/65 Rose Gold/Charcoal [W] Paypal, E-transfer",[Timestamp](https://i.imgur.com/6VhhuOb.jpeg)  Brand new in box &amp; sealed Keycult 1/65 Rose Gold/Charcoal from Jan 2023 drop.  Paid $700. Asking for $550 G&amp;S shipped in North America. Paypal for the US. E-transfer for Canada  Alu plate &amp; Solder PCB  Video proof upon request,Heavy-Minute-2687,1,2,1kk1e8h,https://reddit.com/r/mechmarket/comments/1kk1e8h
1746970677,2025-05-11 13:37:57,[US-NJ] [H] PayPal [W] UTD 356C,Thanks ,OrinNY,0,3,1kk17y8,https://reddit.com/r/mechmarket/comments/1kk17y8
1746970480,2025-05-11 13:34:40,[US-NJ] [W] UTD 356C [H] PayPal,Thanks. ,OrinNY,1,1,1kk15gt,https://reddit.com/r/mechmarket/comments/1kk15gt
1746969066,2025-05-11 13:11:06,"[EU-DE] [H] PayPal [W] Voice 65, any color","Knob, Light and PCB should be working. No need for Keycaps, Switches or Cable. I would pay around 320€ with Original packaging + shipping fees.",Vammond,0,5,1kk0ozf,https://reddit.com/r/mechmarket/comments/1kk0ozf
1746968428,2025-05-11 13:00:28,[Artisan] Crookey artisan Snake of Eden R1 raffle live,Hello.  Welcome to Crookey raffle.  Keycap of this raffle is **Snake of Eden R1.**  **⌛Form open \~ closes :**  2025/05/11/pm 10:00 (GMT+9 / KST) \~ 05/12/pm 10:00 (GMT+9 / KST) 24 hours  **<Link>**  [Gallery](https://imgur.com/gallery/crookey-artisan-raffle-snake-of-eden-r1-live-VgOssgg) / [Form link](https://forms.gle/Ygx9QFM2NXWShXh49)  [Instagram (artisan account)](https://www.instagram.com/crookey_artisan/) / [Instagram (silver account)](https://www.instagram.com/crookid_silver/)  [Discord ,Crookey_artisan,4,2,1kk0hfv,https://reddit.com/r/mechmarket/comments/1kk0hfv
1746967181,2025-05-11 12:39:41,"[UK][H] Raw Alu J-02, AM Compact Touch/65 Less, Fox Lab Sand Glass Ergo 70 [W] Paypal","WTS:    R**aw Alu J-02**  Desc: Fully unbuilt, comes with unused PT60 PCB, POM ANSI plate and other standard accessories  Price: £255 + shipping    **AM Compact Touch/65 Less R1 in 8-bit colourway (red and cream)**  Desc: Used on and off for about 6 months. Some marks on the back and right side of the case, should be able to be cleaned off relatively easily. See more photos in the imgur album  Price: £200 + shipping **OBO**    **Fox Lab Sand Glass Ergo 70 in E-beige**  Desc: Used on and off for ",diKenOtahT,2,4,1kk03e0,https://reddit.com/r/mechmarket/comments/1kk03e0
1746955866,2025-05-11 09:31:06,[US-AZ] [H] Paypal [W] Fjell 60% Case or Wooting 60HE+ Module Compatible Case or Built Custom Wooting 60HE+ Keyboard,Hey!  Looking for a Wooting 60HE+ Module compatible keyboard.  I have GMK keycaps I plan to use with it.  Would prefer lubed / filmed switches and will pay extra.  Thanks!,AlwaysSniffGlue,3,3,1kjx3yw,https://reddit.com/r/mechmarket/comments/1kjx3yw
1746947073,2025-05-11 07:04:33,[Artisan] Jelly kun / Sprinkle Jelly kun raffle,🩷Sprinkle Jelly kun🩵  Look at me! I'm so cute •^•  [RAFFLE TIME]  2025/05/11 10:00 a.m (GMT+9)  [LINK]  [Image](https://imgur.com/a/JLFiaZm)  [Form](https://forms.gle/JHvqd72B9bF6P3LUA)  [Discord](https://discord.gg/kBQjxMGHzq)  [Instagram](https://instagram.com/jelly__cap)  [INFORMATION]  - Artisan name : jelly kun  - Colorway : Sprinkle Jelly kun   - Price : 45USD per keycap (20pices) + The delivery charge : 15USD (Country where only EMS/DHL can be shipped : 23 USD)  - Raffle time : 2025/05/11,jelly_cap,0,1,1kjv0o2,https://reddit.com/r/mechmarket/comments/1kjv0o2
1746946796,2025-05-11 06:59:56,"[US-CA][H] Aluvia, Neo70 White Tri-mode [W] Paypal, Local Cash","[Timestamp](https://imgur.com/a/aluvia-neo70-B2riuud)     Hello, I have two items available:     |Item|Condition|Price| |:-|:-|:-| |Aluvia|Slight use but in good condition. Please note: the Hihihi enter key and 6.25u spacebar stem are loose, so you might want to use saran wrap.|$100 + Shipping| |Neo70 in White with Mirror Chroma Stainless Steel Weight and PVD Silver Badge. Comes with 2 Tri-mode Hotswap PCBs but one PCB has a missing stab hole (probably still usable), and POM Plate. Also comes wi",RobotechLdv,6,15,1kjuy34,https://reddit.com/r/mechmarket/comments/1kjuy34
1746943343,2025-05-11 06:02:23,[US-AZ][H] Black Spectacle60 [W] Paypal,"Timestamp: [https://imgur.com/a/8DI9Kr5](https://imgur.com/a/8DI9Kr5)  Thank you for all your help rehoming my Flash60. I have decided to just sell the spectacle barebones, very flexible with the price but please keep offers reasonable. The price includes paypal fees.  |Item|Price|Brief description| |:-|:-|:-| || |||| |||| |~~WKL Black Flash60~~|~~$155 + shipping (down from 180)~~|~~inside part of the bottom case patinaed by an pervious owner, comes with a milmaxed hiney pcb and the default alum",Anguis108,1,2,1kju3p0,https://reddit.com/r/mechmarket/comments/1kju3p0
1746942613,2025-05-11 05:50:13,[EU-DE][H] PayPal [W] SA-Copper // KAT Iron // AEboards RAEDS HE,[removed],rdm_npc,1,0,1kjtx6i,https://reddit.com/r/mechmarket/comments/1kjtx6i
1746938636,2025-05-11 04:43:56,[Artisan] Snoop Kirin - Crystal Pieces Artisan Keycap ✨,"🚨 ON THE MIC  [⏰FORM LINK](https://crystalpieces.com/product/snoop-kirin-941)  * RAFFLE TIME: starts now and form opens for 24 hours * PRICE:    * Full version (body + tail): $85 (free shipping) * Quantity: 15 keys * Material: Resin casting * Profile: SA R3/ Cherry R1 and compatible with Cherry MX switches and clones  ✨ Join our [Discord](https://discord.gg/8NnDha39D3) and follow our [Instagram](https://www.instagram.com/crystalpieces.crp/) for updates and more events  *This is a raffle sale, wi",CrystalPieces,0,4,1kjswq6,https://reddit.com/r/mechmarket/comments/1kjswq6
1746937681,2025-05-11 04:28:01,[US-NJ][H] Paypal [W] 1 Tom Colored Catgirl Deskmeowt by Saint Udon,"LF it in good condition, please have pictures available.  Please comment before PM, thanks!",Accomplished-Lie1836,0,4,1kjsnj0,https://reddit.com/r/mechmarket/comments/1kjsnj0
1746933768,2025-05-11 03:22:48,"[US-CA] [H] Koyokeys Artisans (Hana Rakuyo Orchid, Tsubaki Purple Yam) [W] PayPal","Timestamp: [https://imgur.com/a/Z0Z6RdI](https://imgur.com/a/Z0Z6RdI)  Both artisans come with their original sleeve, box, and authenticity card! Condition is 10/10, no scuffs/scratches of any kind. **Looking for $62 G&S shipped each, or $55 each local to zip code 92833 (Fullerton, California)**. I’m also posting this to several discord groups, so if you see similar pictures – that’s still me!",AspiringScienceType,0,2,1kjrjvr,https://reddit.com/r/mechmarket/comments/1kjrjvr
1746931230.0,2025-05-11 02:40:30,[Bulk] MX Blacks | MX Browns | Nixies | Diamond Polished Cherry Switches, **Sale 5¢-10¢ off all switches til May 15th. Prices have been updated**  Hey there! I've got every kind of Cherry MX Black that tickles your fancy.   [TIMESTAMP](https://imgur.com/a/4JhN0mV)  -MX2A   -MX1A (HG)  -Harvested Retools  and even older 1996 Pre-retools  All our harvested switches are cleaned in an ultrasonic cleaner and reassembled with the  same parts to keep that coveted vintage smoothness!   You can get any switch broken in with up to 2-3 million actuations.  I've also got batches,KrisRob35,1,0,1kjqtym,https://reddit.com/r/mechmarket/comments/1kjqtym
1746930975.0,2025-05-11 02:36:15,"[US-NC] [H] Keycult 02/65 raw waves [W] high-end 60 (derivative, snake, sessanta, baionlenja obj, velvet pro, etc), hhkb layout board, interesting offers, paypal","incredible board aesthetically and sound wise but don't like the 65 layout so can't justify keeping it.   timestamp (has short sound test): [https://imgur.com/a/fV9wQdp](https://imgur.com/a/fV9wQdp)  comes with:  \- authenticity card, original keycult exterior packaging. built with raw alu plate, hotswap pcb, screws, bumpons, gaskets.  doesn't come with:  \- the switches + stabs I used in the build     WTTF hhkb layout board (also open to most 60's). preference for low front height keyboards and",duncecapwinner,1,1,1kjqr5w,https://reddit.com/r/mechmarket/comments/1kjqr5w
1746930973.0,2025-05-11 02:36:13,[US-FL] [H] PayPal [W] Bsun Agarwood Switches,Ideally 100+ but I’ll take what I can get.,core627,1,1,1kjqr58,https://reddit.com/r/mechmarket/comments/1kjqr58
1746930955,2025-05-11 02:35:55,"[US-CA] [H] Paypal [W] GMK WOB Shinethrough kit, WOB R0-R5, Macros","I want:   \-GMK WOB Shinethrough kit, GMK WOB R0-R5  \-GMK Dracula Macros kit",mellowsauce,0,2,1kjqqye,https://reddit.com/r/mechmarket/comments/1kjqqye
1746930679,2025-05-11 02:31:19,"[KR] [H] Duck Eagle V1, Duck Butterfly V1, TX-PAD white [W] Paypal",Timestamp https://imgur.com/a/ImKjOVN Timestamp https://imgur.com/a/iuEbk2P Timestamp https://imgur.com/a/HqwnlYA  1. Duck Eagle V1 grey => $700 -very rare item -Alu plate -AEK keycap -built with Alps SKCM Blue switches from Leading Edge DC-2014 -built by Korean specialist  2. Duck Butterfly v1 => $400 -very rare item -two PCB(universal PCB)  3. TX-PAD white => $800 -very rare item -keycap is not icluded -additional bottom (white bottom and transparent bottom) -additional Leeku PCB -Alu plate -b,mj01k82,4,4,1kjqo25,https://reddit.com/r/mechmarket/comments/1kjqo25
1746930180,2025-05-11 02:23:00,"[US-CT] [H] Ducky One 2 Mini w/ Misc Keycaps [W] Paypal, Local Cash","[Timestamp](https://imgur.com/a/zU7wgTX)  USB C connector, a few miscellaneous keycaps that I believe came around the year of the pig collection. If memory serves, they are cherry mx Blue keys.",-Papadil-,0,5,1kjqiqr,https://reddit.com/r/mechmarket/comments/1kjqiqr
1746930103,2025-05-11 02:21:43,"[USA-CT] [H] Ducky One 2 Mini w/ Misc Keycaps [W] Paypal, Local Cash","[Timestamp](https://imgur.com/a/zU7wgTX)  USB C connector, a few miscellaneous keycaps that I believe came around the year of the pig collection. If memory serves, they are cherry mx Blue keys.  Asking $65 Shipped.",-Papadil-,1,3,1kjqhyw,https://reddit.com/r/mechmarket/comments/1kjqhyw
1746928536,2025-05-11 01:55:36,"[US-GA] [H] GMK WoB Red Cyrillic, GMK Terror, various switches from HMX, BSUN, Keygeek, etc, Neo60 CU Carbon Fiber Plate [W] Paypal","[Timestamp](https://imgur.com/a/exhTvKg)  A bunch of switches to clean up, some keycaps and a spare plate for the Neo60 CU.   $5 discount per additional switch purchase for switches only.   Items shipped via USPS.  |Switches|Details|Price| |:-|:-|:-| |**HMX Serene Green x89**|**Stock, used once.**|**$25 Shipped**| |**HMX Desert x89**|**Stock, used once.**|**$25 Shipped**| |**Meirun Pleiades v2 (Fixed)**|**Stock, used once.**|**$25 Shipped**| |**BSUN K1 x90**|**Stock, used once.**|**$20 Shipped**",Verestrasz,2,13,1kjq17e,https://reddit.com/r/mechmarket/comments/1kjq17e
1746927739,2025-05-11 01:42:19,"[US-WA] [H] Mr. Suit 80 R1, Mammoth 75, CIDOO V65 V2 [W] Paypal","Hi mm,  [Timestamp/Album](https://imgur.com/a/5YhY7mY)  I have following items for sale:  - Mr. Suit 80 R1, WK Blue, PC plate, FR4 plate and Hotswap PCB, comes with stabs lubed, no switches or keycaps, great condition  **$450 shipped** - Mammoth 75 R1, E-white / Alu Sandblasted / M1 (Hotswap PCB), comes with stabs lubed, no switches or keycaps, lightly used **$400 shipped** - EPOMAKER CIDOO V65 V2 Wireless/Wired Mechanical Keyboard, 65% Hot Swappable Gasket Mount, with VIA Programmable Software,",Joyfal,0,2,1kjpsrc,https://reddit.com/r/mechmarket/comments/1kjpsrc
1746927157.0,2025-05-11 01:32:37,"[US-FL] [H] PayPal [W] 3277 MT3 Numpad, Mito 9009 Numpad",Willing to pay double for both.  Cannot find either of these anywhere.,core627,1,1,1kjpmmd,https://reddit.com/r/mechmarket/comments/1kjpmmd
1746926881.0,2025-05-11 01:28:01,[Store] Ergomech Store - The best place to start your Ergomech Journey,"**Hi guys,**   Welcome to **Ergomech Store** ([https://ergomech.store](https://ergomech.store))!  # Who are we?  We are a small vendor based in Vietnam, and we've been in operation for almost five years. What started as a small side business has grown beyond what I ever imagined.  Even so, it's still just a side gig for me. I’ve delegated most of the production and logistics work to a small team of Ergomech enthusiasts like myself, while I now focus primarily on product development—the most exci",hainguyenac,1,0,1kjpjle,https://reddit.com/r/mechmarket/comments/1kjpjle
1746924960,2025-05-11 00:56:00,"[US-CA][H] Freya ultra, Space80, Zoom75 TIGA, Planck, GMK FUJI Bundle, Osume, keycaps, switches, jellykey artisans [W] Paypal","\[Timestamp\]([https://imgur.com/a/33A03gh](https://imgur.com/a/33A03gh))  Conus shipping or local pickup in northern cali.  KEYBOARDS:  Gunmetal Freya Ultra - like new, PVD silver bottom, alu(outer) + pc(inner) and carbon fiber (outer) + fr4 (inner) plates, tri mode pcb. Comes with all original accessories and packaging. Modular keyboard, can change out slider for a 5 key macro pad and can change out the rotary touch screen for a 4 key cluster. plate pieces are interchangeable. Comes with EXTRA",Sprockies,2,8,1kjoym3,https://reddit.com/r/mechmarket/comments/1kjoym3
1746923656,2025-05-11 00:34:16,[Artisan] inkblot_caps - RGB Skullyvan trio fulfillment sale is now live for 24hrs!,[Skullyvan RGB trio](https://imgur.com/a/KqBRv19)  Hello guys and welcome to todays raffle sale!  -Sale Info-  Sculpt: Skullyvan  Price: $40 for the trio + shipping   Colorway: RGB   Stem: MX  All artisans will come in a custom tin and authenticity card  [RAFFLE FORM](https://imgur.com/a/KqBRv19)  Open for 24hrs!  Don’t forget to follow me on my Instagram @Inkblot_caps for updates and future sales!  Stay safe everyone!,Fer-NanD,3,3,1kjoke9,https://reddit.com/r/mechmarket/comments/1kjoke9
1746923282.0,2025-05-11 00:28:02,"[US-OR] [H] PayPal [W] Hiney TKL One Pink PC WKL, Clear WKL, Alu WKL","comment before pm, WKL only",ELG0onNA,1,1,1kjogdo,https://reddit.com/r/mechmarket/comments/1kjogdo
1746921494,2025-05-10 23:58:14,[EU-DE] [H] Voice 65 [W] PayPal,If the Knob and lights are working it's fine. I can pay around 320€ + shipping. Shipping anywhere from the EU is fine. Any color,Vammond,0,8,1kjnw7p,https://reddit.com/r/mechmarket/comments/1kjnw7p
1746921001,2025-05-10 23:50:01,[EU-DE] Voice 65 please with Original packaging and pcb | any color,"I am looking forward to build my 2nd keyboard. I'd like to buy a voice 65, since it's my favorite keyboard lookswise. Delivery anywhere from the EU is fine for me. I can probably pay around 320€ for it + shipping of course. Condition should be fine ( if the lights and Knob work it's good). If you have an offer just comment or DM me :')",Vammond,1,2,1kjnqli,https://reddit.com/r/mechmarket/comments/1kjnqli
1746920184,2025-05-10 23:36:24,[AU] Metakey tenet70,Buying i,Bis0ux,1,2,1kjnh9k,https://reddit.com/r/mechmarket/comments/1kjnh9k
1746919820,2025-05-10 23:30:20,[US-CA] [H] TGR 910 v2 ME silver [W] Paypal,"[https://imgur.com/a/HWrybJB](https://imgur.com/a/HWrybJB)  **TGR 910 v2 ME** \- $660 GnS + shipping  * A stock silver with suave blue * 1 Hotswap PCB * 5 Plates    * PC    * POM    * FR4    * ABS    * Nylon (cracked on 'Esc' key) * 4 Backplates    * heat-treated polished stainless steel (on board)    * stock suave blue aluminum     * silver aluminum engraved ""TGR""    * carbon fiber * Kaban suave blue carrying case * Accessories (o-ring, screws, auth card, ...)  very good condition other than on",warmmtoast,2,5,1kjncup,https://reddit.com/r/mechmarket/comments/1kjncup
1746919219,2025-05-10 23:20:19,[US-MD] [H] PayPal [W] QK75N POM Plate,Hello I’m looking around for a POM plate for my QK75N if anyone has extra one they don’t need. Can also pickup locally. Thanks!,RAMENATORR,0,2,1kjn5r9,https://reddit.com/r/mechmarket/comments/1kjn5r9
1746919171,2025-05-10 23:19:31,"[US-TX] [H] GMK ""A"" with accents, 70pcs Wuque Studio Morandi Switches (5pin+prelubed) [W] PayPal","Hello, I am selling a set of GMK ""A"" with accents. I also have 70 pcs of Morandi Linear Switches as well.   Asking 120 for the GMK A set   and 30 for the switches. or if you want both I'll do 140$ as bundle.   Timestamp: [https://imgur.com/a/PHzGwau](https://imgur.com/a/PHzGwau)",CPrizzy,1,6,1kjn56o,https://reddit.com/r/mechmarket/comments/1kjn56o
1746918886,2025-05-10 23:14:46,"[US-CT] [H] GMK Sets: Sunset Surfing (Base+Alphas+Spacebars), Rainy Day (Base+Spacebars), Bento R2 (Traditional+Revival+Spacebars) [W] Paypal","\[FS\] Offloading some unused GMK sets that have been sitting for a long time. All sets have been mounted and typed on once or twice. All sets come in their original box, add-ons come in bags. Bundles are preferred as well use CONUS.   Timestamp: [https://imgur.com/a/vOEFi1K](https://imgur.com/a/vOEFi1K)  GMK Sunset Surfing - Base (Original Box): $100 + shipping  GMK Sunset Surfing- Mono Alphas (Bagged): $45 + shipping  GMK Sunset Surfing - Spacebars (Bagged): $20 + shipping  GMK Sunset Surfing ",KingArtyFartyParty,1,22,1kjn1rn,https://reddit.com/r/mechmarket/comments/1kjn1rn
1746917173,2025-05-10 22:46:13,[US-FL][H] PayPal [W] Unikorn R1 Blue,Hello     Looking for a TGR x Singa Unikorn R1 (first round) in Blue     Please PM if you have one for sale or trade. Thanks!,cfz86,7,3,1kjmha4,https://reddit.com/r/mechmarket/comments/1kjmha4
1746917027,2025-05-10 22:43:47,[US-FL]{H] PayPal [W] Unikorn R1 Blue,"Hello,    Looking for a TGR x Singa Unikorn R1 Blue    Please PM if looking to sell or trade. Thanks!",cfz86,1,1,1kjmfj1,https://reddit.com/r/mechmarket/comments/1kjmfj1
1746914139,2025-05-10 21:55:39,"[US-NJ] [H] Mode Encore (S2), KKB Retro Mixed Lights, PBTFans Emma, Artisans, Switches [W] PayPal","[*Timestamp*](https://imgur.com/a/z1Bap8M)  Shipped pricing (w/PayPal G&S) within CONUS. PMs only, no chatting (will ignore), and comment required. Open to local pickups and bundle discounts (priority)  || || |**Item**|**Description**|**Condition**|**Price**|**Status**| |Mode Encore S2|No keycaps included. Built with Nixies (Lubed with 205g0 on stem, Filmed with SW Films V2, SS with 22mm TX UXL and GPL 105) and Knights Stabilizers V2 (lubed with 205g0). Comes with original box and included acces",Reconqering,2,11,1kjlfgg,https://reddit.com/r/mechmarket/comments/1kjlfgg
1746913168,2025-05-10 21:39:28,[US-WA] [H] PayPal [W] Osume YOTR Base + Novelty,"Wanting to buy a Osume YOTR Base + Novelty Set (ideally in perfect/good condition)! Can do pickup if local to California LA area, Seattle, or Chicago. Thanks you everyone!",Narwhals41321,2,3,1kjl2zh,https://reddit.com/r/mechmarket/comments/1kjl2zh
1746912646.0,2025-05-10 21:30:46,[US-CA][H]Paypal [W] Gmk modern dolch 2 mist,Lmk please,kiwibestfruit,1,1,1kjkwch,https://reddit.com/r/mechmarket/comments/1kjkwch
1746911950,2025-05-10 21:19:10,[US-NM] [H] PayPal [W] Rama Kara,"I am looking to purchase a Rama Kara soya or ice, thanks!",Aggravating_Slip210,0,2,1kjkn1r,https://reddit.com/r/mechmarket/comments/1kjkn1r
1746909356.0,2025-05-10 20:35:56,[US-CA] [H] PayPal [W] R2 Kohaku Solder PCB,Looking for an r2 solder pcb for the Kohaku. Open to both grey and red.,fyko_,1,1,1kjjpg5,https://reddit.com/r/mechmarket/comments/1kjjpg5
1746909057,2025-05-10 20:30:57,[US-PA] [H] Keychron Q3 Pro ISO barebones [W] $100+shipping PayPal,"[Timestamp](https://imgur.com/a/GYCvBgF)  I bought the ISO variant by mistake. Have all original packaging, no switches or keycaps.  ",RoboCopsGoneMad,1,3,1kjjlmn,https://reddit.com/r/mechmarket/comments/1kjjlmn
1746908768.0,2025-05-10 20:26:08,[US-CA] [H] Norbauer Heavy 6 Aperture [W] PayPal,"[https://imgur.com/a/norbauer-heavy-6-ouxo72K](https://imgur.com/a/norbauer-heavy-6-ouxo72K)    Selling my built, Norbauer Heavy 6, Aperture Edition for $800 plus shipping.    Respond to post before DM.    Thanks.",eg68,1,1,1kjjhtm,https://reddit.com/r/mechmarket/comments/1kjjhtm
1746907445,2025-05-10 20:04:05,"[US-TX] [H] PayPal [W] Flip 6p (dark gold, white, orange)",,datomato,1,3,1kjj0co,https://reddit.com/r/mechmarket/comments/1kjj0co
1746903919,2025-05-10 19:05:19,"[TW][H] Laminar Boomerang、Safa TKL、Neo ergo、GMK crème、blue alert、Mx blacks, browns, oranges [W] PayPal","[timestamp](https://imgur.com/a/mViz89q)  **Laminar Boomerang silver $420+shipping** - sandblasted copper weight - hotswap pcb, cf and custom Alu plate - keycaps and switches not included  **safa tkl wkl red $390 shipped** - brand new 1.2mm solder pcb and 1.6mm pcb - Alu plate x2, pp plate x2, pc, stainless steel plate  **Neo ergo champagne $160 shipped** - wired hotswap pcb, pp, pc plate - pc wristrest - keycaps and switches not included  **keycaps & switches** - GMK blue alert base+stripes **$",OkRecording6032,2,2,1kjhqha,https://reddit.com/r/mechmarket/comments/1kjhqha
1746903682,2025-05-10 19:01:22,"[US-CO] [H] Keycult Zero with extras, MTNU Rascals [W] PayPal","TS: https://imgur.com/a/T7C1p8N   Config as pictured, keycaps included (MTNU Rascals with Novelty Kit), Type-R switches, as well as an unopened solder PCB kit. Includes bars for all possible layouts (full, HHKB, WKL) All used less than a day, no issues.    Asking $350 shipped for the lot. Comment before reaching out, thanks. ",giostefas,9,8,1kjhn89,https://reddit.com/r/mechmarket/comments/1kjhn89
1746902639,2025-05-10 18:43:59,"[Store] $59 Aluminum HE Keyboard, SKYLOONG new released HE keyboard. Two different actuation point onboard, and easily swap by one toggle","Hey Mechmarket fam  Kelvin from SKYLOONG here, super excited to share our latest innovation tailored for gamers and customization lovers. Meet the **GK61HE** and **GK68HE Aluminum** – now packing our patented **""Switch Holder"" system** and magnetic switch wizardry. Let’s dive in!     🔧 What’s the ""Switch Holder""?  Every switch gets its own dedicated stabilizer frame. Why?  ✅ Eliminates cross-talk from ultra-low actuation points  ✅ Prevents magnetic switch disconnection mid-game rage moments  ✅ S",SkyloongOfficial,6,15,1kjh9fo,https://reddit.com/r/mechmarket/comments/1kjh9fo
1746901817.0,2025-05-10 18:30:17,"[US-MI] [H] PayPal [W] Neo80 Black WKL, Inkwell Deskmats, GMK WoB Essentials Extensions, GMK WoB Essentials Dark RGB",Looking for these in new/like new condition,Scytul,1,1,1kjgyb8,https://reddit.com/r/mechmarket/comments/1kjgyb8
1746901710.0,2025-05-10 18:28:30,"[EU-DE] [H] Huge switch collection (337 switches - HMX, Gateron, Invokeys, Durock), YMDK DSA Keycaps [W] PayPal",Timestamp: [https://imgur.com/a/3kKcpkv](https://imgur.com/a/3kKcpkv)  Hey all! I'm doing a BIG clear-out as I start to leave the hobby and am selling all of the following switches. The majority have been used briefly once for testing purposes but are in perfect condition unless otherwise specified.  Price: **50€.** This is &lt; €0.15 per switch! Shipping to be covered by the buyer or can meet in person in Berlin. Would also be open to a trade against L&amp;F MX Black or Nixie Switches.  In addi,kraymonkey,1,2,1kjgwy9,https://reddit.com/r/mechmarket/comments/1kjgwy9
1746901048,2025-05-10 18:17:28,[US-CA] [H] PayPal [W] 30-80x Gateron l'orange switches,Ideally heaviest option available,PeachesNotFound,4,4,1kjgo2l,https://reddit.com/r/mechmarket/comments/1kjgo2l
1746895222,2025-05-10 16:40:22,[UK] [H] Paypal [W] RAMA switches & keycaps,[removed],Glittering_Rush5080,1,0,1kjehqa,https://reddit.com/r/mechmarket/comments/1kjehqa
1746893212.0,2025-05-10 16:06:52,"[US-CA][H] Swagkeys Transition Lite TKL, LeleLab Into the Wild keycaps [W] PayPal","Timestamp : https://imgur.com/a/vfN5JkH Conus only. Local pickup in San Jose, CA PayPal G&amp;S  For sale:  Swagkeys Transition Lite white TKL built w/ Keygeek Keylin linear switches &amp; LeleLab Into the Wild keycaps - $70 shipped  - comes with carrying case and original accessories  -LeleLab Into the Wild keycaps  Please leave a comment before sending a PM. Thanks!",deeznboba,1,1,1kjdrcs,https://reddit.com/r/mechmarket/comments/1kjdrcs
1746893100,2025-05-10 16:05:00,"[US-TX][H] Paypal [W] GMK Taro Novelties and Accents, TGR Jane/Shi plates, Kohaku CF Plate","Hello Mechmarket, im looking for some items:   * GMK Taro Side Snacks (Novelties) * GMK Taro Extra Toppings (Accent) * TGR Shi F12 Plates * TGR Jane F13 Plates * Kohaku CF Plate  Please let me know if you have any, thanks in advance",Tronator,1,2,1kjdpv4,https://reddit.com/r/mechmarket/comments/1kjdpv4
1746893054,2025-05-10 16:04:14,"[US-CA] [H] Huge sale: F2-84, cw88, mercury65, tofu65, ikki68, akko mod006, kbd67 and a lot more [W] Paypal, local meetup only NYC or LA"," # [FS] Huge offload: Keyboards & GMK Sets – NYC (5/15–5/18) or LA Local – Unused / Like New  Hey everyone!   I'm clearing out space and offloading several boards and keycap sets. Most are unbuilt or barely used. Local pickup in **NYC (May 15–18)** or **LA only**, shipping possible for caps.  ---  ## 🧵 Keyboards  ### [Geon F2-84 (Black)](https://imgur.com/a/geon-f2-84-3TqOMjT) – $350 - Black with polished mirror weight (minor flaw in corner, barely visible)   - Like new, never used   - Includes:",Own-Iron-6616,9,61,1kjdpao,https://reddit.com/r/mechmarket/comments/1kjdpao
1746892449,2025-05-10 15:54:09,[US-VA] [H] Series 6xx 60XT WKL Navy [W] Paypal,"Hello, selling a built Series 6xx 60XT WKL in Navy by baul.  Quick specs:  * stock TTC heys switches * cherry stabs lubed with 206g2  * top mount / O-ring mount * comes with carrying case, cloth, 2 O-rings, unfortunately no top mount screws. * clack monster. just look at all the brass  More board details: https://geekhack.org/index.php?topic=118475.0  Timestamp: https://imgur.com/XCG1AN7  Album: https://imgur.com/a/QNByXxB  **Asking $325 shipped CONUS, keycaps not included**",blind-enjoyer,2,3,1kjdgx8,https://reddit.com/r/mechmarket/comments/1kjdgx8
1746892244,2025-05-10 15:50:44,[US-MA] [H] GMK Terror Below Base Kit [W] PayPal,"[Timestamp](https://imgur.com/a/zxP8hMn). Hello, I'm selling a GMK Terror Below base kit for **$90 shipped** to anyone located within the CONUS (OBO). Comment before PM.  ",MrXx_xXXx_xX,1,6,1kjde9q,https://reddit.com/r/mechmarket/comments/1kjde9q
1746891969,2025-05-10 15:46:09,[US-CO] [H] PayPal [W] GMK Mars Cadet Curiosity & Solar Array Kits,,Kosoumi,1,2,1kjdajh,https://reddit.com/r/mechmarket/comments/1kjdajh
1746891722,2025-05-10 15:42:02,"[UK] [H] GMK Modern Dolch 2 Standard, Alternate, Aesthetic, Addition, GMK Red Alert R2 [W] PayPal","[\--- Timestamps ---](https://imgur.com/a/dvaMocc)  Still available, unless marked as sold.  Shipping worldwide.  |Item|Condition|Price| |:-|:-|:-| |GMK Modern Dolch 2 (Standard Kit)|Brand new and unopened.|£120| |GMK Modern Dolch 2 (Aesthetic Kit)|Brand new and unopened.|£40| |GMK Modern Dolch 2 (Alternate Kit)|Brand new and unopened.|£40| |GMK Modern Dolch 2 (Addition Kit)|Brand new and unopened.|£40| |GMK Red Alert R2 (Latin Base Kit)|Brand new and unopened.|£180|",miserabledayo,5,4,1kjd796,https://reddit.com/r/mechmarket/comments/1kjd796
1746889208,2025-05-10 15:00:08,"[US-CA] [H] Tenet 70, Graystudio bd60, ai03 Vega Rose Gold, GMK Sandstorm, GMK Serika 2 [W] PayPal, Local Cash","[Timestamp](https://imgur.com/gallery/gMMmBKQ)  \*First of all, about the previous post. I wasn't expecting so many replies and messages, and because I was very busy on working, so I am pretty sure there were some messages I haven't responded to yet, of that I apologize for any inconvenience. At the same time I am also very grateful for all your messages and support, from the bottom of my heart. I truly appreciate it. You guys are awesome.  So still have a few things available. Prices are in USD",bliu15_7613,1,4,1kjc9r4,https://reddit.com/r/mechmarket/comments/1kjc9r4
1746887280.0,2025-05-10 14:28:00,"[US-IL] [H] KBDfans D65 Full Polycarbonate, GMK Laser, YMDK SA PBT Doubleshot [W] PayPal","[timestamp](https://imgur.com/a/iOHbKKK)  PayPal accepted, price includes shipping.  |Name|Condition|Price| |:-|:-|:-| |D65 Full PC w lubed Banana Split, and lubed Original Cherry Stabs|[Very Good](https://imgur.com/a/kbdfans-d65-jEx189R)|$300| |*SOLD* Protozoa Studio Brass Keycap|[Brand New](https://imgur.com/a/protozoa-studio-brass-keycap-OzOeJV8)|$35| |YMDK SA PBT Doubleshot|[Good](https://imgur.com/a/ymdk-sa-doubleshot-keycaps-fCxcFCR)|$10| |GMK Laser|[Very Good](https://imgur.com/a/gmk-lase",Balisong10Warrior,1,2,1kjbk25,https://reddit.com/r/mechmarket/comments/1kjbk25
1746885928,2025-05-10 14:05:28,[Artisan] KrakenKap Void Seer Malgoreth Raffle,"**""From the Depths, It Watches.""**   An ancient force emerges through the veil — where chaos meets craft.   **KrakenKap** presents a new dark descent into the Malgoreth.  Watch out, in the dark, Voidseer Malgoreth is looking!  Full album:  [https://imgur.com/a/voidseer-malgoreth-vyv8n0l](https://imgur.com/a/voidseer-malgoreth-vyv8n0l)   Form: [https://forms.gle/dqDeXZ4MdbN5gSKq6](https://forms.gle/dqDeXZ4MdbN5gSKq6)  Sculpt: Malgoreth  ❎Price: **$70**  ⚠⚠⚠Rules:   \~ Raffle-style sale with only ",KrakenKap,0,1,1kjb2uw,https://reddit.com/r/mechmarket/comments/1kjb2uw
1746884276,2025-05-10 13:37:56,[PH] [H] Paypal [W] PBTfans X-ray numberpad & Mac keys,"\[PH or USA-LA\] \[H\] Gcash or Paypal \[W\] PBTfans X-ray numberpad & Mac keys        [https://imgur.com/a/0apx8pu](https://imgur.com/a/0apx8pu)   Some of the keys I'm looking for, not pictured are the Mac keys.  Looking to buy PBTfans X-ray numberpad & Mac keys for an upcoming project. I have the base set.  I am in Manila, PH. I can meet up there, or have you mail it to my family in LA (The state) if you're US based.",EmailLinkLost,1,2,1kjai29,https://reddit.com/r/mechmarket/comments/1kjai29
1746884042,2025-05-10 13:34:02,[PH] Paypal [W] PBTfans X-ray numberpad & Mac keys,"[https://imgur.com/a/0apx8pu](https://imgur.com/a/0apx8pu)   Some of the keys I'm looking for, not pictured are the Mac keys.  Looking to buy PBTfans X-ray numberpad & Mac keys for an upcoming project. I have the base set.  I am in Manila, PH. I can meet up there, or have you mail it to my family in LA (The state) if you're US based.",EmailLinkLost,1,1,1kjafb5,https://reddit.com/r/mechmarket/comments/1kjafb5
1746883824,2025-05-10 13:30:24,[PH or USA-LA] Gcash or Paypal [W] PBTfans X-ray numberpad & Mac keys,"[https://imgur.com/a/0apx8pu](https://imgur.com/a/0apx8pu)    Some of the keys I'm looking for, not pictured are the Mac keys.   Looking to buy PBTfans X-ray numberpad & Mac keys for an upcoming project. I have the base set.   I am in Manila, PH. I can meet up there, or have you mail it to my family in LA (The state) if you're US based. ",EmailLinkLost,1,1,1kjacnk,https://reddit.com/r/mechmarket/comments/1kjacnk
1746873825,2025-05-10 10:43:45,[US-CA] [H] Haven 65 Gunmetal Grey [W] $320+$60 shipping fees,[removed],[deleted],1,0,1kj7dfw,https://reddit.com/r/mechmarket/comments/1kj7dfw
1746873712.0,2025-05-10 10:41:52,[US - CA] [H] Haven 65 Gunmetal Grey [W] $320+$60 shipping fees,[removed],Last_Emphasis1671,1,0,1kj7cds,https://reddit.com/r/mechmarket/comments/1kj7cds
1746873529.0,2025-05-10 10:38:49,[US-CA] [H] Haven 65 Gunmetal Grey for Sale,[removed],Last_Emphasis1671,1,1,1kj7aoi,https://reddit.com/r/mechmarket/comments/1kj7aoi
1746873467.0,2025-05-10 10:37:47,[US-CA] [H] Haven 65 Gunmetal Grey for Sale,[removed],Last_Emphasis1671,1,0,1kj7a5k,https://reddit.com/r/mechmarket/comments/1kj7a5k
1746873434.0,2025-05-10 10:37:14,[US-CA] [H] Haven 65 Gunmetal Grey for Sale,[removed],Last_Emphasis1671,1,0,1kj79us,https://reddit.com/r/mechmarket/comments/1kj79us
1746870929.0,2025-05-10 09:55:29,[US-NY] [H] PayPal [W] Realforce 104 Pro / 104UB-DK,"I’m looking to harvest the keycaps for another build, but I’ll take full boards as well. Please comment before PMing, thank you!",benjkim,1,1,1kj6ocf,https://reddit.com/r/mechmarket/comments/1kj6ocf
1746865844,2025-05-10 08:30:44,[US-NJ] [H] PayPal [W] HMX Xinhai switches 90x,"Hello. Looking for what's posted as the title. I want the heavy variant specifically the 62.5g, not the 45g. Thanks",Fortunecookie48,5,2,1kj5im7,https://reddit.com/r/mechmarket/comments/1kj5im7
1746865609,2025-05-10 08:26:49,[USA-NJ] [H] PayPal [W] HMX Xinhai switches 90x (heavy variant),[removed],Fortunecookie48,1,3,1kj5gp8,https://reddit.com/r/mechmarket/comments/1kj5gp8
1746861760.0,2025-05-10 07:22:40,[Artisan] Aeris Mictlan,"Hello everyone   Team Creasi proudly presents Aeris, a gentle-haired Elf girl.   The Mictlan colorway enhances the details, making them stand out beautifully.   We hope you’ll enjoy this colorway and don’t miss out!  [\&gt;&gt;Review&lt;&lt;](https://ibb.co/8LxPfH0F)  [\&gt;&gt;Raffle Form&lt;&lt;](https://www.creasikey.com/event)  ***Information***   Name: Aeris   Type: Multishot casting   Colorway: Mictlan   Stem: Cherry MX   Size: width/length \~18mm, height\~17mm   UV Effect: &gt;&gt;YES&lt;",CreasiWorkshop,1,0,1kj4k8e,https://reddit.com/r/mechmarket/comments/1kj4k8e
1746861465.0,2025-05-10 07:17:45,[EU-BG] [H] Brand NEW Iron165 R2 Teal /w SS Add on - GMK Awaken +Artisan - GMK Dots 2 Dark &amp; Light - Kat Refined WoB/BoW [W] PayPal,"[Timestamp](https://i.imgur.com/t5cfdno.jpeg)  **Everything is absolutely new and never opened.**   Iron165 R2 Teal with Stainless Steel addon weight and badge. Tsangan layout. Extra Carbon fiber plate. Includes everything from base kit + carrying bag. ""A"" stock. Condition: Brand new.    Price for pack: 390€ + shipping. Separate price for keyboard + carbon plate is 300€ + shipping   Only Stainless Steel addon is 100€ + shipping  GMK Awaken Neo Kit + RamaWorks Awaken Artisan. Condition: Brand new",ivu86,1,1,1kj4hnl,https://reddit.com/r/mechmarket/comments/1kj4hnl
1746857663,2025-05-10 06:14:23,[Artisan] DRiiiP Sale 10/05/2025,"Le album: https://imgur.com/a/FRc4wnk Hey hello Petitgreen (aka: DRiiiP Keys) here. Today's sale is Hero color inspired from the keyset GMK Hero, 2 sculpts are available Lil'Dentist, Lil'F***.  This is a classic raffle the form stay open until 11/05/2025 at 8PM (Paris Time, GMT+2). Payment window will be 48h after invoices are out.  Form link: https://forms.gle/FNx3PzYnx4Y9BnMLA  If you have any question feel free to ask it here, on discord (Petitgreen) or on Instagram https://www.instagram.com/",petitgreen,0,1,1kj3jwu,https://reddit.com/r/mechmarket/comments/1kj3jwu
1746852151.0,2025-05-10 04:42:31,"[US-CA] [H] Gmk wob, gmk cyan, og double shots, clone og double shots, 9009, mx switches, wg vint blacks, normal vint blacks, big bundle of incomplete gmk sets[W] PayPal
Selling",[Timestamps](https://imgur.com/a/timestamps-KNFx22i)  [Timestamps](https://imgur.com/a/timestamps-5a12Dis)  Gmk wob $60 + Ship  Og doubleshots 1800 $100 + Ship    Gmk cyan base missing i key and random others $65 + Ship  Gmk 9009 r3 base check photos missing t and others $50+ Ship  Clone og doubleshots missing 7u space bar $30 + Ship  WG vint 84x blacks l/f/ss some tops are different $120  Tkl batch mx blacks l/f/ss modded $40  Tkl batch of mx red stock pretools $35 + Ship  Feng studios Break in,Ilovecutomskeebs,1,1,1kj24zz,https://reddit.com/r/mechmarket/comments/1kj24zz
1746847809,2025-05-10 03:30:09,[US-CA] [H] Paypal [W] Cycle8 w/ Venom HE TKL PCB,"Looking for a Cycle8 with the Venom/Rakka HE TKL PCB, preferably Pink, White, Silver, or Black. I would also be interested in other boards with the same PCB, so just shoot me a message!",Kiyocks,2,3,1kj0wrn,https://reddit.com/r/mechmarket/comments/1kj0wrn
1746847430.0,2025-05-10 03:23:50,[VN] [H] F1-8X OG Navy WK [W] Paypal,"[Timestamp](https://imgur.com/a/timestamp-9-5-3kkfWZ9)  Price is GnS and includes shipping to CONUS. Anywhere else, please DM me for actual shipping cost. Please comment before DM.  **1.** [F1-8X OG Navy WK](https://imgur.com/a/f1-8x-og-navy-wk-0PbpbWn) \- **$600 shipped**  * New unbuilt, tiny anode scratch * Brass weight * Solder PCB + Alu plate V1 * Including bag + original accessories",dzom97,1,2,1kj0sq6,https://reddit.com/r/mechmarket/comments/1kj0sq6
1746846307.0,2025-05-10 03:05:07,"[US-VA] [H] Nuphy Gem80 TKL Obsidian, LOTR Dwarven Keycaps, Gateron EF Cedar Switches [W] Paypal","[Timestamp and pics](https://imgur.com/a/x63yhCA)     **Nuphy Gem80 TKL wired version in obsidian black colorway - $75**  \- excellent used condition, no signs of wear except two minor marks on bottom PC shown in pics  \- comes with all accessories except for original keycap/switch puller (can add one if you want)     ***Lord of the Rings MT3 Dwarven Keycaps (Training Dwarven Base kit) - $60***   Excellent used condition, no signs of wear     **Free shipping AND Gateron EF Cedar switches** (stoc",sporksofmordor,1,1,1kj0h4k,https://reddit.com/r/mechmarket/comments/1kj0h4k
1746845879,2025-05-10 02:57:59,[US-DC] [H] PayPal [W] Rama works deskmat and Kara,Hi! I’m looking to purchase any Rama deskmat and Kara keyboard. Ideally with an internal damper. Feel free to PM me with questions! ,Satans-buttholes,0,3,1kj0chz,https://reddit.com/r/mechmarket/comments/1kj0chz
1746845124,2025-05-10 02:45:24,[US-FL] [H] Paypal [W] Alphakeycaps Mike Tut (GMK Cosmos),"Hello, I'm looking for an Alphakeycaps Mike Tut - Cosmos colorway. Please reply before PM. ",407Marine,1,3,1kj04qz,https://reddit.com/r/mechmarket/comments/1kj04qz
1746838716,2025-05-10 00:58:36,[US-MD] [H] GMK Zen Pond (Latin Base) [W] PayPal,"[Timestamp](https://imgur.com/a/EPniL8E)  Price includes shipping to CONUS via PayPal G&S.  |Item|Description|Price| |:-|:-|:-| |GMK Zen Pond (Latin Base)|Opened only to inspect, hasn't even been mounted.|$65 shipped|",shortshot27,0,5,1kiy69b,https://reddit.com/r/mechmarket/comments/1kiy69b
1746838256,2025-05-10 00:50:56,"[US-TX] [H] Zoom 75 TIGA Gunmetal Gray, Zoom 75 TIGA Scarlet Red, Evo 80 Black, GMK Pink on Navy, GMK Parcel [W] Paypal, Venmo, Trade","Timestamp/Album: [https://imgur.com/a/FrGMHK5](https://imgur.com/a/FrGMHK5)  Hi all, selling a few items:  **Zoom 75 TIGA Scarlet Red:** Comes with a flex cut tri mode PCB, built once and used for a couple of hours. PC Plate, Poron Foams. (Will come with incomplete stabilizers - 1 missing) Perfect condition. $200 + shipping  **Zoom 75 TIGA Gunmetal Gray:** Built once, used for 1-2 hours. Non-flex trimode PCB, PC Plate, Poron Foams (These are stuck to the tape mod I added, might need to apply hea",reevoalex,1,4,1kiy107,https://reddit.com/r/mechmarket/comments/1kiy107
1746838256,2025-05-10 00:50:56,"[US-TX] [H] Zoom 75 TIGA Gunmetal Gray, Zoom 75 TIGA Scarlet Red, Evo 80 Black, GMK Pink on Navy, GMK Parcel [W] Paypal, Venmo, Trade","Timestamp/Album: [https://imgur.com/a/FrGMHK5](https://imgur.com/a/FrGMHK5)  Hi all, selling a few items:  **Zoom 75 TIGA Scarlet Red:** Comes with a flex cut tri mode PCB, built once and used for a couple of hours. PC Plate, Poron Foams. (Will come with incomplete stabilizers - 1 missing) Perfect condition. $200 + shipping  **Zoom 75 TIGA Gunmetal Gray:** Built once, used for 1-2 hours. Non-flex trimode PCB, PC Plate, Poron Foams (These are stuck to the tape mod I added, might need to apply hea",reevoalex,1,4,1kiy107,https://reddit.com/r/mechmarket/comments/1kiy107
1746836179,2025-05-10 00:16:19,[US-CA] [H] Mode Sonnet V1 [W] Verified PayPal,[Timestamps](https://imgur.com/a/BvDT7a9)  No external blemishes at all. Includes:  * White top * Polycarbonate bottom * Multicolor weight * Multicolor accent * POM plate * Lubed Durock stabilizers (clear) * Official Mode carrying case * Mode screwdriver + all three replaceable tips * Mode fasteners kit * Lubed Gateron Black Ink switches  **$280 + shipping**,SoSquidTaste,1,4,1kixd5l,https://reddit.com/r/mechmarket/comments/1kixd5l
1746835890.0,2025-05-10 00:11:30,[US-FL][H] Artisans Jellykey Navigator of the sea wrist rest [W] Trades,"[Timestamp](https://imgur.com/a/eGRdKjp)  Comment first, Conus. Any questions DM me,   Looking for:   Brocaps Mobas,   Booper blanks, **Cosmonauts,**   **Julysicle FN Clack(Can add PP),**  Gateron Red Ink switches V2.  **Jellykey Terix spacebar 6.25u**",Hardmatician_,1,1,1kix9mn,https://reddit.com/r/mechmarket/comments/1kix9mn
1746835680,2025-05-10 00:08:00,[US-CA][H] Paypal [W] Daji OC 2.1,Hello looking for a Daji 2.1 OC. Thanks!,obsidianlilac,2,2,1kix76x,https://reddit.com/r/mechmarket/comments/1kix76x
1746832493,2025-05-09 23:14:53,"[US-NC] [H] GMK Cafe, Olivia ++, Minimal, and 8008 [W] Paypal","[Timestamp](https://imgur.com/A7crAF3)    All new, never used or mounted.  All prices in USD, and include shipping to CONUS insured and requiring signature for delivery.   If you're outside of CONUS please let me know before settling payment or sale will be cancelled.  |Keycap|Set components|Asking Price| |:-|:-|:-| |[GMK Cafe](https://imgur.com/DwJIccZ)|With Cream (Base), Black (Dark Alphas), Extra Shots (Spacebar kit), Preparer and Bean (RAMA Artisans)|$850| |[GMK Olivia ++](https://imgur.com/",LykourgosTheLawgiver,0,7,1kiw51f,https://reddit.com/r/mechmarket/comments/1kiw51f
1746832412,2025-05-09 23:13:32,[US-CA] [H] Werk One Moloko Warm Top [W] Paypal,[removed],danolicanoli,1,0,1kiw402,https://reddit.com/r/mechmarket/comments/1kiw402
1746832344,2025-05-09 23:12:24,"[US-CA] [H] Paypal, Local Cash [W] CM NovaTouch TKL or Similar Topre KB","Wanting to upgrade from my CM rapidfire TKL that I've had for a decade now, comment and PM. Am willing to entertain similar topre kbs.",DeadlyNyo,1,2,1kiw361,https://reddit.com/r/mechmarket/comments/1kiw361
1746831714,2025-05-09 23:01:54,"[US-CA] [W]CM NovaTouch TKL or Similar Topre KB [H] Paypal, Local Cash",[removed],DeadlyNyo,1,2,1kivvim,https://reddit.com/r/mechmarket/comments/1kivvim
1746831374,2025-05-09 22:56:14,[US-CA][H]paypal [W]Owl and voice mini macro pad,Comment then pm,Hingsing,1,2,1kivr40,https://reddit.com/r/mechmarket/comments/1kivr40
1746829572,2025-05-09 22:26:12,"[US-CA][H] Zoom65v3, QK65v2, Space82 Blade Runner, GMK Peaches n Cream Lite, IFK (Amalfi, Cafe), AM Dark Glacier, NP PBT Alphas, Artisans (GMK (PnC, Zooted), AC Keycaps Bearcat & Bunnycat (Blurple), Namong Art (PnC, Lavender, Hazakura), Pretty Petite Crafty Puppycat, Zaku Switches [W] PayPal","Hey All,  [Timestamp](https://imgur.com/a/rcWupkV)  Selling some extra stuff. Please see newest post has most up to date pricing.  &nbsp;  |Boards|Price|Description| |:-|:-|:-| |Zoom65 v3 (E-White/Gold Chamfer)|$230 shippped - $200 local|E-White w/ Gold Chamfers, Anodized Gold Captain Whiskers Weight, PVD Mirror Gold Telescope Weight, LCD Screen, SS Internal Weight, Frosted Tail Light, Stainless Steel PVD Mirror Black Plate, POM Plate, Hotswap Non-Flex PCB. Switches, Stabs, and key caps not incl",HappyHoodwink,1,3,1kiv480,https://reddit.com/r/mechmarket/comments/1kiv480
1746828685,2025-05-09 22:11:25,[US-MA] [H] Paypal [W] MNK88T Hotswap PCB,WTB hotswap PCB for the Jane v2 ME,SaintEcstasy,1,3,1kiusp0,https://reddit.com/r/mechmarket/comments/1kiusp0
1746828483.0,2025-05-09 22:08:03,[US-CA] [H] BKB Skeletyl Handwire [W] Paypal,[removed],rickennain,1,3,1kiuq48,https://reddit.com/r/mechmarket/comments/1kiuq48
1746826318.0,2025-05-09 21:31:58,"[US-CA] [H] PBTFans X-Ray [W] PBTFans Neon R2, Local Cash","[Timestamp](https://imgur.com/a/v9tAxSF)   **In the LA Area, looking to sell or preferably trade PBTFans X-Ray for PBTFans Neon R2.**  Keycaps have been mounted once, but otherwise show no signs of visible wear. Initially thought I would like how they looked but it was hard to read the legends at times.  If I end up selling instead, I would want at least $75.  Please comment before sending me a PM. Thank you!",Anonymustache214,1,1,1kitxnr,https://reddit.com/r/mechmarket/comments/1kitxnr
1746826149.0,2025-05-09 21:29:09,"[US-CA] [H] BKB Scylla v1, lubed Zilent v2s [W] Paypal","Purchased a [Scylla kit](https://bastardkb.com/product/scylla-kit/) from BastardKB last year and assembled it myself. Got the [Zilent v2](https://zealpc.net/products/zilent?variant=5894832357414) switches and lubed each one to reduce spring ping and scratchiness. Works great but I think I either need one with less keys, or give up and go back to a standard row-stagger QWERTY. Won't let myself spend another dime on this hobby until I sell the ones I have. Looking for $380 but negotiable",rickennain,1,2,1kitvdb,https://reddit.com/r/mechmarket/comments/1kitvdb
1746825762,2025-05-09 21:22:42,"[US-CA] [H] Keyboards, Keycaps [W] Paypal","[Timestamp 5/9/25](https://imgur.com/a/timestamp-5-9-25-6fErAP9)  Soundtests are linked below. Shipped prices are for CONUS, discounts and priority for bundles and local. As usual comment before pm. Local to 91776 if you want to do to meet up. Thanks for looking! Feel free to offer.  |Boards|Description|Price| |:-|:-|:-| |[Vintage60](https://imgur.com/a/vintage60-l-f-hyperglide-browns-light-tactile-crp-xerox-6001-iYmKrZg)|Vintage60 built with Lubed and Filmed Hyperglide Browns and Xerox 6001 key",Deykuu,7,12,1kitq5j,https://reddit.com/r/mechmarket/comments/1kitq5j
1746823489,2025-05-09 20:44:49,[US-NY] [H] Paypal [W] GMK Oblivion,"WTB GMK Oblivion Base set.      Leave a comment here first,, then send me a private message. Thank you!",WillHown,1,4,1kisu8a,https://reddit.com/r/mechmarket/comments/1kisu8a
1746822983,2025-05-09 20:36:23,"[US-MI] [H] Typface Monospace (Black, 2 HS PCBs) | Iron160 WKL Top (Black, Trade for Black WK Top) | Mode65 2021 Multicolor Alu Backpiece | Tactile Switches (Blueberry, Dark Eyes, Bad Seed, Corsa, Mint) | [W] PayPal, Local Cash","[Timestamp](https://photos.app.goo.gl/HMi3whs5uXiYDaW79)  Prices include PayPal G&S fees and shipping. CONUS Only. Please comment before PM; chats will be ignored. Not FCFS. Local to 48323 for cash.  |Item|Price|Description| |:-|:-|:-| |Typface Monospace (Black)|$260|Perfect condition with no flaws.  Black case, copper accent.  Two hotswap PCBs - one PCB does not have stab holes for the backspace.  Alu plate from Typface.  Custom POM plate and case foam from Keyboard Kustoms.  Extra o-rings and ",armass6101,2,8,1kisn9y,https://reddit.com/r/mechmarket/comments/1kisn9y
1746822841.0,2025-05-09 20:34:01,"[US-MI] [H] Paypal, [W] Lemokey L3 Carbon Black","I've been looking at/wanting this keyboard for a few months, but when I went to pull the trigger it was sold out and tariffs on goods right now makes it impossible to find at an affordable/reasonable price. Curious if anyone one here has one that they're willing to sell.",kirbysnow,1,3,1kisl6m,https://reddit.com/r/mechmarket/comments/1kisl6m
1746821888,2025-05-09 20:18:08,[EU-RO] [H] RAMA WORKS® × Keycult Brass Keycaps [W] PayPal - 35 EUR/piece,"Hello r/mechmarket,  [Timestamp](https://imgur.com/a/2bamgFK)  The keycaps are sealed. I have 9 (nine) left to sell. The price is ~~50~~ ~~40~~ 35 EUR + shipping each.  If you buy two (or more), I can lower the price to 30 EUR/piece.  Comment before [PM](https://www.reddit.com/message/compose/?to=rulz3ro) pls.  Thank you for looking!",rulz3ro,1,5,1kis7iz,https://reddit.com/r/mechmarket/comments/1kis7iz
1746820946,2025-05-09 20:02:26,[US-NY] [H] Paypal [W] Neo65,"Looking to buy silver neo65 with trimode hs pcb, and cf or alu plate",Richiericha,0,2,1kiru5i,https://reddit.com/r/mechmarket/comments/1kiru5i
1746820864,2025-05-09 20:01:04,[H] Paypal [W] Silver neo65,[removed],Richiericha,1,1,1kirsyl,https://reddit.com/r/mechmarket/comments/1kirsyl
1746820638,2025-05-09 19:57:18,"[CA-ON] [H] Matrix 8xv3.3 McFlurry and Bluetooth RGB PCB, GMK Fabrik, MV Expo [W] PayPal, Local Cash","[**Timestamp**](https://imgur.com/a/GzEiuRY)  USD prices include PP fees and shipping to US/CA, and CAD prices in parentheses are only for local pickup in Markham.  **Prices are firm - I'm not open to offers.** Sales only, no trades. Please post here before sending a PM.  **Matrix 8xv3.3 McFlurry** **- $580** (C$730 if local)  * Factory sealed. Small WKL, mirror PVD, flex cut plate  [**Matrix 8xv3.3 Bluetooth RGB PCB Bundle**](https://imgur.com/a/XUtxvIN) **- $90 w/o batteries or $100 w/ batteri",Buildingway,2,6,1kirpon,https://reddit.com/r/mechmarket/comments/1kirpon
1746816753,2025-05-09 18:52:33,[US-NJ] [H] PayPal [W] Keycult TKL wrist rest,"Msg in thread first before PM'ing, no chats. Looking for either black, silver, or brass. Unfortunately because of the tariff situation we have in the US, I'm going to have to say North America only for this (not sure about Great Britain, didn't read the update on that). Will only do PayPal invoice, no friends and family or any other payment service.",TeRRoRibleOne,0,2,1kiq7j5,https://reddit.com/r/mechmarket/comments/1kiq7j5
1746816739,2025-05-09 18:52:19,[US-CA] [H] Space 80 Apollo Deep Ocean [W] PayPal,"[Timestamp](https://imgur.com/a/I4uAmXZ)  Hey all, looking to sell my Space 80 Apollo in the Deep Ocean colorway. Includes 1 PCB (used Mouser hotswap PCB or BNIB solder PCB), PC plate, FR4 plate, and all the included accessories. Does not include keycaps, switches, or stabs (can add stabs for $15).  Asking price is $425 plus shipping OBO. Can include the second PCB for +$50.",kspark324,3,3,1kiq7bq,https://reddit.com/r/mechmarket/comments/1kiq7bq
1746815646,2025-05-09 18:34:06,[US-MD] [H] Cerakey v2 Purple w/ legends [W] Paypal,"Timestamp: [https://imgur.com/a/OcW3W2R](https://imgur.com/a/OcW3W2R)  CONUS only  Alpha, mods, and numpad set - $85 plus shipping   Does not come with the original packaging, just a generic box. Mounted once, wasn't for me. Great condition.",ShmokeBud,3,4,1kips41,https://reddit.com/r/mechmarket/comments/1kips41
1746814561,2025-05-09 18:16:01,[US-NJ] [H] PayPal [W] Rama Works U80-A Parts,Hi there! I'm looking for some spare parts for my Rama Works U80-A. I'm interested in the following:  * W02-A Internal Dampener * W01-A Internal Weight * PCBs (ideally hotswap) * PVD weights/plates  Please reach out if you have any of the above available - I'd love to discuss! Thanks so much in advance!  ,Key-Ad-2954,0,3,1kipcsw,https://reddit.com/r/mechmarket/comments/1kipcsw
1746813544,2025-05-09 17:59:04,"[US-OH] [H] PayPal [W] GMK Mictlan Papel Picado Base, Novelties + Others if Available","I'm looking for the Papel Picado Base kit of the GMK Mictlan keycaps, and I would like the novelties if available, but it's not a dealbreaker if it's not. Also, I don't necessarily need them, but I am willing to bundle with any of the other kits, including the Noche base, if needed to part with the Papel base. Feel free to reach out with any offers, and I'm good with Chat or PM, whichever you prefer.",e3super,2,2,1kioxwv,https://reddit.com/r/mechmarket/comments/1kioxwv
1746813387,2025-05-09 17:56:27,"[US-CA] [H] Hand Engineering 2000 Mini SE Moonrock [W] PayPal/Local Cash, GMK Sets, 60s or TKLs"," [TIMESTAMP](https://imgur.com/a/67jVcUq)  Looking to either sell or trade my 2000 Mini SE in Moonrock which is the WKL colorway. Comes with 2 PCBs (1 millmaxed, 1 unused), alu and CF plates. Switches, stabs, and keycaps not included. $565 shipped w/PP fee included. CONUS ONLY.  Ideally would like to trade for a 60 or TKL (open to offers), or combination of some GMK sets. Wishlist is:  GMK Skidolcha  GMK Toxic  GMK Deepwell  GMK Necro  **Open to all offers.**  **Comment before PM**",AkDoxx,2,3,1kiovp6,https://reddit.com/r/mechmarket/comments/1kiovp6
1746813370,2025-05-09 17:56:10,[US-NY] [H] PayPal [W] Norbauer NorbaForce or Heavy-6 in Aperture or VHS finish,,FlippedSpaceBar,2,3,1kiovh0,https://reddit.com/r/mechmarket/comments/1kiovh0
1746812427,2025-05-09 17:40:27,"[Bulk] Cheap Broken-in Mx Blacks, L+F Banana Split Switches","[Timestamp](https://imgur.com/a/0YaXLy5)  Hi Mechmarket! Looking to offload the remaining switches I have in my inventory for an affordable price.  **800,000+ Actuations Broken-in Cherry Mx Blacks** (Description)  * Actuation Count: 500,000+ center actuations, 300,000+ off-center actuations (75K+ on each side) * Spring swapped with 57g tx Long springs  **L+F Banana Split Switches** (Description)  * Ultrasonic cleaned * Krytox 250g0 applied to stem and housing. Krytox 105 on spring * Durock switc",MistKeys,0,1,1kioi1x,https://reddit.com/r/mechmarket/comments/1kioi1x
1746810480,2025-05-09 17:08:00,"[US-NV] [H] Wooting 80HE, IMK Corne [W] Paypal, Local Cash","  Item | Description| Price ---|---|---- Wooting 80 HE| Smoked black case, Jade switches, includes pbtfans neon r2 keycaps. Very lightly used.| $220 shipped IMK Corne| Fully built silver imk corne. Hotswap pcb built with aqua kings v3 (silent linear). Includes extra hardware, tenting accessories, and carrying case. Blank keycaps.| $300 shipped",Bchui,5,4,1kinpv3,https://reddit.com/r/mechmarket/comments/1kinpv3
1746810132.0,2025-05-09 17:02:12,"[US-OK][H] PayPal [W] 75%, 80%, or TKL","Continuing on the keyboard search I am not looking for something in one of the above form factors. I’d like to get something like a Neo/Evo/Zoom or equivalent.  Would prefer barebones, but if it’s built that ok. It also doesn’t need to be wireless, I really only use wired.  Thanks!",tha_blak_sheep,1,2,1kinkr1,https://reddit.com/r/mechmarket/comments/1kinkr1
1746809913.0,2025-05-09 16:58:33,"[USA-OK][H] PayPal [W] 75%, 80%, or TKL","Continuing on the keyboard search I am not looking for something in one of the above form factors. I’d like to get something like a Neo/Evo/Zoom or equivalent.   Would prefer barebones, but if it’s built that ok. It also doesn’t need to be wireless, I really only use wired.  Thanks!",tha_blak_sheep,1,2,1kinhgr,https://reddit.com/r/mechmarket/comments/1kinhgr
1746807830,2025-05-09 16:23:50,"[US-MN] [H] Totem Wireless, QK75, IBM Model F XT, Lofree Flow Lite84 with Carry Case [W] PayPal","All prices include shipping in the CONUS  [Timestamp](https://imgur.com/a/eJ7aET4)  $270 - Totem Wireless  Barely used. Has the metal tenting stands built into the case. Uses the dongle setup with dongle included. Black resin case with resin klp lame keycaps. Built with burnt orange choc switches and has hotswap sockets. Cases are secured in four spots so the case isn't completely flush (expected from github docs), especially the left hand since I added tape over the bottom of the pcb since I th",FrostEffect,3,7,1kimn4v,https://reddit.com/r/mechmarket/comments/1kimn4v
1746806392,2025-05-09 15:59:52,"[US-MD] [H] Biege W1-AT, Moonrock S2000 Mini [W] PayPal","TS: https://imgur.com/a/hFPLtpw  Hi selling two boards  Biege W1-AT, Plateless, PCB built with Nixies, cherry stabs, Extra screws and tabpoles  $430 Shipped OBO  Moonrock S2000 Mini, Alu plate, PCB built with broken in Mx Blacks, Cherry Stabs,   $430 Shipped OBO",theFatMoister,4,6,1kim1xw,https://reddit.com/r/mechmarket/comments/1kim1xw
1746805556,2025-05-09 15:45:56,[Artisan] Varsity Keys x G.tour_ : HypedBeige,"Hyperbeige Lynx! collab with the goat u/g.tour\_ designer of GMK hyperbeige that currently in open till 16th May!  personally, i love the cute Lynx on this drop, unlike the past one (kinda creepy and drippy) lol. the swirl on the tongue are also good in my opinion!  btw,  join g.tour discord here for the hyperbeige updated and also another banger set in the future! [https://discord.gg/XpGXdydaEALynx](https://discord.gg/XpGXdydaEALynx)  HypedBeige is up for raffle now! forms last for 37 hours!  g",Suspicious_Cut_9977,0,1,1kilpxn,https://reddit.com/r/mechmarket/comments/1kilpxn
1746803507,2025-05-09 15:11:47,"[Artisan] Keycat – Icy raffle (Balo, Tete, Puffy)","Hi friends,  Icy raffle will be hold at 10pm ICT (GMT+7) May 9th. Form is 24h long.  [Picture](https://imgur.com/a/nhYD8Ub)  [Sale Form](https://thekeycat.com/raffle/)  Raffle information:  * Time: at 10pm ICT (GMT+7)/ 10am EST May 9th. Form is 24 hours long. * Sculpt: Balo, Tete, Puffy * Colorway: Icy * Stem: MX stem only. * Resin casting / face hand painting inside * Quantity: 05 pcs per sculpt. * Price: Tete (75$), Balo (65$), Puffy (60$) * Shipping: $10 US, $12 other international... * Only ",Keycatvn,0,1,1kikwam,https://reddit.com/r/mechmarket/comments/1kikwam
1746802106.0,2025-05-09 14:48:26,"[UK] [H] PayPal [W] GMK Olivia no.3 novelties, JTK Night Sakura spacebars, Keyzen artisans",WTB  GMK Olivia no.3 novelties  JTK Night Sakura spacebars  Keyzen artisans   Willing to pay for international shipping ,Extension_Sky_8903,1,2,1kikbv9,https://reddit.com/r/mechmarket/comments/1kikbv9
1746802051,2025-05-09 14:47:31,[US-FL] [H] PayPal [W] Neo Ergo - Complete or Parts,Looking for any color Neo Ergo complete or if you have parts. Thanks!,suicide_man,1,4,1kikb3z,https://reddit.com/r/mechmarket/comments/1kikb3z
1746800358,2025-05-09 14:19:18,[US] [H] Paypal [W] Neo Ergo - Complete or Parts,Looking for any Neo Ergo parts or completed build. No preference in color currently,suicide_man,1,2,1kijn30,https://reddit.com/r/mechmarket/comments/1kijn30
1746799044,2025-05-09 13:57:24,"[US-FL] [H] Paypal, Local Cash [W] Neo 70","Howdy all,   Looking to pick up a Neo 70, anodized navy is my preference but I’m interested in the board in most color ways.   Comment here before PMing please. PMs only, no chat please.  Local to 32937  ",enatural,0,3,1kij50b,https://reddit.com/r/mechmarket/comments/1kij50b
1746797817,2025-05-09 13:36:57,[EU-DE][H]Paypal[W]Gothcaps - Sunken Furball - Cosmic Glitch & Dracula,EU-DE\] WTB   Gothcaps - Sunken Furball - Cosmic Glitch   Gothcaps - Sunken Furball - Dracula,guuuf73,0,2,1kiiofp,https://reddit.com/r/mechmarket/comments/1kiiofp
1746797616,2025-05-09 13:33:36,"[US-AZ] [H] HHKB Hybrid Type-S with Deskeys Tiffany v3 35g, plus original domes [W] Paypal, Full size Cherry MX Black Filco or Leopold",[Timestamp](https://imgur.com/a/YTPuyzX) and pics.,balbanna,2,6,1kiilwa,https://reddit.com/r/mechmarket/comments/1kiilwa
1746797435,2025-05-09 13:30:35,[EU-DE] WTB Gothcaps - Sunken Furball - Cosmic Glitch & Dracula,\[EU-DE\] WTB  Gothcaps - Sunken Furball - Cosmic Glitch  Gothcaps - Sunken Furball - Dracula,guuuf73,1,1,1kiiji1,https://reddit.com/r/mechmarket/comments/1kiiji1
1746796874,2025-05-09 13:21:14,"[US-NY] [H] TMOv2, PayPal [W] PayPal, GMK Euler Novelties and deskmat, Soyamilk Latin alphas and Slice of Home deskmat, DCS Peppabeit, KA2019, Bulbasaur Matrix badge","[Timestamp](https://imgur.com/a/5OZHV1N)  Please post a comment prior to PM'ing me. Prices are US shipped.   [TMOv2](https://imgur.com/a/tmov2-OAIplV0) - $260 w/ Blurple; $200 w/o Blurple  * Dark Blue Grey  * Built with Baby Kangaroos soldered on a brass plate  * Extra PCB and hardcase  * Two small patina spots on the back weight, small fading spot on the side.  * I am not currently selling Blurple without the board.  I'm looking to buy the following:  **Keycaps**  * GMK Euler Novelties  * GMK S",jlcl119,0,2,1kiicho,https://reddit.com/r/mechmarket/comments/1kiicho
1746795986,2025-05-09 13:06:26,"[US-UT] [H] Realforce TKL PFU Limited Edition, Lightly Niz Plum 87 [W] Paypal","Realforce board was lubed a few years ago.      Niz board stock.    Realforce asking is $175  Niz asking is $90.  If outside of US/Canada, I'd request we split shipping.     Timestamp [https://i.imgur.com/6gW7afQ.jpeg](https://i.imgur.com/6gW7afQ.jpeg)",BONER69CHAMP,1,8,1kii13b,https://reddit.com/r/mechmarket/comments/1kii13b
1746794870.0,2025-05-09 12:47:50,"[EU-SE] [H] PBTfans Spark R2 Color Mod kit, sealed [W] Paypal",[Timestamps](https://imgur.com/a/CnnOKNG)  PBTfans Spark R2 Color Mod kit. Sealed  45€  Shipping not included in the price.,LinkXr,1,1,1kihmw5,https://reddit.com/r/mechmarket/comments/1kihmw5
1746791693,2025-05-09 11:54:53,[Artisan]CLEAR SWITCH, Nice to see you all!   We're back with the Clear Concept series this time.  [<Image link>](https://imgur.com/gallery/clear-switch-NRawRt4)  [<Form link>](https://forms.gle/jPde4jbozJ7Uagqx7)  ➕  Start:  now   ➕  End:  2025. 5. 11 22:00 PM (GMT+9)  # Keycaps Specifications  * Resin multi castingMX Stem  👇Click the link for activity news or communication👇  [<discord>](https://discord.gg/u4F5TF7jwH)  [<Instagram>](https://www.instagram.com/plus_keyng/),artist_DOT,12,3,1kigm7u,https://reddit.com/r/mechmarket/comments/1kigm7u
1746771580.0,2025-05-09 06:19:40,[US-ID] [H] Ergodox EZ + switches [W] Venmo,"I have a black ergodox EZ with shine, tenting kit, and wrist rests. It has very low miles, just couldn't get down with the feel. Currently have Kailh Clears on it and I also have loose box blacks I will send with it. Asking $260 shipped within conus. PM me for photos. I also have verified trades (albeit older ones) on hardware swap and entexchange. ",Kwarshaw,1,2,1kibpob,https://reddit.com/r/mechmarket/comments/1kibpob
1746771568.0,2025-05-09 06:19:28,[US-WA] [H] PayPal G&amp;S [W] Geon F1-8X v2,,wuye9036,1,0,1kibpjm,https://reddit.com/r/mechmarket/comments/1kibpjm
1746771417.0,2025-05-09 06:16:57,[US-WA] [H] PayPal G&amp;S [W] Geon F1-8X v2,[removed],wuye9036,1,0,1kibo8l,https://reddit.com/r/mechmarket/comments/1kibo8l
1746771280.0,2025-05-09 06:14:40,[US-WA] [H] PayPal G&amp;S [W] Geon F1-8X v2,[removed],wuye9036,1,0,1kibn2h,https://reddit.com/r/mechmarket/comments/1kibn2h
1746771257,2025-05-09 06:14:17,"[EU-SE] [H] MATRIX LAB NAVI Keyboard, GMK oblivion, HMX xinhai [W] PayPal","[Timestamp](https://imgur.com/a/navi-gmk-hmx-5IXQTS2)  Selling a couple of things in my collection, more info below. Can bundle everything together including knight stabilizers for a complete keyboard, with a discounted price ofc!  |Matrix Navi|FRL ketyboard by the renowned Matrix Lab. Colorway is meteorite grey, a kind of grey with glitter incorporated. Overall insane build quality and coloring on the board. Features a little programmable lcd screen. Comes with two badges, one car and one snow ",Fillan05,3,2,1kibmvq,https://reddit.com/r/mechmarket/comments/1kibmvq
1746769051.0,2025-05-09 05:37:31,[CA-BC][H] C3 EQUALS Banana Splits x 126 pieces [W] Paypal,"Hey All,     [Timestamps of the Switches](https://imgur.com/a/HxewYeV)      I have 126 C3 Banana splits, 75 of which are in a bag untouched.      Asking: $60 usd shipped to anywhere within North America.     Please comment before pm. All purchasers will need a verified Paypal account to process payment.",Manley11,1,1,1kib2z2,https://reddit.com/r/mechmarket/comments/1kib2z2
1746765071.0,2025-05-09 04:31:11,"[US-CA] [H] KKB Motosuko Lake, (Base and Scarf Kit) MW Barista Keycaps (Base, Novs), Moyu EMT V2 (Frost Witch) and KTT Darling Switches [W] Paypal","[Keykobo Motosuko Lake (Base, Scarf Kit) ](https://imgur.com/a/FgYcqm9) Never mounted, opened to check out the color; didn't like the color as much as the pictures, so it's sat on my shelf. The scarf kit is together with the base kit.   $135 shipped. CONUS  [MW Barista (Base, Novs)](https://imgur.com/a/UIfRsnp) These have seen some moderate use. Not shined or anything, but I have used them on a main desk board. No issues, otherwise, still in excellent condition.  $95 shipped. CONUS  [Moyu EMT V2",MangoIceCream381,1,1,1kia194,https://reddit.com/r/mechmarket/comments/1kia194
1746764308.0,2025-05-09 04:18:28,[Artisan] ProjectKey - Blue Oni/ Chrono Drifter (Raffle),"**PJK -  Blue Oni/ Chrono Drifter**  * [Keycap image](https://imgur.com/gallery/pjk-blue-oni-chrono-drifter-5vmLdK6) * [Google Form](https://forms.gle/yBXSeQWXyyx9i1816)  ***RAFFLE TIMEFRAME:***  * 10 May, 2025 (SAT) 13:00am - 16:00pm GMT+8 (Hong Kong Time) * Form open for 3 hours * Raffle * Parcel will be sent 2 weeks after the raffle * [Current time in Hong Kong](https://time.is/Hong_Kong) * [Countdown Timer](https://www.timeanddate.com/countdown/generic?iso=20250510T13&amp;p0=102&amp;msg=PJK+",projectkey,1,0,1ki9ts6,https://reddit.com/r/mechmarket/comments/1ki9ts6
1746763196.0,2025-05-09 03:59:56,[US-CA] [H] PBTFans Spark R2 Katakana + Spacebars [W] PayPal,"Hey everyone!  [Timestamp](https://imgur.com/a/yWmi9oN)  Please comment before sending a PM.   This is a set of PBTFans Spark R2 Katakana + Spacebar Kit. Set is pretty much perfect, mounted once and typed on a few times but not a daily set by any means. Box has a little damage on the corner but sets are perfect!  Asking $70 shipped and Paypal G+S  Thank you!",dougj21,1,1,1ki9ia5,https://reddit.com/r/mechmarket/comments/1ki9ia5
1746761417.0,2025-05-09 03:30:17,[Artisan] Craftkey Renko Throne Raffle Sale,"Hello my friend.   Next Chapter: The Shadow Overseer  After the innkeeper of Aztel Inn departed and the secret chamber's door shut behind them, a deep stillness settled over the room. Renko, Morphex, and Mr. Soma began to feel a sense of safety under the layers of ancient protective magic surrounding the chamber.  But only moments later, a faint figure shimmered into view just beyond the door. Then, a deep, echoing voice called out a single name:  “...Soma.”  Renko and Morphex instantly turned, ",Craftkeycap,1,0,1ki8zya,https://reddit.com/r/mechmarket/comments/1ki8zya
1746760352.0,2025-05-09 03:12:32,[AU][H] MIRA SE [W] Paypal,"Timestamp: [https://imgur.com/a/KkOtl1T](https://imgur.com/a/KkOtl1T)  More pictures: [https://imgur.com/a/OJt1ed2](https://imgur.com/a/OJt1ed2)     MIra SE, Blue top Gray bottom. SS weight. Pink alu plate + extra SS plate + PCB   Pink plate has some pretty bad clicky switches in them.      Asking $450 + Shipping. ( Heavy board ) ",RespectElves,1,1,1ki8ooq,https://reddit.com/r/mechmarket/comments/1ki8ooq
1746760113.0,2025-05-09 03:08:33,"[US-CA] [H] Evo80 w/ GMK Botanical R2, Tofu60 Redux in Anodized Coffee [W] Paypal","Hi all! [Timestamp](https://imgur.com/a/tofu60-redux-evo80-w-botanical-r2-6ZN787j)  Looking to sell a couple of keyboards that I never got to really using. Evo80 is practically brand new with oat stock switches and Botanical R2 keycaps, and the Tofu was built by me w/ Gateron Milky Yellows - PC plate. Both kept covered and never really got to using, in mint condition. Let me know if you have any questions!  Evo80: LF $135 + shipping  Tofu60 Redux: LF $65 + shipping",LayerNecessary9317,1,1,1ki8m5d,https://reddit.com/r/mechmarket/comments/1ki8m5d
1746759628.0,2025-05-09 03:00:28,"[USA-CA] [H] Evo80 w/ GMK Botanical R2, Tofu60 Redux in Anodized Coffee [W] Paypal","Hi all! [Timestamp](https://imgur.com/a/tofu60-redux-evo80-w-botanical-r2-6ZN787j)  Looking to sell a couple of keyboards that I just don't use at all. Evo80 is practically brand new with oat stock switches and Botanical R2 keycaps, and the Tofu was built by me w/ Gateron Milky Yellows. Both kept covered and never really got to using, in mint condition. Let me know if you have any questions!  Evo80: LF $135 + shipping  Tofu60 Redux: LF $65 + shipping",LayerNecessary9317,1,3,1ki8gux,https://reddit.com/r/mechmarket/comments/1ki8gux
1746758705.0,2025-05-09 02:45:05,"[PH] [H] Artisans (NORK, GSK, AlphaKeys, Ato Keys, ArcheType) bundle w/ NRD Nest [W] PayPal","Timestamps: [https://imgur.com/a/LfNcvIS](https://imgur.com/a/LfNcvIS)  Want to prioritize selling everything for 620$ shipped  Info:  NORK (complete all)   \- Yeeti  \- Let's Go bundle  \- Mystic Witch  Ato Works (no box)  \- Shadow Bundle  Archetype Zed Fury (no box)  Alpha Keys Han TUT (complete)  GSK x Brocaps: Spider-verse Prowl Pilot ""Prowler"" (complete)  NRD Smoke PC Nest (no box)     Please comment first before DM'ing. Thanks for looking!",LinkCOD,1,1,1ki86yv,https://reddit.com/r/mechmarket/comments/1ki86yv
1746758416.0,2025-05-09 02:40:16,"[US-CO] [H] Latrialum Caps (2020-2022), KAT Mizu Moonlight, GMK 80082, Mode65 v1 (PC, Black Backpiece, FR4 ANSI HS) [W] Paypal, Local Cash","[Timestamp](https://imgur.com/a/kAcKE7f)  Hi all, looking to find new homes for my Lat caps before I move out from my parents' place. All prices include shipping to CONUS, please message me about international shipping!  Royal Glacier (GMK Minimal Collab)- $90 shipped  Serenic Oxidation (GMK Copper Collab)- $95 shipped  Seraphic Void (GMK Cojiro Collab)- $95 shipped  Radiant Sonata (GMK Maestro Collab)- $95 shipped  Serenic Core (GMK Arch Collab)- $95 shipped  Cosmic Ares (GMK Sparta Collab)- $1",Kaery,1,2,1ki83te,https://reddit.com/r/mechmarket/comments/1ki83te
1746758416,2025-05-09 02:40:16,"[US-CO] [H] Latrialum Caps (2020-2022), KAT Mizu Moonlight, GMK 80082, Mode65 v1 (PC, Black Backpiece, FR4 ANSI HS) [W] Paypal, Local Cash","[Timestamp](https://imgur.com/a/kAcKE7f)  Hi all, looking to find new homes for my Lat caps before I move out from my parents' place. All prices include shipping to CONUS, please message me about international shipping!  Royal Glacier (GMK Minimal Collab)- $90 shipped  Serenic Oxidation (GMK Copper Collab)- $95 shipped  Seraphic Void (GMK Cojiro Collab)- $95 shipped  Radiant Sonata (GMK Maestro Collab)- $95 shipped  Serenic Core (GMK Arch Collab)- $95 shipped  Cosmic Ares (GMK Sparta Collab)- $1",Kaery,1,7,1ki83te,https://reddit.com/r/mechmarket/comments/1ki83te
1746757352.0,2025-05-09 02:22:32,[US-CA] [H] JJW Moment - Dusk [W] PayPal,"[https://imgur.com/tyuXW5m](https://imgur.com/tyuXW5m)  [https://imgur.com/Y2BcpaR](https://imgur.com/Y2BcpaR)  [https://imgur.com/cCqlBwg](https://imgur.com/cCqlBwg)  [https://imgur.com/VLEeS8h](https://imgur.com/VLEeS8h)  [https://imgur.com/Apo1aZl](https://imgur.com/Apo1aZl)  \*\*\*Keycaps are NOT included\*\*\*  * **Please comment before sending a chat request**  Switches are Prevail Key Co. Nebula's lubed and filmed, there are 3 random switches too, and I believe the stabs are TX rev3 clip ",realHighThereBud,1,2,1ki7rs8,https://reddit.com/r/mechmarket/comments/1ki7rs8
1746757325,2025-05-09 02:22:05,[US-OH][H] Keychron V10 Max [W] Paypal,"Timestamp: [https://imgur.com/a/SjJAtGb](https://imgur.com/a/SjJAtGb)  Very lightly used KeyChron V10 Max (Alice / Split Layout).  Swapped out the original switches with Princess Linears.  Swapped the original keycaps for Keychron side printed keycaps.  Works great. The USB-A receiver is pretty weak compared to USB-C, but thats been consistent with all of my KeyChrons.  Will come with USB-A & USB-C dongles, keycap puller, a few extra switches, and usb-c cable.  Hoping to get $80 shipped. Will se",Exxo,0,4,1ki7rhd,https://reddit.com/r/mechmarket/comments/1ki7rhd
1746756568.0,2025-05-09 02:09:28,"[CA-AB][H] January Frosted PC Wrist rest, MatrixLab 8XV 3 ⅓, MONOKEI Kei V2 HHKB, Mode sixtyfive 2024 [W] Paypal","Timestamp:   [https://imgur.com/a/783dLlm](https://imgur.com/a/783dLlm)  Hello, selling some things I don't use, All prices in USD and includes shipping in NA. With Pay Pal Goods and services. Keyboards do not included switches or keycaps.  Comment before PM thank you.  Keyboards  |Item|Description|Condition|Price| |:-|:-|:-|:-| |MatrixLab 8XV 3 ⅓|Linen Marble Pattern PVD, SWKL, Non Flex-cut, 2x Hotswap PCB, PP plate, Alu plate, Original packaging |Built, never used|$600.00 USD OBO| ||||| |MONOK",Mythdazlias,1,2,1ki7j0z,https://reddit.com/r/mechmarket/comments/1ki7j0z
1746756517.0,2025-05-09 02:08:37,[AU] [H] PayPal [W] MW Calico Novelties,"Hey guys just looking for a set of MW Calico Novelties, will pay for shipping from anywhere as long as it's not too bad, would prefer if new but happy regardless!",favell1,1,1,1ki7igp,https://reddit.com/r/mechmarket/comments/1ki7igp
1746754319.0,2025-05-09 01:31:59,[US-UT][H] GMK Nines base kit [W] PayPal,[Timestamp and pics](https://imgur.com/a/BuoCXPJ)  Comment before PM thank you.  |item|condition|price| |:-|:-|:-| |GMK Nines base kit|BNIB (never mounted - opened for QC)|$125 shipped w/in CONUS|  ,zps123,1,1,1ki6tqx,https://reddit.com/r/mechmarket/comments/1ki6tqx
1746754030.0,2025-05-09 01:27:10,[US-UT][H] GMK Nines base kit [W] PayPal,[Timestamp+pics](https://imgur.com/a/BuoCXPJ),zps123,1,2,1ki6qk3,https://reddit.com/r/mechmarket/comments/1ki6qk3
1746753042.0,2025-05-09 01:10:42,[US-FL] [H] PayPal [W] 9009 MT3 Numpad Kit,I’ll literally pay double or even buy your whole numpad for a premium.  Trying to find this kit has been difficult.,core627,0,2,1ki6fh4,https://reddit.com/r/mechmarket/comments/1ki6fh4
1746746568.0,2025-05-08 23:22:48,[US-NY][H] PayPal [W] Monokei x TGR 910 ME PCB (MNK65-T),"Hello! Looking for a Monokei x TGR 910 ME PCB (MNK65-T) in either solder or hotswap. Willing to pay extra, just let me know your price. Please comment befitting PMing.  Thank you!",Beepbooposaurus,1,1,1ki4ay2,https://reddit.com/r/mechmarket/comments/1ki4ay2
1746744839.0,2025-05-08 22:53:59,"[US-FL] [H] 80retros XT1981, HMX Monochrome, GMK DMG R2 [W] Paypal","Hi MM!  Timestamp:   The following is up for sale:  *80retros XT1981 Keyboard - brand new, everything still in original packaging. **$180 shipped OBO**  *HMX Monochrome - **$25 shipped OBO** * GMK DMG R2 - base, novelties and spacebars, mounted twice, light use, no shine - **$150 shipped OBO**  Thanks for looking!",StoicNate,1,2,1ki3p3l,https://reddit.com/r/mechmarket/comments/1ki3p3l
1746744098.0,2025-05-08 22:41:38,"[US-PA] [H] Neo75 CU Ano Grey / Brass, Keychron Q1 w/ several plates, Switches (90x WS Morandi, 81x G-Square Dark Warrior Tactiles v2) [W] Paypal","[Timestamp](https://imgur.com/a/CF8To1u)  **Neo75 Cu Anodized Grey / Brass - $220 shipped**  Lightly used and in perfect condition. Comes with:  * Original carrying case * Aluminum &amp; PP plates * Gold swirl badge * Neo stabs, which are lubed and tuned   **Keychron Q1 v2 - $110 shipped**  Used and with a couple scuffs on the case. That being said, it was well taken care of and I have re-lubed the stabs. Comes with:  * Aluminum, FR4, and PC plates * Included keycaps and Gateron red switches * C",ASnackBite,1,1,1ki3fdl,https://reddit.com/r/mechmarket/comments/1ki3fdl
1746742817.0,2025-05-08 22:20:17,[Artisan] Wheatkeys - Shot n' a Beer 9,Hi Folks!  Today we have **Arbor + Pine Blank** in the colorway [**about half the tree i used to be**](https://imgur.com/a/snb9-5CCHQyX)  * Raffle form is [**here**](https://forms.gle/iTsAwkhbs6a1J2bx7)   Good luck!,DangerousWheat,1,0,1ki2yrp,https://reddit.com/r/mechmarket/comments/1ki2yrp
1746741846.0,2025-05-08 22:04:06,[US-CA][H]Paypal [W] utd356 mini pcb,Lmk please!,kiwibestfruit,1,1,1ki2lv3,https://reddit.com/r/mechmarket/comments/1ki2lv3
1746739508.0,2025-05-08 21:25:08,"[US-FL] [H] Paypal Venmo Local Cash [W] RAMA M60 , FJELL, NEO60, QK60, 60 % WKL HHKB LAYOUT KEYBOARDS IN GREEN, PURPLE, PINK, POLYCARBONATE","Looking for a solid 60% keyboard — WKL or HHKB layout preferred — in green, purple, , polycarbonate or pink.  Some boards I’m especially interested in:  * RAMA M60 * FJELL * NEO60 * QK60  Show me what you’ve got!",MariColin,1,2,1ki1pg2,https://reddit.com/r/mechmarket/comments/1ki1pg2
1746739273.0,2025-05-08 21:21:13,[US-CA] [H] PayPal [W] owlab voice mini in jasmine or salmon,"Looking for an owlab voice mini in jasmine or salmon colorway! Please PM only, no chats.",Naschkatze_peach,1,1,1ki1m2p,https://reddit.com/r/mechmarket/comments/1ki1m2p
1746738727.0,2025-05-08 21:12:07,[US-TX] [H] GMK Amethyst [W] PayPal,Timestamp: [https://imgur.com/a/vfM4xjA](https://imgur.com/a/vfM4xjA)  * GMK Amethyst (Lightly Used) - $85  No trades; Comment before messaging.,Puzzleheaded-Total82,1,1,1ki1e7l,https://reddit.com/r/mechmarket/comments/1ki1e7l
1746737036.0,2025-05-08 20:43:56,"[CA-ON] [H] TKC Candybar Southpaw, GMK Modo 2, C3 Tangerines, Boba U4Ts and others [W] Paypal G&amp;S or local cash/e-transfer","[Timestamp](https://photos.app.goo.gl/HzWGcaFpGqH13N9z6)  For sale:  1. TKC Candybar 40% Southpaw Zero (white) R3; southpaw pcb, white steel plate - $200cad + shipping 2. Idobao ID75 Ortholinear keyboard; matte clear acrylic case, black aluminum plate - $120cad + shipping (compatible DSA keycap set also available) 3. Skyloong GK96 Southpaw wireless keyboard; FR4 plate, lubed stabs - $80cad + shipping 4. GMK Modo 2 Keycaps; lightly used, only slight shine on the 6.5u spacebar - $250cad + shipping",sup_doge,1,1,1ki0q5l,https://reddit.com/r/mechmarket/comments/1ki0q5l
1746736681.0,2025-05-08 20:38:01,[US-TN] [H] Switches [W] PayPal,[Timestamp](https://imgur.com/a/R8ENpxN)  Free shipping CONUS for orders over $50.  Buy everything for $250 shipped CONUS.   Switches (Stock unless noted):  * Geon Raw ZERO | 72x | $25 * Gateron CM | 95x | Lubed and Filmed | $40  * HMX Canglan V2 | 70x | $20 * HMX Ice Cendol | 70x | $20 * Sunny Side Up | 70x | $15 * Neo Whites | 100x | $25 * Zepsody Wisterias | 210x | $25 per 90x  * Gateron Yellows | Lubed by Alexotos | 67x | $15 * HMX Hades V2 | 70x | $20 * Keygeek MZ Y1 | 100x | $25 * Keygeek ,thelegojunkie,1,1,1ki0kzb,https://reddit.com/r/mechmarket/comments/1ki0kzb
1746735539.0,2025-05-08 20:18:59,"[US-WA] [H] QK65 WKL w/ Extras, (L) Boba U4Ts, (L+F) Meteor Whites, (L+F) Durock Daybreaks, CannonCaps407, Polycaps Code, KBD67 lite, &amp; Keychron v1 [W] Venmo","[\[Timestamp &amp; Photos\]](https://imgur.com/a/RDJd9vp)  **PRICES NEGOTIABLE! Feel free to start the conversation. Looking to clean house before I move into my own place.**  \*\*CONUS\*\* Will be shipping through USPS, please allow 2 days within payment clears before shipping.  Comment before PM please!  Additional Photos available upon request!  ***KEYBOARDS - Original Case/ Box included for all!***  **Qwerty Keys QK65 - WKL** | Anodized red, Tri-Mode Hot-swap PCB, White weight, Aluminum plat",H4LFaP0LYG0N,1,3,1ki04b6,https://reddit.com/r/mechmarket/comments/1ki04b6
1746735154.0,2025-05-08 20:12:34,"[US-CO] [H] Preonic, Iris split ergo, Drop Alt, KBP V60, tons of switches [W] $","Moving and need to get rid of stuff. There's a ton here, and I'm selling it all as a bundle.  Hopefully the pictures answer everything, lemme know if not.  Looking to get $150 for the whole bundle.  https://imgur.com/a/kCoLYws",supreme_blorgon,1,2,1khzyq1,https://reddit.com/r/mechmarket/comments/1khzyq1
1746735070.0,2025-05-08 20:11:10,[EU-SE] [H] PayPal [W] IMK Corne case,"I'm looking for a slightly more stable tenting setup for my corne. Mainly interested in case and hardware, but will consider full builds as well, if the price is right.",potatoh8,1,1,1khzxhx,https://reddit.com/r/mechmarket/comments/1khzxhx
1746733311.0,2025-05-08 19:41:51,[US-OH] [H] Rama Thermal Soya [W] PayPal,"https://imgur.com/a/lOrUocA  Rama Thermal $469 shipped same day! -Rama Thermal SEQ-2 Soya -Osume Red Panda Keycap and Novelties -Coconut Latte Switches -Durock v2 Screw in stabs, Cherry Mx bar for space bar due to longer size - lubed with 205g0 and dielectric grease",DangerousKing1041,1,1,1khz7im,https://reddit.com/r/mechmarket/comments/1khz7im
1746733194.0,2025-05-08 19:39:54,[US-OH] [W] Rama Thermal [W] PayPal,"https://imgur.com/a/lOrUocA  Rama Thermal $469 shipped same day! -Rama Thermal SEQ-2 Soya -Osume Red Panda Keycap and Novelties -Coconut Latte Switches -Durock v2 Screw in stabs, Cherry Mx bar for space bar due to longer size - lubed with 205g0 and dielectric grease ",DangerousKing1041,1,0,1khz5tx,https://reddit.com/r/mechmarket/comments/1khz5tx
1746732814.0,2025-05-08 19:33:34,[US-OH] [H] Rama Thermal SEQ-2 Soya w/ Osume Red Panda Keycaps - Coconut Latte Switches [H] PayPal,,DangerousKing1041,1,1,1khz0h0,https://reddit.com/r/mechmarket/comments/1khz0h0
1746732364.0,2025-05-08 19:26:04,"[US-WA] [H] GMK, Osume keycaps, Evo 80,Jelly key artisans [W] Paypal, Matrix my-2k, Gmk Kaiju, Zooted, Cysm artisans, Vento 80",[Timestamp](https://imgur.com/a/6O0eKdw)  **Hi everyone!**  All the keycaps and keyboards in this list are either brand new (unopened) or used once and returned to their original manufacturer packaging!  A few quick notes:  * **Please comment before sending a chat request** * **CONUS shipping is free** for above $100 * **Discounts and Offers**    * BUY 1 Keyboard get a keycap from Set A for 20% off or from Set B for 50% off    * Buy 1 from Set A get 1 for 50% off from Set B * If you have any que,Altruistic_Sir,1,2,1khytvl,https://reddit.com/r/mechmarket/comments/1khytvl
1746732282.0,2025-05-08 19:24:42,"[US-TX] [H] GMK Keycaps, PBTfans Deep Sea Predator, other keycaps, Keyboards [W] Paypal, GMK Keycaps, KKB Cherries Base and Alphas","Timestamp:  [https://imgur.com/a/OKMhGJb](https://imgur.com/a/OKMhGJb)  Hello, selling some things I don't use    Keycaps:  |Item|Description|Condition|Price| |:-|:-|:-|:-| |GMK Fuji|Katakana Base|BNIB|$110 Shipped| |~~GMK Chaos Theory~~|~~Chaos Base~~|~~BNIB~~|~~$130 Shipped~~| |GMK Watermelon|Base|BNIB|$150 Shipped| |GMK Blue Alert R2|Hangul|BNIB|$60 Shipped| |PBTfans Deep Sea Predator|Hoshoku Base|Light use, little to no shine|$100 Shipped| |ePBT Dreamscape|Base Kit + Spacebars|BNIB|$110 Ship",Upbeat-Ad-1887,1,1,1khyso2,https://reddit.com/r/mechmarket/comments/1khyso2
1746731389.0,2025-05-08 19:09:49,"[HK] [H] Paypel [W] Mode Tempo Silver Case, Copper/Brass accent, Brass/Copper/Silver Weight, Split backspace PCB","Looking for a Mode Tempo with configuration specified on the title. Will use Paypal G&amp;S, please include that in your price. If in US/UK, have proxy, rest of the world need to ship directly to Hong Kong. Please comment before DM, thank you.",macbrush,1,2,1khyfkf,https://reddit.com/r/mechmarket/comments/1khyfkf
1746731387.0,2025-05-08 19:09:47,"[CA-ON] [H] Powder White Black Keycult 2/65 , Navy Mr. Suit [W] Paypal","[Timestamp](https://imgur.com/a/timestamp-may-8-25-JclwZdc)  [Keycult 2/65](https://imgur.com/a/keycult-2-65-powdered-white-WRmkfMg)  [Mr Suit](https://imgur.com/a/mr-suit-navy-2025-XNN3gOa)     Keycult 2/65 , Jan 2023 - $400 USD  * Powder White Black * Alu + POM Plate * Millmax PCB (currently 7u)  Mr. Suit - $300 USD  * FR4 + POM Plate * Hotswap PCb * Durock V2 Stabs * Hairline scratches on PVD weight near USB cutout - see pics  Prices **does not include shipping**. Prefer local to Toronto.  Co",blabberminion,1,2,1khyfiv,https://reddit.com/r/mechmarket/comments/1khyfiv
1746731324.0,2025-05-08 19:08:44,[US-FL] [H] Paypal [W] Baionlenja Gehirn R2 Symbiote colorway hotswap pcb,Looking for a Baionlenja Gehirn R2 in the Symbiote Colorway with a hotswap PCB. Please reply on post before PM. Thanks in advance. ,407Marine,1,2,1khyemf,https://reddit.com/r/mechmarket/comments/1khyemf
1746731002.0,2025-05-08 19:03:22,[US-CT] [H] Paypal [W] HHKB Pro 1 (PD-KB300BN),Looking for one in excellent condition. OG box + manual is a plus. Thanks in advance.     Please PM here first before DM. No chats at this time please.,VXNOM,1,1,1khy9xu,https://reddit.com/r/mechmarket/comments/1khy9xu
1746730717.0,2025-05-08 18:58:37,"[US-CA] [H] Full Build Bolsalice Keyboards bundle (GMK Bento R2 + spacebar/Salmon addons) , Namong Dalbok artisan keycaps (Taro, Botanical, Dracula, Rudy, and more), DeagCaps Poro Bean, OG Rudory, Coconut Keycaps Moon, CYSM Jelly Keyby (Pink), Nrd Nest &amp; Nrd Nest XXL [W] PayPal G&amp;S","[\[TIMESTAMP\]](https://imgur.com/a/XsoZlTf?s=fbm)  Selling priority to CONUS shipped with PayPal Goods &amp; Services. International will need to pay extra for shipping.  For artisans, I will do bundle discounts of 10% off  if you buy 3 things or 15% off if it's 5 or more. Please feel free to message me if you have any questions or have a best offer!  When you PM please include if you are CONUS or not. Thanks!  |Items|Notes|Price (shipping included)| |:-|:-|:-| |Bolsalice + GMK Bento R2 with sa",RiotGomurai,1,3,1khy5gf,https://reddit.com/r/mechmarket/comments/1khy5gf
1746730684.0,2025-05-08 18:58:04,[US-NY] [H] PayPal [W] 87 Gazzew U4, If anyone has some they would like to sell. I need 87. ,aja1216,1,2,1khy4xp,https://reddit.com/r/mechmarket/comments/1khy4xp
1746730549.0,2025-05-08 18:55:49,"[TW][H] Safa TKL、Neo ergo、GMK crème、Mx blacks, browns, oranges、prevail epsilon [W] PayPal","[timestamp](https://imgur.com/a/mViz89q)  **safa tkl wkl red $390 shipped** brand new 1.2mm solder pcb and 1.6mm pcb Alu plate x2, pp plate x2, pc, stainless steel plate  - GMK crème base+Nov **$170 shipped** - Mx blacks lfss 70x /90x **$45/$58 shipped** - broken-in(1 million actuation) Mx blacks lfss 70x **$55 shipped** - Mx browns lfss 70x/90x **$45/$58 shipped** - Mx2a browns lfss 70x/90x **$47/$60 shipped** - Mx2a oranges lfss 90x **$60 shipped** - zenclack oolong switches(lubed and spring s",OkRecording6032,1,1,1khy2ym,https://reddit.com/r/mechmarket/comments/1khy2ym
1746729734.0,2025-05-08 18:42:14,[US-CA] [H]Paypal [W]Norbauer Ghost of Christmas Future Edition,Looking to buy a Norbauer GOCF in excellent condition.  Please reply to post before DM.  Thanks. ,eg68,1,1,1khxr3v,https://reddit.com/r/mechmarket/comments/1khxr3v
1746729164.0,2025-05-08 18:32:44,[EU-DE] [H] PayPal [W] Keycult No.1/60,Title. Black/Brass preferred.  Intl. shipping will be covered.,Snitte77,1,1,1khxiem,https://reddit.com/r/mechmarket/comments/1khxiem
1746729164.0,2025-05-08 18:32:44,[EU-DE] [H] PayPal [W] Keycult No.1/60,Title. Black/Brass preferred.  Intl. shipping will be covered.,Snitte77,1,1,1khxiem,https://reddit.com/r/mechmarket/comments/1khxiem
1746728863.0,2025-05-08 18:27:43,"[UK] [H] PayPal [W] Zoompad, Numpad, GMK Universe Numpad","Looking to buy a Zoompad (or other high quality numpad).  Must have hotswap PCB.  Colour preference of navy / blue / black but happy to entertain other colours.  Must be right handed. Does not need to include switches or caps. I am happy to pay for shipping from abroad and have confirmed trades from abroad on MM.   Separately, I’m also looking to buy the Numpad set for GMK Universe to compliment my base set.  Thanks",Waxy_Duck,1,1,1khxdzx,https://reddit.com/r/mechmarket/comments/1khxdzx
1746728507.0,2025-05-08 18:21:47,[US-FL] [H] PayPal [W] CW88 lilac tkl,Please make sure to comment first ,bobby_venture,1,2,1khx8op,https://reddit.com/r/mechmarket/comments/1khx8op
1746727994.0,2025-05-08 18:13:14,[US-GA] [H] PBTFans Kabku-Cho R2 +R1 alpha  [W] Paypal,"Timestamp: [https://imgur.com/a/drX5DiH](https://imgur.com/a/drX5DiH)    Kabuki Cho R2 with R1 alphas.   Good condition, no shine, box is in good shape.     Bought a while back and never ended up using them. Looking to sell to fund hobbies. (anime figures)  Price: $100 + shipping. Paypal - Goods &amp; Services. CONUS shipping only.    PM if interested  Thanks!       ",blayneandsimple,1,1,1khx136,https://reddit.com/r/mechmarket/comments/1khx136
1746726396.0,2025-05-08 17:46:36,[EU-PL] [H] PayPal [W] GMK Civilizations Base,"Hey guys, looking to buy GMK Civilizations Base kit, new or lightly used (will ask for images if used). Preferably within Europe. Thanks in advance!",RoofusK,1,2,1khwcl1,https://reddit.com/r/mechmarket/comments/1khwcl1
1746724536,2025-05-08 17:15:36,"[US-CA][H] Paypal [W] Chimera65 Navy Crest, 2022 Mode Sonnet Lavender Top and HS PCB, Serika Spacebars","Hello, looking for the following items in new or like-new condition:  1. Chimera65 Navy Crest 2. GMK Serika Spacebars (Spacebars only) 3. 2022 Mode Sonnet    1. Lavender Top    2. Hotswap PCB  Please send me your offers. I prefer sellers who already have some reputation or confirmed trades. I am located in Southern California. Thank you!",RobotechLdv,0,3,1khvknf,https://reddit.com/r/mechmarket/comments/1khvknf
1746723348.0,2025-05-08 16:55:48,"[US-CA] [H] PayPal [W] Mekanisk Fjell (Raw, E-White, Rose)","Looking for Mekanisk Fjell, case only. Feel free to PM or message with any offers!",riftpenguin_,1,1,1khv33c,https://reddit.com/r/mechmarket/comments/1khv33c
1746719455.0,2025-05-08 15:50:55,"[US-TX] [H] Paypal, local cash [W] Epomaker TH96","I love the old Epomaker keyboards, but I don't have this one yet. I don't care if it's used as long as it is in good condition!",Gold_Inflation4049,1,1,1khth6x,https://reddit.com/r/mechmarket/comments/1khth6x
1746719255.0,2025-05-08 15:47:35,"[US-TX] [W] Epomaker TH96 [H] Paypal, local","I love the old Epomaker keyboards---I have the Th66 Pro and the Th80 Pro, but not this one! I don't care if it's used as long as it is in good condition!!",Gold_Inflation4049,1,0,1khtedp,https://reddit.com/r/mechmarket/comments/1khtedp
1746718660.0,2025-05-08 15:37:40,[US-OH] [H] PayPal [W] Original Tofu65 hotswap pcb,"Looking for a hotswap PCB for the original tofu65, flexible on price.",lpulzerizer,1,1,1kht5ub,https://reddit.com/r/mechmarket/comments/1kht5ub
1746718356.0,2025-05-08 15:32:36,[US] [H] PayPal [W] Hotswap PCB for original tofu65 case,"looking for a new hotswap pcb for original tofu65 case, if you have the plate as well would be interested in that as well, my preferred board would be a DZ65 V3 but any hotswap board for the tofu65 would be fine",lpulzerizer,1,1,1kht1gm,https://reddit.com/r/mechmarket/comments/1kht1gm
1746716224.0,2025-05-08 14:57:04,"[UK] [H] Realforce 87u, QwertyKeys QK80, Tiger 80, Everglide SK87 w/HyperX Pudding, GMK Laser, Ducky PBT keycaps [W] PayPal","[Timestamp](https://deskthority.net/download/file.php?id=81526)  Selling few things (prices not including delivery):  **QwertyKeys QK80** Keyboard Kit - brand new, sealed, winkeyless, anodised black, golden sand blasted weight, POM plate, Wired ANSI hotswap pcb, badge cogwheel - £180  **Tiger 80** aluminium version keyboard - used, in perfect condition, black, carrying case and foam included, lubed Durock stabilisers - £150  **Topre Realforce 87UW (SE07T0)** Keyboard - beige, variable switch ver",Topre_Mike,1,1,1khs64y,https://reddit.com/r/mechmarket/comments/1khs64y
1746716191.0,2025-05-08 14:56:31,[US-FL] [H] PayPal [W] Kalam Kohaku,"Title says it all! Looking to buy a Kalam Kohaku! Preferably in PC, Yale Blue, or Imperial red!  ",Jtuned322,1,1,1khs5o5,https://reddit.com/r/mechmarket/comments/1khs5o5
1746715370.0,2025-05-08 14:42:50,[US-MI] [H] PayPal [W] DCS WOB +/- RGB Kit,"Looking for DCS WoB by Ankit and also the RGB Kit, if you have it ",HeySup5,1,1,1khrtwy,https://reddit.com/r/mechmarket/comments/1khrtwy
1746712480.0,2025-05-08 13:54:40,[EU-BE] [H] PayPal [W] ePBT Aesthetic Fuji Deskmat,I'm looking to buy the Fuji deskmat from ePBT Aesthetic.,Thareya,1,2,1khqp9z,https://reddit.com/r/mechmarket/comments/1khqp9z
1746712024.0,2025-05-08 13:47:04,[USA-TX][H] iPhone 13 Pro Max 256GB Green - Unlocked - Excellent Condition [W] PayPal,[removed],ThrowYaAccountAway,1,3,1khqj4b,https://reddit.com/r/mechmarket/comments/1khqj4b
1746711627.0,2025-05-08 13:40:27,[US-FL] [H] DSA Witch Girl Keycaps + HIBI Artisan [W] PayPal,"**Timestamp:** [https://drive.proton.me/urls/GBHT2112WC#7CTcES04qpJC](https://drive.proton.me/urls/GBHT2112WC#7CTcES04qpJC)  Prices are in USD and do not include shipping. Please reach out with your location (and zip code, if in the US) to get a quote with shipping fees!  **DSA Witch Girl Keycaps + HIBI Artisan** \- Full set from original run, unused. Also includes HIBI rose gold artisan, which was opened but never mounted. Comes complete with all packaging and original box. **$200**  Please com",fleur-de-pomme,1,1,1khqdwh,https://reddit.com/r/mechmarket/comments/1khqdwh
1746711308.0,2025-05-08 13:35:08,"[US-MD] [H] Paypal [W] OTD 360 Corsa, Ishtar Novs, Retro Cherry Dyesubs (3011 Olivetti, OG Desko)",Please comment before PMing :),Chessyab,1,2,1khq9un,https://reddit.com/r/mechmarket/comments/1khq9un
1746710915.0,2025-05-08 13:28:35,"[US-CA] [H] PayPal [W] DCS Alps Keycap sets: DCS Pingmaster, DCS Yuri, DCS Alpine Winter",Looking for these 3 DCS Alps sets. I am not looking for the Cherry MX versions.,SgtFinley96,1,1,1khq4ny,https://reddit.com/r/mechmarket/comments/1khq4ny
1746705025.0,2025-05-08 11:50:25,[US-FL][H] Lofree Flow white Mechanical Keyboard [W] Venmo/Paypal,"[https://share.icloud.com/photos/0abK6GcZXVnSc8ErrtczcupTQ](Timestamp)  Used white Lofree Flow mechanical keyboard. Mint condition, types smooth as butter. After some use I decided that I don't like Low-profile mechanical keyboards much, that's why I'm selling it.  [https://www.lofree.co/products/lofree-flow-the-smoothest-mechanical-keyboard](https://www.lofree.co/products/lofree-flow-the-smoothest-mechanical-keyboard)  Original website has more info  Looking to get $110, CONUS shipping included",jvillasante,1,2,1kho4hf,https://reddit.com/r/mechmarket/comments/1kho4hf
1746702875.0,2025-05-08 11:14:35,"[US-FL] [H] PayPal [W] WoB Shinethrough, GMK Beige HIBI Artisan, Mode 2022 Sonnet Tops",Hi MM!  Looking for:  - WoB Shinethrough kit   - GMK Beige HIBI Artisan  - 2022 Mode Sonnet Top  Thanks!,StoicNate,1,1,1khnhr2,https://reddit.com/r/mechmarket/comments/1khnhr2
1746702149.0,2025-05-08 11:02:29,[UK-SW] [H] TTC Magneto RGB [W] PayPal/ebay listing,[removed],olixerrr,1,1,1khnaii,https://reddit.com/r/mechmarket/comments/1khnaii
1746701985.0,2025-05-08 10:59:45,[UK-SW] [H] TTC Magneto RGB [W] PayPal/ebay listing,[removed],olixerrr,1,1,1khn8n9,https://reddit.com/r/mechmarket/comments/1khn8n9
1746700916.0,2025-05-08 10:41:56,[US-AZ][H] PayPal [W] Fat Tiger Desk Mat Half-bone or Grey,Looking for either half bone variant or regular grey tiger. Thank you!,VersusXO,1,2,1khmy95,https://reddit.com/r/mechmarket/comments/1khmy95
1746694931.0,2025-05-08 09:02:11,"[US-ME][H]GMK Rainy Day，GMK Honor，SA terminal，LZ Physix Plate + PCB，GMK X RAMA Caps（Honor,Redline,Minimal,Beta,Retrocast,Red Devils,Posh,Dualshot）[W] Paypal","[Timestamp](https://imgur.com/a/MBvUjoF)  Since I have finished my studies and will be back to China, I will be processing these stocks in the last week. Please let me know if you need anything.  **The price is not fixed and can be flexible. If you buy more than one, I will make a discount.**  **Price includes PP fee, include shipping , CONUS only！**  **Please comment then PM!**  **GMK Rainy Day-----$250 shipped**  * Base+Space+Novelties * Sealed, unused,Bundle sale  **GMK Honor-----$110 shipped",kevinsunbo,1,2,1khlhu6,https://reddit.com/r/mechmarket/comments/1khlhu6
1746691002.0,2025-05-08 07:56:42,"[US-CA] [H] Cyberboard Novel Project 2 ""Eclipse"" Bundle [W] Paypal","[Timestamp](https://imgur.com/a/cyberboard-novel-2-eclipse-FNfs1aW)  Looking to offload my Cyberboard Novel Project 2 “Eclipse” Bundle package. Only used three times. You can only buy a base kit now on the AM site, but this package has the Eclipse keycaps and stabs already installed. $850 OBO.",palbertosanchez,1,2,1khkm8u,https://reddit.com/r/mechmarket/comments/1khkm8u
1746690775.0,2025-05-08 07:52:55,[US-CA] Cyberboard Novel Project 2 “Eclipse” Bundle,"[Timestamp](https://imgur.com/a/cyberboard-novel-2-eclipse-FNfs1aW)  Looking to offload my Cyberboard Novel Project 2 “Eclipse” Bundle package. Only used three times. You can only buy a base kit now on the AM site, but this package has the Eclipse keycaps and stabs already installed. $850 OBO.",palbertosanchez,1,2,1khkkf7,https://reddit.com/r/mechmarket/comments/1khkkf7
1746689951,2025-05-08 07:39:11,[SG] [H] PayPal [W] Deadline AirR or Air-Hutt PC Keycaps,Looking for either pink or purple PC keycaps by Deadline. Will pay shipping to Singapore. Comment before PM please!  *  Pink: [https://deadline.space/collections/keycaps/products/deadline-air-hutt-pc-keycaps](https://deadline.space/collections/keycaps/products/deadline-air-hutt-pc-keycaps) *  Purple: [https://deadline.space/collections/keycaps/products/](https://deadline.space/collections/keycaps/products/),matsumetal,1,2,1khkdr9,https://reddit.com/r/mechmarket/comments/1khkdr9
1746689860.0,2025-05-08 07:37:40,[SG] [H] PayPal [W] Deadline AirR or Air-Hutt PC Keycaps,[removed],SuspiciousYam8209,1,0,1khkd2i,https://reddit.com/r/mechmarket/comments/1khkd2i
1746687373.0,2025-05-08 06:56:13,"[AU][H]Think6.5v2, GMK Sumi, Sumi RAMA, KAT Atlantis, Red Dragon [W]Paypal,Local Cash","Timestamp: [https://imgur.com/a/jIlEFIY](https://imgur.com/a/jIlEFIY)  **Located Sydney, Australia**  **Prices are very negotiable; especially if buying more then one item.**  **Can provide proof of purchase from original manufacturer or retailer for every item.**  **Price are all USD.**  **Can post around the world cheaply, fully tracked shipping. Prices do not include shipping. Local pickup available, Sydney.**  |Item|Condition|Price (USD, ono)| |:-|:-|:-| || |Think 6.5 V2 2U Deep OceanBlue (+",Zomiq,1,1,1khjsie,https://reddit.com/r/mechmarket/comments/1khjsie
1746680948.0,2025-05-08 05:09:08,[US-CA][H] Mr Suit R1 Green WK [W] PayPal / Local Cash,"[Pictures Here](https://imgur.com/a/7kI4SHW)     Selling for 400 USD, fully built with Lubed Cannonkey Lavender Linear Switches and bootleg botanical keycaps, I believe this has an FR4 Plate built in as well as a brass plate unused, have all original boxes.     Willing to meet in Los Angeles area as well for sale. ",parskahyes,1,1,1khi7cz,https://reddit.com/r/mechmarket/comments/1khi7cz
1746679274.0,2025-05-08 04:41:14,[US-TX] [H] PayPal [W] Orange/Blue/Brown Alps,"Hi all, looking for some apps switches in good condition. Send me any offers!  Please comment before PM as always.",DotaDondo,1,2,1khhrrr,https://reddit.com/r/mechmarket/comments/1khhrrr
1746678935.0,2025-05-08 04:35:35,"[US-CA] [H] Gmk wob, gmk cyan, og double shots, clone og double shots, 9009, big bundle of crp, mx switches, big bundle of incomplete gmk sets[W] PayPal",[Timestamps](https://imgur.com/a/timestamps-KNFx22i)  [Timestamps](https://imgur.com/a/timestamps-5a12Dis)  Gmk wob $60 + Ship    Og doubleshots 1800 $100 + Ship    HUGE bag of crp random mix alphas mods etc $30+ Ship    Gmk cyan base missing i key and random others $65 + Ship    Gmk 9009 r3 base check photos missing t and others $50+ Ship    Clone og doubleshots missing 7u space bar $30 + Ship    WG vint blacks l/f/ss some tops are different Trades    Tkl batch mx blacks l/f/ss modded $40    Tk,Ilovecutomskeebs,1,1,1khhoh6,https://reddit.com/r/mechmarket/comments/1khhoh6
1746676673.0,2025-05-08 03:57:53,[US-WI] [H] Wooting Two HE + Wrist Rest [W] PayPal,[timestamp](https://imgur.com/a/V1ONb1a)  looking for $175 shipped (to CONUS) PayPal G$S with the Wrist Rest included. Figure it ran me 245 so this isn't crazy?  got it beginning of March.  ,ZoroSeerus,1,1,1khh1eg,https://reddit.com/r/mechmarket/comments/1khh1eg
1746675817.0,2025-05-08 03:43:37,[US-NV] [H] HHKB Pro Hybrid Type-S Charcoal Printed [W] PayPal,"[Timestamp](https://imgur.com/a/UVriw3m)  Original owner of this HHKB. Used for work for about 4 months, its been collecting dust ever since. Looking for $200 shipped. I have sales over on /r/AVExchange as well.  Please comment before PMing!",Midariiiiiii,1,2,1khgsn9,https://reddit.com/r/mechmarket/comments/1khgsn9
1746674677.0,2025-05-08 03:24:37,[CA-BC] [H] Keycult No. 2/65 PC [W] PayPal,Timestamp: [https://imgur.com/a/Vo5m7pN](https://imgur.com/a/Vo5m7pN)  ***Keycult No. 2/65 Polycarbonate / Gold Bottom***  Aluminum Plate / Hotswap PCB  New. Opened to inspect.  Mint condition.  $375 USD Shipped within Canada / Conus,huckjai,1,1,1khgghw,https://reddit.com/r/mechmarket/comments/1khgghw
1746674075.0,2025-05-08 03:14:35,"[US-TX] [H] PayPal [W] Owlab Chalice 40% Keyboard, any color but pink","I love this keyboard and joined the hobby way late to get it, hoping someone has one they maybe don’t use too often and are looking to get rid of! ",Squatch7523,1,1,1khg9y7,https://reddit.com/r/mechmarket/comments/1khg9y7
1746672567.0,2025-05-08 02:49:27,[US-GA] [H] PayPal [W] GMK Cosmos base,"Saw it on group buy and thought wow this is nice, sat on it and missed the group buy.  Saw it in stock and remembered I wanted it, sat on it and it went out of stock.  Now am terribly fomo so please help me……….",ellean4,1,1,1khft2u,https://reddit.com/r/mechmarket/comments/1khft2u
1746670250.0,2025-05-08 02:10:50,"[US-CA] [H] Keyboards , Keycaps, Artisan [W] PayPal","[TimeStamp](https://imgur.com/a/s2cjHbD)  PM if interested or have any questions. open to offers. Comment before PM .  keycaps will be bag and boxed  Prices include shipping to conus only.  |Item|Condition|Description|Price| |:-|:-|:-|:-| ||||| |[Kalam PC Kult No.2](https://imgur.com/a/WWOtgqy)|Like new|mill maxed pcb, alu plate, includes the alu or stainless steel internal piece, come with the pc internal piece, does not include keycaps or switches|$400| |[Realforce R2 TKL ](https://imgur.com/a",Ok_Philosopher4444,0,4,1khf2bl,https://reddit.com/r/mechmarket/comments/1khf2bl
1746670250,2025-05-08 02:10:50,"[US-CA] [H] Keyboards , Keycaps, Artisan [W] PayPal","[TimeStamp](https://imgur.com/a/7f7rmMj)  PM if interested or have any questions. open to offers. Comment before PM .  keycaps will be bag and boxed  Prices include shipping to conus only.  |Item|Condition|Description|Price| |:-|:-|:-|:-| || |[Kalam PC Kult No.2](https://imgur.com/a/WWOtgqy)|Like new|mill maxed pcb, alu plate, includes the alu or stainless steel internal piece, come with the pc internal piece, does not include keycaps or switches|$400| |[Realforce R2 TKL ](https://imgur.com/a/1J",Ok_Philosopher4444,0,4,1khf2bl,https://reddit.com/r/mechmarket/comments/1khf2bl
1746668922.0,2025-05-08 01:48:42,"[US-CA] [H] PayPal [W] Aluminum tented Alice (Feker Alice75, Neo Ergo)","Looking to buy an aluminum case, tented alice keyboard like a Feker Alice75 or Neo Ergo.    - Black, white, cream, greys - wrist rest - Hot swappable  - It doesn’t need to have switches or keycaps - I have plenty - but would be fine if it did  - no preference for wired or wireless.     I would just order a Feker Alice75 but afraid of getting invoiced for duties lol",chill31613,1,2,1khemur,https://reddit.com/r/mechmarket/comments/1khemur
1746667794.0,2025-05-08 01:29:54,[US-NJ] [H] Paypal [W] Cheap / unwanted keycap sets,"he;lo, want some cheap keycaps to put on a black board for display purposes thanks",_HGMetallic_,1,1,1khe9r1,https://reddit.com/r/mechmarket/comments/1khe9r1
1746666481.0,2025-05-08 01:08:01,[US-CA] [H] Mr Suit WKL r1 Silver [W] Paypal,"[Timestamp](https://imgur.com/a/mlpjT9q)  Hello\~  R1 Mr Suit Silver WKL looking for $500shipped  small scratch on internal weight but cant see it when its built lmao  * 1 blue ALU plate, * 1 PC plate * 1 FR4 plate * 2 hotswap PCB * 2 Plate foam * 2 PE foam * 1 case foam * 1 gold Mr suit artisan * all other original accessories  Pm me!   Thanks,  ",davidsfart,1,1,1khdu6w,https://reddit.com/r/mechmarket/comments/1khdu6w
1746665158.0,2025-05-08 00:45:58,"[US-WA] [H] PayPal [W] GMK sets Masterpiece, Regal, Handarbeige, Blot","Hi All,   Looking to add these sets to my collection: GMK Masterpiece Base + West alphas GMK Regal Base + Novelties GMK Alter Redux Novelties or bundle that includes the novelties GMK Handarbeige Base + interested in extensions and relegendables bundle GMK Blot base + Novelties  Please leave a comment and send a PM with offers!",Wulf_Zero,1,1,1khdenn,https://reddit.com/r/mechmarket/comments/1khdenn
1746661706.0,2025-05-07 23:48:26,[EU-DE] [H] PayPal [W] Cherry G81-3000HBD,Want to buy:   **Cherry G81-3000HBD** (or just keycaps) [Reference](https://imgur.com/a/oedxoIy)  Please comment before PM   Discord: shaggyow,ChickenAssassin9,1,2,1khc8jq,https://reddit.com/r/mechmarket/comments/1khc8jq
1746661349.0,2025-05-07 23:42:29,"[EU-PT] [H] KBD67 V3, Luminkey65, Tofu60 Redux x3, GMK Striker, GMK Dracula V2, Bunch of extras [W] Paypal","[Timestamp and pictures ](https://imgur.com/a/qHROZlf)  Hey I have a bunch of keeb stuff I want to get rid of as a bundle - 750€ OBO shipping included within the EU   Whats included:  * 3x Tofu60 Redux plus brass weights - Unused/light use - Grey, Blue, Black  * KBD67 V3 Black case built with NK creams and PTB fans spark (with mod kit) -  * 2 KBD67 lite acrylic cases - black(heavy use) and transparent black(unused) * Luminkey65 Creme colour - full kit - unused - plus extra pcb * GMK Dracula V2 -",Mozikaito,1,2,1khc463,https://reddit.com/r/mechmarket/comments/1khc463
1746660479.0,2025-05-07 23:27:59,[US-NJ] [H] Paypal [W] Ultimate Hacking Keyboard (UHK) v1/v2,[removed],Leading_Owl4119,1,0,1khbt8t,https://reddit.com/r/mechmarket/comments/1khbt8t
1746659977.0,2025-05-07 23:19:37,"[US-CA] [H] Optimum Aluminum Keyboard Case, Optimum PBT Keycaps, CannonKeys Keyboard Carrying Case [W] Local Cash","Hello, I am selling an Optimum Aluminum 60% keyboard case that I used for less than a week. The Optimum PBT keycaps are brand new and sealed.   The keyboard carrying case has never been used. The keyboard carrying case is from CannonKeys and fits 60/65/75 keyboards.  &amp;nbsp;  Prices:  * Optimum Aluminum keyboard case: **$100** * Optimum PBT Keycaps: **$15** * Cannonkeys Keyboard Carrying Case: **$25**  &amp;nbsp;  [Keyboard/Keycaps Timestamp](https://imgur.com/a/optimum-case-keycaps-QBXgGCh) ",Deconvolution,1,1,1khbmvq,https://reddit.com/r/mechmarket/comments/1khbmvq
1746659878.0,2025-05-07 23:17:58,"[USA-CA][H] Optimum Aluminum Keyboard Case, Optimum PBT Keycaps, CannonKeys Keyboard Carrying Case [W] Local Cash","Hello, I am selling an Optimum Aluminum 60% keyboard case that I used for less than a week. The Optimum PBT keycaps are brand new and sealed.   The keyboard carrying case has never been used. The keyboard carrying case is from CannonKeys and fits 60/65/75 keyboards.  &amp;nbsp;  Prices:  * Optimum Aluminum keyboard case: **$100** * Optimum PBT Keycaps: **$15** * Cannonkeys Keyboard Carrying Case: **$25**  &amp;nbsp;  [Keyboard/Keycaps Timestamp](https://imgur.com/a/optimum-case-keycaps-QBXgGCh) ",Deconvolution,1,2,1khblop,https://reddit.com/r/mechmarket/comments/1khblop
1746659761.0,2025-05-07 23:16:01,"[US-NV] [H] GMK WoB/ BoW Icon Extension Kit, RAMA x GMK Dots Artisan Keycap, GMK 80082 BL00, GMK Cojiro, Artisans [W] PayPal",[Timestamp](https://imgur.com/a/Xj7U9aB)[](https://imgur.com/a/Xj7U9aB)  All **GMK** Kits are new and sealed.  **RAMA x GMK** Dots Silver and Color PVD - $60 ea. *Shipped*  **GMK** Cojiro - $120 *Shipped*  **GMK** 80082 Bl00 - $97 *Shipped*  # ARTISANS:  *All* ***Systematik*** *caps are $38 shipped each.*  ***RAMA*** *x 8008 (R1) Silicone (Pink) - $25 shipped*   ***Navacaps*** *Taka Sky Dolch - $40 shipped*   ***Keystone*** *Clactuar (Spooky) - $50 shipped*    ***Monstera*** *Odogaron - $50*  **,ABigRooster,1,1,1khbk80,https://reddit.com/r/mechmarket/comments/1khbk80
1746658867.0,2025-05-07 23:01:07,[CA-AB] [H] Tomo75 and GMK Hazakura [W] PayPal,[Timestamp](https://imgur.com/a/timestamp-tomo75-gmk-hazakura-TV33fwl)  || || |**Item**|**Price**| |Tomo75 + Kaban Unbuilt|$350 USD + Shipping | |GMK Hazakura (in bags)|$180 USD + Shipping|     Both lightly used as I don't love 75%'s and didn't love the feel of GMK sets in general.      Tomo75 comes with the Kaban and all the foams plus an extra gasket. Will come unbuilt.      GMK Hazakura will come in bags.    Willing to bundle both for $450 + Shipping.,Icecatbb,1,1,1khb90v,https://reddit.com/r/mechmarket/comments/1khb90v
1746656527,2025-05-07 22:22:07,[US-MI] [H] KBD Tofu60 Redux [W] PayPal or Caps Trade,"Looking to sell the case and internals (plate, PCB) etc. for $80 Nearly brand new, used for less than a week.  Also open to trading for a new set of key caps.  **TIMESTAMP**: [https://imgur.com/a/E9XSZWZ](https://imgur.com/a/E9XSZWZ)      E-coating Red / PC plate / 60% RGB ANSI Hotswap PCB  No switches, stabilizers or caps included.  Please PM after a comment :)",Lookpolaris,0,2,1khadww,https://reddit.com/r/mechmarket/comments/1khadww
1746656404.0,2025-05-07 22:20:04,[US-CA] [H] PayPal [W] Osume Kanagawa Hiragana Keycaps + Novelties,LF BNIB  Also have BNIB Osume Zen + Novelties to trade,chickynugget,1,2,1khacam,https://reddit.com/r/mechmarket/comments/1khacam
1746653859.0,2025-05-07 21:37:39,"[US-WI] [H] HHKB pro 2 type s with Wasabi Keycaps, HHKB pro hybrid snow printed [W] Paypal",timestamp: https://i.imgur.com/9VTWES3_d.webp?maxwidth=1520&amp;fidelity=grand  HHKB Pro 2 type s + wasabi: 300  HHKB Pro hybrid snow printed: 300   Message if any questions or pic requests :) ,cit0110,1,1,1kh9d7k,https://reddit.com/r/mechmarket/comments/1kh9d7k
1746652229.0,2025-05-07 21:10:29,[US-TX] [H] Keychron Q1 (Knob) [W] PayPal,"[Timestamp](https://imgur.com/a/iZNBfsC)    |Keyboard|Price|Details| |:-|:-|:-| |Keychron Q1 (Knob version)|115 USD + shipping|Original box (but no switch puller. Everything else included), Wired Hotswap RGB backlit PCB (Knob version), Black Aluminum Case, Stock keycaps, Gateron Yellow switches, Tape modded| ||||  ",SamienR,1,2,1kh8prt,https://reddit.com/r/mechmarket/comments/1kh8prt
1746651727.0,2025-05-07 21:02:07,"[US-CT] [H] GMK Botanical R2, GMK Dracula, GMK Striker 2, GMK Arch, GMK Pink on Navy, Novelkeys Taro, Coarse60, Venus65, Ark68 [W] Paypal","[Timestamp](https://imgur.com/a/UXjr3AM) Looking to get rid of old stuff. Everything is brand new and never used, except for Dracula which was mounted once for pictures. CONUS only, priority given to bundles  **GMK Botanical R2 - 110$ shipped**  **GMK Dracula - 120$ Shipped**  **GMK Striker R2 - 120$ Shipped**  **GMK Arch - 110$ Shipped**  **~~GMK Pink on Navy - 125$ Shipped SOLD~~**  **Novelkeys Taro PBT - 50$ Shipped**  **Coarse60 White / POM plate - 145$ Shipped**  **Metalarc Venus65 E-Grey -",GRAYfilski,1,1,1kh8ig0,https://reddit.com/r/mechmarket/comments/1kh8ig0
1746651696.0,2025-05-07 21:01:36,[EU-DE]  [H] PayPal [W] Cherry G81-3000HBD,Want to buy:   **Cherry G81-3000HBD** (or just keycaps) [Reference](https://imgur.com/a/oedxoIy)  Please comment before PM   Discord: shaggyow,ChickenAssassin9,1,1,1kh8hza,https://reddit.com/r/mechmarket/comments/1kh8hza
1746650975.0,2025-05-07 20:49:35,"[US-VA] [H] NRD Kaze, Machina Cloudnine, Orbit R1, January 60, KBDfans Agar [W] PayPal",[removed],Short_Pour2018,1,3,1kh87b0,https://reddit.com/r/mechmarket/comments/1kh87b0
1746650893,2025-05-07 20:48:13,"[US-NM] [H]Paypal [W] MTNU Modo light, Neo60 core silver","Hi everyone,    I am looking for MTNU Modo light, Neo60 core silver",Aggravating_Slip210,1,4,1kh862p,https://reddit.com/r/mechmarket/comments/1kh862p
1746649773,2025-05-07 20:29:33,[EU-DE] PayPal [H] [W] Cherry G81-3000HBD,Want to buy:   **Cherry G81-3000HBD** (or just keycaps) [Reference](https://imgur.com/a/oedxoIy)  Please comment before PM   Discord: shaggyow,ChickenAssassin9,1,1,1kh7pk1,https://reddit.com/r/mechmarket/comments/1kh7pk1
1746649717.0,2025-05-07 20:28:37,"[US-VA] [H] NRD Kaze, Machina Cloudnine, Orbit R1, January 60, KBDfans Agar [W] PayPal","[Timestamp](https://imgur.com/a/timestamp-5-7-post-r9nMBau)  PayPal G&amp;S add 5%, want buyer with CONUS or proxy US address  **NRD Kaze Smoke PC - $750** [**(photos)**](https://imgur.com/a/0I45UAS)  * (2) Soldered PCBs included (Cream Sodas/MX Black mods &amp; MX Black on Alu  * (2) Additional badges (Gold installed, Silver &amp; Classic Blue extra)  * PP Plate from Hypekeyboards  * Carrying Case, top mount screws and X-ring  **Machina Cloudnine (WKL/Titanium/Brass) - $500** [**(photos)**](htt",Short_Pour2018,1,1,1kh7orb,https://reddit.com/r/mechmarket/comments/1kh7orb
1746649475.0,2025-05-07 20:24:35,[US-CA] [H] Brand New Keycult No. 1/65 Green/Black [W] PayPal,"[Timestamp and Pictures](https://imgur.com/a/FdLsj36)  **Keycult No. 1/65 $500 OBO not including shipping CONUS only**  * Green &amp; Black: The box is opened, but the board is unused, brand new, and opened only for inspection and taking pictures. * Brand new unbuilt * Aluminum plate * 1 Hotswap PCB  Please PM and comment PM when you have done so. Feel free to ask me any questions about the board.",nlight24,1,2,1kh7l88,https://reddit.com/r/mechmarket/comments/1kh7l88
1746649419.0,2025-05-07 20:23:39,[US-MI] [H] 2018 Year of the Dog Ducky Shine [W] Paypal,"I have a good condition 2018 Year of the Dog Ducky Shine. I got this at a garage sale a few years ago and just got around to giving it a good cleaning to sell.   It has a couple ( 1-2mm ) knicks on the switch plate but not or barely visible with the top cover and keycaps on.   There was a limited number of these, this one is: #1016/2018  Looking for $600 + shipping or $600 local pick up. ",leobeosab,1,3,1kh7kdl,https://reddit.com/r/mechmarket/comments/1kh7kdl
1746648749,2025-05-07 20:12:29,"[US-WI][H] PayPal [W] Capy60, Neo65, GMK Regal","Hello there,  I am looking to purchase the following -  **Capy60**: WK heavily preferred, blizzard or linen colorway. HS PCB is a must. alu plate  **Neo65**: Cream/ retro-white, might consider white. Tri-mode PCB perferred. Alu plate, copper weight  **GMK Regal:** BNIB Base   BNIB or LNIB would be ideal. Please include shipping in price. Comment before DM. Thank you all for your time!",katxbur,0,2,1kh7aff,https://reddit.com/r/mechmarket/comments/1kh7aff
1746645575.0,2025-05-07 19:19:35,[USA-CA] [H] Higround Basecamp 65 Keyboard [W] PayPal or Local Cash,"[Timestamp](https://imgur.com/a/3LOvQVQ)  Looking to sell the following local to **La Jolla San Diego 92092**. Prioritizing local transactions, but **will ship CONUS.**  BNIB Higround Basecamp 65 Keyboard (BLACKICE) w/ magnetic switches **$70 SHIPPED CONUS**  **Please PM if interested or for any inquiries. Cheers!**",MichellusObamus,1,2,1kh5zlw,https://reddit.com/r/mechmarket/comments/1kh5zlw
1746645174.0,2025-05-07 19:12:54,"[US-IL] [H] Cornflower Neo75 cu [W] Paypal, Local Cash","[Timestamp](https://imgur.com/a/pYd4Xnv)     Please comment before pm'ing, no chats! Feel free to ask for extra timestamps and details! Open to offers and negotiations! Thanks!       |Keyboard|Price|Details| |:-|:-|:-| |Neo75 cu|190$ + shipping|Original Carrying Case, Wired Hotswap PCB, Cornflower/Brass/Gold Vortex Case, PP Plate, Ultramarine switches, Neo stabs.|  ",violet_noodlegarden,1,1,1kh5tia,https://reddit.com/r/mechmarket/comments/1kh5tia
1746644583,2025-05-07 19:03:03,[US-CO] [H] $300-400 PayPal [W] Unikorn SS Weight,"Looking for an SS Unikorn weight, no swaps for my weight, just buying.  Flawless is heavily preferred. Budget is flexible.  Thank you!",KaiHG,7,2,1kh5kpo,https://reddit.com/r/mechmarket/comments/1kh5kpo
1746641470,2025-05-07 18:11:10,"[UK] [H] Vintage MX Black Switches, GMK Hammerhead Dark, GMK Symbiote + Membrane, GMK Dandy R1 Accent Kit, GMK Dualshot Accent, GMK Noel Extension 40s, GMK Modo Light Numbers [W] PayPal","[Timestamps](https://imgur.com/a/BKdXStx)  I can ship within the UK, and I can ship internationally.  |Item|Condition|Price| |:-|:-|:-| |GMK Hammerhead Dark Base Kit|Brand new, sealed.|115 GBP| |GMK Dandy R1 Accent Kit|Used. Shipped in bag.|25 GBP| |GMK Symbiote Base Kit + Membrane|Lightly used, shipped in tray.|130 GBP| |GMK Dualshot Accent Kit|Lightly used, shipped in bag.|30 GBP| |GMK Modern Dolch Light Numbers Kit|Opened, lightly used. Shipped in bag.|35 GBP| |Brand new, sealed.|65 GBP| |Vin",renovate12,0,2,1kh4a4m,https://reddit.com/r/mechmarket/comments/1kh4a4m
1746641122.0,2025-05-07 18:05:22,"[UK] [H] Vintage Switches, GMK Hammerhead Dark, GMK Symbiote + Membrane, GMK Dandy R1 Accent Kit, GMK Dualshot Accent, GMK Noel Extension 40s, GMK Modo Light Numbers [W] PayPal","[Timestamps](https://imgur.com/a/BKdXStx)  I can ship within the UK, and I can ship internationally.  |Item|Condition|Price| |:-|:-|:-| |GMK Hammerhead Dark Base Kit|Brand new, sealed.|115 GBP| |GMK Dandy R1 Accent Kit|Used. Shipped in bag.|25 GBP| |GMK Symbiote Base Kit + Membrane|Lightly used, shipped in tray.|130 GBP| |GMK Dualshot Accent Kit|Lightly used, shipped in bag.|30 GBP| |GMK Modern Dolch Light Numbers Kit|Opened, lightly used. Shipped in bag.|35 GBP| |GMK Noel Extension 40s Kit|Bran",renovate12,1,1,1kh44od,https://reddit.com/r/mechmarket/comments/1kh44od
1746640667.0,2025-05-07 17:57:47,[US-NJ] [H] Modded wooting80he with bone80 case[W] Paypal,"[Timestamp](https://imgur.com/a/638JrSa)  Wooting80he -   Bone80 case in flagship anodized blue  gateron jade pro switches  foam kit (includes pe foam) extras will be included.  stabs relubed, no rattle.  can include a spare set of gmk iceberg clones. keycaps in timestamps not included.  asking **$400 shipped**      ",ColeGoldBlade,1,2,1kh3xo0,https://reddit.com/r/mechmarket/comments/1kh3xo0
1746640207,2025-05-07 17:50:07,"[US-TX] [H] Zoom 75 TIGA Gunmetal Gray, Zoom 75 TIGA Scarlet Red, Evo 80 Black, GMK Pink on Navy, GMK Parcel [W] Paypal, Venmo, Trade","Timestamp/Album: [https://imgur.com/a/FrGMHK5](https://imgur.com/a/FrGMHK5)  Hi all, selling a few items:  **Zoom 75 TIGA Scarlet Red:** Comes with a flex cut tri mode PCB, built once and used for a couple of hours. PC Plate, Poron Foams. (Will come with incomplete stabilizers - 1 missing) Perfect condition. $200 + shipping  **Zoom 75 TIGA Gunmetal Gray:** Built once, used for 1-2 hours. Non-flex trimode PCB, PC Plate, Poron Foams (These are stuck to the tape mod I added, might need to apply hea",reevoalex,1,3,1kh3qth,https://reddit.com/r/mechmarket/comments/1kh3qth
1746640168.0,2025-05-07 17:49:28,[US-VA] [H] Wireless LP Corne [W] PayPal,"Timestamp: https://imgur.com/a/dKAnpxK  Wireless corne with low-profile red switches, ProMicro NRF52840 controllers, only right side has NiceView screen. White and grey keys are LDSA, black are some kind of generic. Includes extra generic and LDSA keycaps. Also includes NiceNano v2 controller (and case), the board is currently configured to use it as a dongle.   $125 + shipping",stringcheese625,1,2,1kh3q8f,https://reddit.com/r/mechmarket/comments/1kh3q8f
1746638031,2025-05-07 17:13:51,[EU-RO] [H] RAMA WORKS® × Keycult Brass Keycaps [W] PayPal - 35 EUR/piece,"Hello r/mechmarket,  [Timestamp](https://imgur.com/a/2bamgFK)  The keycaps are sealed. I have 9 (nine) left to sell. The price is ~~50~~ ~~40~~ 35 EUR + shipping each.  If you buy two (or more), I can lower the price to 30 EUR/piece.  Comment before [PM](https://www.reddit.com/message/compose/?to=rulz3ro) pls.  Thank you for looking!",rulz3ro,0,5,1kh2tuf,https://reddit.com/r/mechmarket/comments/1kh2tuf
1746636098,2025-05-07 16:41:38,"[US-OK] [H] Kindlestar Orion 87, KBDFans Bella 75, KBDFans D45 v1, Cannonkeys Brutal60 WKL, YMDK Wings [W] PayPal","Hello all! Needing these gone to make room as they aren't being used. Prices include PayPal fees and shipping within the US. Feel free to shoot me a PM if interested or have questions. Thanks!  [Timestamp](https://imgur.com/a/GVTf69v)  |Keyboard|Timestamp and photos|Description|Price| |:-|:-|:-|:-| || |Kindlestar Orion 87|[Timestamp and photos](https://imgur.com/a/RzITQ1t)|No marks or issues. Hotswap PCB, polycarbonate plate, plate and case foam, wired / bluetooth, stabilizers included, and orig",unholy_defeat,2,2,1kh20qy,https://reddit.com/r/mechmarket/comments/1kh20qy
1746633900.0,2025-05-07 16:05:00,[UK][H] Mode 65 V1 Bundle [W] PayPal,"[\[timestamp\]](https://imgur.com/a/ZU6389a)  [\[Mode65 Bundle\]](https://imgur.com/a/UTCoW2O) \- Great Condition  * Subtle mark on rear weight * Brass Back and Bottom * Aluminium Grey Top * Lubed Durock V2 Stabs * FR4 Half Plate * Lubed Alpacas switches Installed * Solder PCB * No Box * £160  (Would be up for International Shipping If You Cover Shipping Expenses)  (Will Accept Offers)  (Please Ask For More Pictures If Interested)  If you are interested, please comment on this post and [\[Click ",BrandyCream,1,1,1kh1436,https://reddit.com/r/mechmarket/comments/1kh1436
1746630482.0,2025-05-07 15:08:02,"[CA-ON][H] Tomo Suave Blue, White Oak Wrist Rest 65/75, CRP Desko Black Keycaps [W] PayPal","[Timestamp](https://imgur.com/a/JRGEb5a)  Shipping included for US &amp; Canada, international extra.  **Monokei TGR Tomo Suave Blue - $350** **USD** excluding keycaps/**$450** including keycaps  * Solder PCB, built with Gazzew Bobagum Silent Linear switches (Lubed) * Owlstab stabilizers (Lubed) * 2x Brass badges * 2x Standard badges * Polycarbonate plate * All foams and o-ring included * Black Meletrix Kanban * Black braided coiled USB A to C cable * Mint condition, no dents, scratches, scuffs ",nomorejokin,1,1,1kgzous,https://reddit.com/r/mechmarket/comments/1kgzous
1746630454.0,2025-05-07 15:07:34,[US-IL] [H] Keychron Q1 HE Wireless [W] Paypal G&amp;S,"[Timestamps](https://imgur.com/a/HRyZdwA)     **Keychron Q1 HE - $160 Shipped** \- Purchased about 3 months ago. Used for about a month and a half, then used for footage for a YouTube video.   Comes in original box with everything it shipped with, including the replacement (Windows) keycaps.",itspsyikk,1,1,1kgzofu,https://reddit.com/r/mechmarket/comments/1kgzofu
1746630365.0,2025-05-07 15:06:05,"[US-NJ] [H] Hope 75X, Sat75, Sat75X, Think6.5 v2, OTC Modo Light, JWK Quartz v2, WS Morandi [W] PayPal",Timestamps: [https://imgur.com/a/PLoW2CK](https://imgur.com/a/PLoW2CK)  Hey everyone! Doing some spring cleaning - everything listed below is for sale and I will take offers as long as they are not disrespectful. Please comment before pming. I will entertain local offers in and around the NYC area. Keycaps do not come in original packaging. Keycaps and Switches will come shipped in plastic containers as seen in timestamps.  |Item|Notes|Price| |:-|:-|:-| |Hope 75X Premium|E-White. FR4 Plate. PC P,TheMuffStufff,1,1,1kgzn3q,https://reddit.com/r/mechmarket/comments/1kgzn3q
1746627901.0,2025-05-07 14:25:01,"[US-MI] [H] Leopold FC980C 45g Black [W] PayPal, Venmo","[Timestamp](https://imgur.com/a/QKW841X)  **Black FC980C 45g = $210**   * Clean, rust removed from plate * Housing rails lubed w/ 3204, stabs lubed w/ 205g0 * ABS spacebar - shine on right side * No OEM cable (includes a different USB mini cable)  Free shipping to USA  Please comment before PM, thanks!",madmax252,1,2,1kgynja,https://reddit.com/r/mechmarket/comments/1kgynja
1746627605.0,2025-05-07 14:20:05,"[US-MI] [H] Unopened GMK Nautilus 2 set + Golden RAMA + Novelties + Deskmat, Unopened EPBT Ivory + Two Deskmats, Unopened GMK November Fog [W] Paypal","GMK Nautilus 2 timestamp: https://imgur.com/a/1eLPjba    EPBT Ivory timestamp: https://imgur.com/a/No9Tovz    GMK November Fog timestamp: https://imgur.com/a/gnh6zC9  All sealed and unopened.    I am interested in selling, not a trade. Firstborn due in less than two months and unfortunately I can't buy diapers with keycaps (yet).  Price includes shipping to the continental US. Shipping costs may be adjusted for combined purchases. If you are outside of CONUS, we can discuss added shipping costs.",lemtrees,1,2,1kgyjgl,https://reddit.com/r/mechmarket/comments/1kgyjgl
1746627351.0,2025-05-07 14:15:51,[US-MS] [H] Paypal [W] Neo70,Send me offers,sprlte,1,1,1kgyfxx,https://reddit.com/r/mechmarket/comments/1kgyfxx
1746624307.0,2025-05-07 13:25:07,"[US-ID] [H] Keyboard, Keycaps, Switches [W] Paypal",WTS. CONUS SHIPPING  Please Feel Free to PM or Message.  Timestamp/ Photos: [https://imgur.com/a/9pu2KOd](https://imgur.com/a/9pu2KOd)  Mode Sonnet $285   \-Perfect Condition   \-Polycarb Bottom   \-Multicolor Weight   \-Green Top   \-Copper Accent   \-Copper Plate   Extra/ Included:   \-Zaku V2 Tactile Switches. Hand Lubed.   \-Durock v2 Stabalizers. Hand Lubed.   \-Carrying case.   (Keycaps not Included)  WS Basic Reds $75   \-Keycaps. Like New. No Shine.  BSUN Usagi/537 x89 $25   \-Linear Swi,No-Bus-8610,1,1,1kgxaes,https://reddit.com/r/mechmarket/comments/1kgxaes
1746623504.0,2025-05-07 13:11:44,"[EU-FR] [H] Dolinger RE, PhysiX, Singa 75 R2, TX-1800 V2, Keycaps (GMK, SA, RAMA) [W] PayPal, LZ IRON WKL, TX-1800 V1, OG Dolphin, OG EM7","[Timestamp](https://imgur.com/a/uyZHEhX)  [LINK TO PM](https://www.reddit.com/message/compose/?to=totalrewrite)  Shipping worldwide with tracking  Estimates for keyboards:  * EU, UK, Switzerland: 15-30USD * Anywhere else: ~45+USD  Estimates for keysets:  * EU, UK, Switzerland: 5-20USD * Anywhere else: ~25+USD  Please comment here when messaging (NO Reddit chat; regular PMs only). Click [here](https://www.reddit.com/message/compose/?to=totalrewrite) to write me a PM.  **Lin Dolinger RE**  [Album]",totalrewrite,0,6,1kgwzwx,https://reddit.com/r/mechmarket/comments/1kgwzwx
1746623504,2025-05-07 13:11:44,"[EU-FR] [H] Dolinger RE, PhysiX, Singa 75 R2, TX-1800 V2, Keycaps (GMK, SA, RAMA) [W] PayPal, LZ IRON WKL, TX-1800 V1, OG Dolphin, OG EM7","[Timestamp](https://imgur.com/a/uyZHEhX)  [LINK TO PM](https://www.reddit.com/message/compose/?to=totalrewrite)  Shipping worldwide with tracking  Estimates for keyboards:  * EU, UK, Switzerland: 15-30USD * Anywhere else: ~45+USD  Estimates for keysets:  * EU, UK, Switzerland: 5-20USD * Anywhere else: ~25+USD  Please comment here when messaging (NO Reddit chat; regular PMs only). Click [here](https://www.reddit.com/message/compose/?to=totalrewrite) to write me a PM.  **Lin Dolinger RE**  [Album]",totalrewrite,0,6,1kgwzwx,https://reddit.com/r/mechmarket/comments/1kgwzwx
1746622840.0,2025-05-07 13:00:40,[Artisan] Crookey artisan Leviathan with cubics R2 raffle live,Hello.  Welcome to Crookey raffle.  Keycap of this raffle is **Leviathan(cubics).**  **⌛Form open \~ closes :**  2025/05/07/pm 10:00 (GMT+9 / KST) \~ 05/08/pm 10:00 (GMT+9 / KST) 24 hours  **&lt;Link&gt;**  [Gallery](https://imgur.com/gallery/crookey-artisan-raffle-leviathan-cubics-r2-live-BFq3d6a) / [Form link](https://forms.gle/FjqH8Vt3foWjFb9Z9)  [Instagram (artisan account)](https://www.instagram.com/crookey_artisan/) / [Instagram (silver account)](https://www.instagram.com/crookid_silver/) ,Crookey_artisan,1,0,1kgwrhe,https://reddit.com/r/mechmarket/comments/1kgwrhe
1746621827.0,2025-05-07 12:43:47,"[CA-ON] [H] SCS Aozora (PC Plate, SA Mizu, Ink Blacks, Extra Aluminum Plate) [W] PayPal","Timestamp: [https://imgur.com/a/tYLsJ8w](https://imgur.com/a/tYLsJ8w)  Hello MechMarket,  Selling my Salmon Cat Studio Aozora (white)   \- PC plate (installed)   \- SA Mizu keycaps (installed)   \- Gateron Ink Black switches (installed)   \- Extra aluminum plate included  Asking: $250 CAD + shipping OBO  Local pickup available in the GTA (Greater Toronto Area)  Payment via PayPal/eTransfer if in Canada.    Please comment before PM. Thanks for looking!",WillingPhone,1,2,1kgwf0a,https://reddit.com/r/mechmarket/comments/1kgwf0a
1746618747.0,2025-05-07 11:52:27,[US-PR] [H] Paypal [W] Neo Ergo Anodized Silver,Looking to buy a Neo Ergo in Anodized Silver with hotswap PCB prefferably thanks,laveyzfg,1,2,1kgver3,https://reddit.com/r/mechmarket/comments/1kgver3
1746616837.0,2025-05-07 11:20:37,"[UK] [H] PayPal [W] TGR Tomo, KKB Violet Alert","Looking for TGR Tomo in Grey, Green or Silver and KKB Violet Alert. Preferably new  Will pay for international shipping if needed ",whisperkm,1,1,1kguuq6,https://reddit.com/r/mechmarket/comments/1kguuq6
1746616578.0,2025-05-07 11:16:18,"[US-FL] [H] PayPal $1.400 ~ $1.900 [W] Unikorn R1, R2 or R2.1","Looking to buy a Unikorn—preferably R1, but open to R2 or R2.1 as well. Mainly interested in R1/R2 colorways.  Condition and extras will influence budget. Willing to be flexible for the right board. Round/version is flexible, but not looking for heavy patina or major flaws.  Comment before PM. Thanks! ",LoeweWee,1,2,1kgus08,https://reddit.com/r/mechmarket/comments/1kgus08
1746615538.0,2025-05-07 10:58:58,"[US-OH] [H]PayPal [W] GMK Mictlan Papel Picado Base, Novelties + Others if Available","I'm looking for the Papel Picado Base kit of the GMK Mictlan keycaps, and I would like the novelties if available, but it's not a dealbreaker if it's not. Also, I don't necessarily need them, but I am willing to bundle with any of the other kits, including the Noche base, if needed to part with the Papel base. Feel free to reach out with any offers, and I'm good with Chat or PM, whichever you prefer. ",e3super,1,2,1kgugwz,https://reddit.com/r/mechmarket/comments/1kgugwz
1746612166.0,2025-05-07 10:02:46,"[US-OH] [H] Keycult 1/65 Rose Gold [W] PayPal, Black Keycult Rama", Timestamp: https://imgur.com/a/kcVHwg2   Selling my SEALED Keycult 1/65 Rose Gold Hotswap from the Jan 2023 drop. Asking $650 shipped CONUS.   Also.. still looking for the black keycult x RAMA keycap. Send me an offer ! ,trevonly,1,1,1kgtlhh,https://reddit.com/r/mechmarket/comments/1kgtlhh
1746603638.0,2025-05-07 07:40:38,"[US-AZ] [H] F1-8X, F2-84, Glacier80, Switches and GMK keycaps [W] Paypal","https://imgur.com/a/vFFw0Br  F1-8X 722 Black TKL WK with aluminum 1mm leafspring v4 plate and Apollo87H hotswap PCB FR-4 GRAY/1.6mm. PCB comes with lubed stabs. Includes Geonworks case. Asking 700 shipped.   F2-84 TKL Bluish Gray / Stainless Steel with Sandblasted / A stock, New never built, comes with Hiney H87nu-H FR-4 PCB (hotswap) and plate. PCB comes with lubed stabs. Comes with Geonworks case and goodies inside. Asking 500 shipped.  Glacier80 Ano Sky Blue TKL WKL, was daily driver for a ye",Crysis7793,4,13,1kgrngp,https://reddit.com/r/mechmarket/comments/1kgrngp
1746603047.0,2025-05-07 07:30:47,[EU-DE] [H]Paypal [W] F1-8x v2 RAW,[removed],shidoxnn,1,0,1kgrivk,https://reddit.com/r/mechmarket/comments/1kgrivk
1746597744.0,2025-05-07 06:02:24,"[US-CA] [H] Tenet 70, Graystudio bd60, ai03 Vega Rose Gold, GMK Sandstorm, GMK Serika 2 [W] PayPal, Local Cash","[Timestamp](https://imgur.com/gallery/gMMmBKQ)  \*First of all, about the previous post. I wasn't expecting so many replies and messages, and because I was very busy on working, so I am pretty sure there were some messages I haven't responded to yet, of that I apologize for any inconvenience. At the same time I am also very grateful for all your messages and support, from the bottom of my heart. I truly appreciate it. You guys are awesome.  So still have a few things available. Prices are in USD",bliu15_7613,1,2,1kgq8to,https://reddit.com/r/mechmarket/comments/1kgq8to
1746597744.0,2025-05-07 06:02:24,"[US-CA] [H] Tenet 70, Graystudio bd60, ai03 Vega Rose Gold, GMK Sandstorm, GMK Serika 2 [W] PayPal, Local Cash","[Timestamp](https://imgur.com/gallery/gMMmBKQ)  \*First of all, about the previous post. I wasn't expecting so many replies and messages, and because I was very busy on working, so I am pretty sure there were some messages I haven't responded to yet, of that I apologize for any inconvenience. At the same time I am also very grateful for all your messages and support, from the bottom of my heart. I truly appreciate it. You guys are awesome.  So still have a few things available. Prices are in USD",bliu15_7613,1,2,1kgq8to,https://reddit.com/r/mechmarket/comments/1kgq8to
1746588348.0,2025-05-07 03:25:48,[US-FL] [H] Paypal [W] GMK Finer Things or GMK Masterpiece BNIB, Must be BNIB or opened to inspect.   message PM here or after sending a message. ,miowing,1,1,1kgnnyl,https://reddit.com/r/mechmarket/comments/1kgnnyl
1746586606.0,2025-05-07 02:56:46,"[US-NJ] [H] QK60, Durock Lavender Switches [W] PayPal, Arc60 Jasper WKL top","Timestamp: [https://imgur.com/a/mechmarket-DEzE0Qw](https://imgur.com/a/mechmarket-DEzE0Qw)  Comment before PM and no chats, please.  Shipping only in CONUS. Local is 08873  Built QK60 R2 WKL - $110 shipped  * Smokey top with black bottom and mirror dusk weight * Wireless tri-mode pcb with FR4 plate * Comes with original parts and case  Switches:   Durock Lavender Switches (x63) - $20 shipped in bag     Looking for:  Arc60 Jasper WKL top to trade with my WK top",androo001,1,1,1kgn4rs,https://reddit.com/r/mechmarket/comments/1kgn4rs
1746586581.0,2025-05-07 02:56:21,[Artisan] Pokemon Pokeball Artisan Keycaps,"Hello [r/mechmarket](https://www.reddit.com/r/mechmarket/)  Previously I launched my Pokemon Starter keycaps and now I am back with Pokéball keycaps!   [imgur](https://smallnoggin.carrd.co/#scrollpoint01)  [instagram](https://www.instagram.com/smallnogginstudios/)  [Sale Form](https://forms.gle/ohhekFydJtKWRpTz8)   **Product Details**:  Material: These are hand-sculpted polymer clay keycaps that are protected with UV resin for shine and durability.   Compatibility: These are PBT keycaps, compati",Vegetable_Tie3115,1,0,1kgn4hn,https://reddit.com/r/mechmarket/comments/1kgn4hn
1746586099.0,2025-05-07 02:48:19,[US-CA] [H] Space 80 Apollo Deep Ocean [W] PayPal,"[Timestamp](https://imgur.com/a/I4uAmXZ)  Hey all, looking to sell my Space 80 Apollo in the Deep Ocean colorway. Includes 1 PCB (used Mouser hotswap PCB or BNIB solder PCB), PC plate, FR4 plate, and all the included accessories. Does not include keycaps, switches, or stabs (can add stabs for $15).  Asking price is $425 plus shipping OBO. Can include the second PCB for +$50.",kspark324,1,2,1kgmz0o,https://reddit.com/r/mechmarket/comments/1kgmz0o
1746585431.0,2025-05-07 02:37:11,[US-CA] [H] BNIB white e7v2 [W] PayPal,"includes everything in the photo, box is a little busted on some corners but contents are in perfect condition.   solder pcb and I believe a brass plate   $300 plus shipping or open to meeting in the 626 (Cali)  https://imgur.com/a/ty2RoQb  ",spheaI,1,1,1kgmr9h,https://reddit.com/r/mechmarket/comments/1kgmr9h
1746584499.0,2025-05-07 02:21:39,[US-NY][H] Keyboards [W] PayPal g&amp;s,"Hello looking to sell my keyboards and  Willing to trade for Warhammer 40K models   Keyboards: https://imgur.com/a/xUhtOr3 Rekt1800 with Silent Alpaca + Extra PCB - $180   Think 6.5 2u Schrodinger + POM &amp; FR4 plate - $240   Space65 Deep Ocean R3 with POM plate,  Silk Olivia Switches and Extras (PCB Etc) - $320   Rama Works X Zambumon Jules with Brass Plate, Creams - 74g Switches and Extra PCB - $280   Mode SixtyFive Black with Black weight and Moyu Black switches and carry case - $240   Thin",Bale_13,1,1,1kgmgo1,https://reddit.com/r/mechmarket/comments/1kgmgo1
1746583383.0,2025-05-07 02:03:03,"[US-CA][H] Swagkeys Transition Lite TKL, LeleLab Into the Wild keycaps [W] PayPal","Timestamp : https://imgur.com/a/vfN5JkH Conus only. Local pickup in San Jose, CA PayPal G&amp;S  For sale:  Swagkeys Transition Lite white TKL built w/ Keygeek Keylin linear switches &amp; LeleLab Into the Wild keycaps - $70 shipped  - comes with carrying case and original accessories  -LeleLab Into the Wild keycaps  Please leave a comment before sending a PM. Thanks!",deeznboba,1,2,1kgm40x,https://reddit.com/r/mechmarket/comments/1kgm40x
1746581418.0,2025-05-07 01:30:18,[US-CA] [H] F1-8X Barebones Kit Raw WKL [W] PayPal,Timestamp : https://imgur.com/a/DM3hvje  F1-8X Barebone keyboard Kit Raw/WKL  Asking $400 shipped ,BERAWH,1,1,1kglh2r,https://reddit.com/r/mechmarket/comments/1kglh2r
1746581406.0,2025-05-07 01:30:06,"[US-UT] [H] PayPal &amp; Cash [W] Keychron Q3, Q5, Q6 Max","As the title says, looking for a Keychron Q max series board. I don’t generally care if it’s modded or stock. Nor do I mind if it’s has to be shipped.",jshmddx,1,2,1kglgx8,https://reddit.com/r/mechmarket/comments/1kglgx8
1746581311.0,2025-05-07 01:28:31,[US-CO] [H] PayPal [W] Mars Cadet Curiosity &amp; Solar Array Kits,,Kosoumi,1,2,1kglfq4,https://reddit.com/r/mechmarket/comments/1kglfq4
1746579679.0,2025-05-07 01:01:19,[US-CA] [H] Built Navy Blue Gok 7V / RAMA M60A SEQ 2 MILK [W] Paypal,"Selling:  **Built Navy Blue Gok 7V:** with Gateron Black (lubed with 205g0/filmed), Polycarbonate plate, Zeal Transparent Gold Plated PCB Mount Screw-in Stabilizers lubed with 205g0. Condition is Like New.   (Timestamp/ Pictures: [https://imgur.com/a/bUvoSdY](https://imgur.com/a/bUvoSdY) )  Asking: $425 Without Shipping  **MILK RAMA M60A SEQ 2:** Zeal Transparent Gold Plated PCB Mount Screw-in Stabilizers lubed with 205g0. Condition is Like New. I also have Cream Switches Lubed with 205g0 that I",mrluu3,1,1,1kgkws0,https://reddit.com/r/mechmarket/comments/1kgkws0
1746578533.0,2025-05-07 00:42:13,[US-NY] [H] Paypal [W] GMK Infernal,Looking for GMK Infernal base set. Would consider set with novelties as well. Not interested in sets that have shine.,Giveandtake,1,1,1kgkj3t,https://reddit.com/r/mechmarket/comments/1kgkj3t
1746575602.0,2025-05-06 23:53:22,"[US-NH][H] HHKB Studio, 21kb Desko, Vintage double shot keycaps [W] PayPal","[timestamp](https://imgur.com/a/sHX9DGP)  # HHKB Studio  \-charcoal, like new (used one week), $220+shipping  # 21kb Orange Desko Keycap Set  \-new, $30 shipped  # Vintage double shot Keycap Set  \-from some vintage board, has 10u spacebar  \-$20 shipped",hungary126,1,1,1kgjj2a,https://reddit.com/r/mechmarket/comments/1kgjj2a
1746573415.0,2025-05-06 23:16:55,[US-MI][H] 2x Hyper7 Plate Cases + PCBs + Switches Assembled [W] Paypal/Local Cash,"[Timestamp](https://imgur.com/a/n3pcNVo)  Selling 2x unused Hyper7 plate cases + PCBs + switches that have been assembled and soldered. These just arrived back from the user I paid to put them together, after a significant delay; now unfortunately I do not have space for them, so they must go. Some important things to note:  \+ One of these is entirely box jades, the other is a mix of navies and jades.   \+ These are from the original run of the Hyper7.   \+ As you can see from the photos, the p",fadedlume,1,3,1kgirnp,https://reddit.com/r/mechmarket/comments/1kgirnp
1746573234.0,2025-05-06 23:13:54,[US-OR] [H] PayPal [W] GMK Fright Club Novelties,located in Oregon   ---  comment before PM,ELG0onNA,1,2,1kgip95,https://reddit.com/r/mechmarket/comments/1kgip95
1746571499.0,2025-05-06 22:44:59,"[US-CA][H]B-Stock ZoomTKL, Kalamcult No.2 TKL [W] Paypal/Local Cash","[Timestamp!](https://imgur.com/a/tVRZ7t0)  **Scuffed sound Tests recorded on iPhone 11**  &amp;nbsp;  Have | Description | Want :---------:|:----------:|:----------:| [B-stock black ZoomTKL](https://imgur.com/a/cAhVLlK) &amp; [internal b-stock](https://imgur.com/a/u2grDzr)|B-stock Zoom TKL, Only exterior mark I found is the one in the first album. Only comes with the parts in the picture. Missing carrying case, cable, battery, and feet (I can provide rubber domes to use as feet)|$130 + shipping ",-Phooey-,1,1,1kgi28z,https://reddit.com/r/mechmarket/comments/1kgi28z
1746571126.0,2025-05-06 22:38:46,"[US-TX] [H] Mode 65v2 PC Top, Brass bottom and accent, Tofu60 Redux w/brass weight [W]Paypal","\[TIMESTAMP\]([https://imgur.com/a/rFhJpYS](https://imgur.com/a/rFhJpYS))  \*\*Mode 65v2  PC top, brass bottom, brass accent piece and SS weight\*\*  \*\*$450 Shipped CONUS\*\* (+5% for PP invoice fee)  • Pom plate  • Hotswap pcb  • Lubed stabilizers  • Wuque Studio Pom+ Linears included   • OG accessories and carrying case included      \*\*Tofu 60 Redux w/brass weight\*\*   \*\*$100 shipped CONUS\*\*(+5% for PP invoice fee)  • Like new condition, lightly used for my Wooting 60HE for a few mont",eezyjuju,1,1,1kghx4m,https://reddit.com/r/mechmarket/comments/1kghx4m
1746570784.0,2025-05-06 22:33:04,"[EU-LV] [H] Kalam PC KohaKorn [W] Paypal, GMK Mecha-01 Berserk, other GMK keycaps, ARC60, Frog Mini, other keyboards","[Timestamp](https://imgur.com/a/mm-post-OJCpQcb)     Hi, everyone!  Looking to sell BNIB Kalam PC Kohakorn Stainless Steel. Opened just for timestamp and photos. Comes with hot swap pcb, alu plate etc.     Selling for **250€** not including shipping and tax or trading for GMK keycaps or other keyboards.",Excellent-Series8808,1,1,1kghsgt,https://reddit.com/r/mechmarket/comments/1kghsgt
1746569431.0,2025-05-06 22:10:31,[US-NY] [H] Desoldered Filco MJ2 Ninja Kit [W] PayPal,"[Timestamp](https://imgur.com/a/C7FbdUj)    Filco Majestouch 2 Ninja  * Desoldered working PCB * Plate has some rust, will need some TLC * Desoldered Cherry Blue switches * Includes costar stab wires and accessories * $55 shipped. CON-US only",g_freeman11898,1,2,1kgha00,https://reddit.com/r/mechmarket/comments/1kgha00
1746569431,2025-05-06 22:10:31,[US-NY] [H] Desoldered Filco MJ2 Ninja Kit [W] PayPal,"[Timestamp](https://imgur.com/a/C7FbdUj)  Filco Majestouch 2 Ninja  * Desoldered working PCB  * Plate has some rust, will need some TLC * Desoldered Cherry Blue switches  * Includes costar stab wires and accessories * $55 shipped. CON-US only",g_freeman11898,1,2,1kgha00,https://reddit.com/r/mechmarket/comments/1kgha00
1746565247.0,2025-05-06 21:00:47,[US-MD] [H] Paypal [W] GMK Shoko Base + Spacebars + 40s,Comment before PM :D,xJack312,1,2,1kgfm65,https://reddit.com/r/mechmarket/comments/1kgfm65
1746564292.0,2025-05-06 20:44:52,"[US-NY] [H] Unicomp New Model M [W] PayPal, Local Cash","[Timestamp](https://imgur.com/a/YZiGWmT)  Won this in a giveaway and it's been sitting in my closet, hoping to give it a new home. Local to NYC area.  Production 6/2024, USB. Like new, small crease on Unicomp label as shown in second pic.  $100 + shipping or $75 local.   PayPal goods and services only. Comment before PM.",UnlikelyBeautiful,1,1,1kgf8dh,https://reddit.com/r/mechmarket/comments/1kgf8dh
1746563842.0,2025-05-06 20:37:22,[US-FL] [H] Paypal [W] NovelKeys Galactic Empire DSA,Ideally looking for the Aurebesh but willing to buy the english. Please send a message if available. Used is okay.,Driprivan,1,1,1kgf1tm,https://reddit.com/r/mechmarket/comments/1kgf1tm
1746563099.0,2025-05-06 20:24:59,"[US-CA] [H] Hand Engineering 2000 Mini SE Moonrock [W] PayPal/Local Cash, GMK Sets, 60s or TKLs"," [TIMESTAMP](https://imgur.com/a/67jVcUq)  Looking to either sell or trade my 2000 Mini SE in Moonrock which is the WKL colorway. Comes with 2 PCBs (1 millmaxed, 1 unused), alu and CF plates. Switches, stabs, and keycaps not included. $565 shipped w/PP fee included. CONUS ONLY.  Ideally would like to trade for a 60 or TKL (open to offers), or combination of some GMK sets. Wishlist is:  GMK Skidolcha  GMK Toxic  GMK Deepwell  GMK Necro  **Open to all offers.**  **Comment before PM**",AkDoxx,1,1,1kgeqq8,https://reddit.com/r/mechmarket/comments/1kgeqq8
1746562408.0,2025-05-06 20:13:28,"[US-CT] [H] Frog Mini, Bauer Lite 1st Edition [W] Paypal"," All keyboards are to be shipped in CONUS - please comment ""pm"" prior to messaging.  * Frog Mini (Green) - [Timestamps](https://imgur.com/a/MQ6cjTQ)    * Condition: Used    * Green Aluminum build    * Comes with Aluminum and Polycarbonate plates    * Solder PCB    * Comes with Lubed Holy Pandas    * Carrying case included    * No foam    * $275 shipped  * Bauer Lite 1st Edition - [Timestamps](https://imgur.com/a/NDRh0Ag)    * Condition: Used - like new    * White, Injection-molded polycarbonate ",Blisss__,1,1,1kgeggj,https://reddit.com/r/mechmarket/comments/1kgeggj
1746560825.0,2025-05-06 19:47:05,[US-UT] [H] PayPal [W] GMK Pharaoh + Novelties,[removed],YoloSwag4Life69,1,1,1kgdspp,https://reddit.com/r/mechmarket/comments/1kgdspp
1746560553.0,2025-05-06 19:42:33,[US-PA] [H] Paypal [W] SA Geoma Dark Alphas,"Looking to see if anyone has a set of SA Geoma Dark Alphas they're looking to unload.  Truthfully, I only need the backslash key.  I have the Light Alphas set, but because of the layout I'm using it would look a lot better aesthetically if the backslash key was dark.  So I would also purchase just the single key of anyone is not using theirs and doesn't mind breaking up the set... ",Crap_OnTheCob,1,2,1kgdond,https://reddit.com/r/mechmarket/comments/1kgdond
1746560286.0,2025-05-06 19:38:06,"[US-MI] [H] PayPal [W] Neo80 Black WKL, Inkwell Deskmats, GMK WoB Essentials Extensions, GMK WoB Essentials Dark RGB",Looking for these in new/like new condition,Scytul,1,1,1kgdkte,https://reddit.com/r/mechmarket/comments/1kgdkte
1746557672.0,2025-05-06 18:54:32,"[TW][H] Safa TKL、oolong switches、Mx blacks, browns, oranges [W] PayPal","[timestamp](https://imgur.com/a/mViz89q)  **safa tkl wkl red $400 shipped** brand new 1.2mm solder pcb and 1.6mm pcb Alu plate x2, pp plate x2, pc, stainless steel plate  - Mx blacks lfss 70x /90x **$45/$58 shipped** - broken-in(1 million actuation) Mx blacks lfss 70x **$55 shipped** - Mx browns lfss 70x/90x **$45/$58 shipped** - Mx2a browns lfss 70x/90x **$47/$60 shipped** - Mx2a oranges lfss 110x **$75 shipped** - zenclack oolong switches(lubed and spring swapped)80x **$50 shipped** - honeydew",OkRecording6032,1,1,1kgciq2,https://reddit.com/r/mechmarket/comments/1kgciq2
1746557248.0,2025-05-06 18:47:28,[NO][H] $1500 [W] LZ-GH v1 red or grey WKL,For WK I can offer 1.2k in decent condition,McDickstar,1,1,1kgccdt,https://reddit.com/r/mechmarket/comments/1kgccdt
1746556914.0,2025-05-06 18:41:54,"[US-DC] [H] Cooler Master CK530 - Red Switches [W] Venmo, PayPal, Zelle",[removed],SireBug,1,1,1kgc7di,https://reddit.com/r/mechmarket/comments/1kgc7di
1746556297.0,2025-05-06 18:31:37,[US-CA] [H] Black Aluminum GAF 910 [W] Paypal,"[https://imgur.com/a/MpNr9GR](https://imgur.com/a/MpNr9GR)    Selling my black GAF 910 with aluminum and PC plates, 2 solder PCBs (1 desoldered, 1 new), 1 new hotswap PCB, o-rings and original case.    Switches and keycaps not included.    $995 via Paypal G&amp;S shipped CONUS (overseas buyers pay actual shipping cost).      ",eg68,1,2,1kgby4i,https://reddit.com/r/mechmarket/comments/1kgby4i
1746556019.0,2025-05-06 18:26:59,"[US-CA] [H] Eminent Crafts x Dwarf Factory Yu-Gi-Oh! Artisan Blue Eyes Keycap [W] Paypal, Cash","[Timestamp](https://imgur.com/a/0JQjV5q)  Local to La Jolla in San Diego CA 92092  Selling my Eminent Crafts x Dwarf Factory Yu-Gi-Oh! Artisan Blue Eyes Keycap for **$50 shipped CONUS**. Will prioritize in the event sale is local!  Only opened for inspection. Was going to use, but looking to get out of hobby.   **Please PM if interested**, cheers!  ",MichellusObamus,1,2,1kgbu4d,https://reddit.com/r/mechmarket/comments/1kgbu4d
1746555824.0,2025-05-06 18:23:44,"[US-WA] [H] Neo75 cu Green/Brass BNIB, GMK TeraDrive [W] PayPal","[timestamp](https://i.postimg.cc/SRCmqQyH/IMG-2194.jpg)  Price includes shipping within CONUS  * Neo75 cu - BNIB still in wrapping: Green with Brass, Golden Vortex weight, CF Plate, Hot-swap Wired PCB. **$230**  * GMK TeraDrive Base set - Mounted but never used, still in new condition **$140**  Please comment before PM.",ak_toxik,1,1,1kgbr7e,https://reddit.com/r/mechmarket/comments/1kgbr7e
1746555516.0,2025-05-06 18:18:36,"[EU-DE] [H] Duck Blackbird, E6v2, Evil80, TKL and 60% ALPS PCBs [W]PayPal, sepa","[Timestamps](https://imgur.com/a/r5uknF0)   Been more or less out of the hobby for a hot minute, cleaning out my closet. All prices OBO, especially if you want more than one item.  [Detail pics](https://imgur.com/a/x4yFr2E)  Item | Description | Price | Available? ---|----|----|----|---- Duck Blackbird | Black WK, SS plate. Had holtite sockets in it for the longest time but I removed them, except for the LED ones. PCB was never fully soldered, only the bit of heat to seat the holtites. Modded OG",KacKLaPPeN23,1,2,1kgbmku,https://reddit.com/r/mechmarket/comments/1kgbmku
1746551235.0,2025-05-06 17:07:15,[US-CA] [H] New Mode Tempo Kit Bundle [W] Paypal,"[Timestamp and pictures](https://imgur.com/a/ZWLm5Ba)  * All sales will be through Paypal Goods and Services with an invoice * Price is before shipping * Reply before DM * CONUS only * If you need more photos, ask me  **Brand new green Mode Tempo: $325** * Green case  * Rose accent (still in box) * Brass weight (still in box) * Hot swappable PCB - full backspace * Aluminum plate * FR4 plate * Others (lattice mounts, rubber feet, tools, daughterboard, carrying case, etc)  ",Pause_Thin,1,2,1kg9ts9,https://reddit.com/r/mechmarket/comments/1kg9ts9
1746550908.0,2025-05-06 17:01:48,"[US-MN] [H] PBTFans X-Ray (base kit); DK Creamery Blueberry Swirl linears x100 [W] PayPal, local cash",Timestamp: [https://imgur.com/a/egFm62k](https://imgur.com/a/egFm62k)  Prices include shipping to CONUS. Would be open to negotiation. Keycaps and switches were both briefly used on the same build but all work and look great. Asking $80 for the keycaps and $40 for the switches.,Enteril,1,1,1kg9oqs,https://reddit.com/r/mechmarket/comments/1kg9oqs
1746550908.0,2025-05-06 17:01:48,"[US-MN] [H] PBTFans X-Ray (base kit); DK Creamery Blueberry Swirl linears x100 [W] PayPal, local cash",[deleted],[deleted],0,4,1kg9oqs,https://reddit.com/r/mechmarket/comments/1kg9oqs
1746550617.0,2025-05-06 16:56:57,"[US-CA] [H] Mr. Suit Black with Gold Chamfers, Zoom75 EE, GMK Keycaps [W] PayPal, Cash","[**Timestamps**](https://imgur.com/a/timestamps-8PcrOV1)  Local to 92805 OC  Price includes shipping and fees  5% off the listed price if you can pick up locally  [**Owlabs Mr. Suit Black WKL with Golden Glossy Chamfer -- $500 Shipped**](https://imgur.com/a/mr-suit-St9aLhA)  * [SOUND TEST](https://youtu.be/ubtHT1AIb3Y) * Hotswap built with Gateron Oil Kings L&amp;F on POM Plate * Extras: 1x New Solder PCB + New Foams, 2 FR4 Plate, 2 PC Plate * Original Accessories with New Black Artisan PVD * Bo",fitemebtch,1,6,1kg9k7l,https://reddit.com/r/mechmarket/comments/1kg9k7l
1746550487.0,2025-05-06 16:54:47,[US-CA] [H] PayPal [W] GMK Noire base + Novelties,"Looking to buy GMK Noire Base + Novelties, used or new. Thanks in advance!",_HeyitsPete_,1,1,1kg9i9a,https://reddit.com/r/mechmarket/comments/1kg9i9a
1746550439.0,2025-05-06 16:53:59,[EU-BE] [H] MMStudio Class65 Space Grey - EU only [W] Paypal,"[Timestamp](https://imgur.com/a/dRFktBv)      Hey,  I'm selling my fully mounted MM Studio Class 65 ""as is"".    Fully mounted and soldered with lubed Akko Penguins.    Works perfectly, no issues. Only used lightly.   Keycaps not included.  Asking 250€ + shipping (EU only).  No DM's.",heygreg84,2,2,1kg9hjt,https://reddit.com/r/mechmarket/comments/1kg9hjt
1746549801.0,2025-05-06 16:43:21,"[US-WA] [H] GMK, Osume keycaps, Luminkey 75v2, Evo 80,Jelly key artisans [W] Paypal, Matrix my-2k, Gmk Kaiju, Zooted, Cysm artisans, Vento 80",[Timestamp](https://imgur.com/a/6O0eKdw)  **Hi everyone!**  All the keycaps and keyboards in this list are either brand new (unopened) or used once and returned to their original manufacturer packaging!  A few quick notes:  * **Please comment before sending a chat request** * **CONUS shipping is free** for above $100 * **Discounts and Offers**    * BUY 1 Keyboard get a keycap from Set A for 20% off or from Set B for 50% off    * Buy 1 from Set A get 1 for 50% off from Set B * If you have any que,Altruistic_Sir,1,1,1kg9871,https://reddit.com/r/mechmarket/comments/1kg9871
1746548090.0,2025-05-06 16:14:50,"[US-CA] [H] Paypal [W] GMK WOB Shinethrough kit, WOB R0-R5, GMK Beige Addition kit, Macros",I want: -GMK WOB Shinethrough kit -GMK WOB R0-R5 -GMK Beige Addition kit -GMK Dracula Macros kit,mellowsauce,1,1,1kg8ivv,https://reddit.com/r/mechmarket/comments/1kg8ivv
1746546879.0,2025-05-06 15:54:39,"[US-NC] [H] MBK Legend Glow R2 Keycaps, Iris CE Ergo Split Keyboard [W] Paypal","Timestamp: https://imgur.com/a/bGet7Fk  All prices are shipped. Discount if you buy both! I have a dog that loves to shed so you may find a stray hair.  Both items were used for approximately 4 months. The right half of the Iris CE was subject to an unfortunate water spillage accident, everything still works functionality wise, but the LEDs on the thumb cluster no longer work.   MBK Legend Glow R2 Choc Keycaps - $45  Iris CE, with a black Poly case and coiled USB for connecting the halves - $90,",asalamithanksthough,1,2,1kg80na,https://reddit.com/r/mechmarket/comments/1kg80na
1746544979.0,2025-05-06 15:22:59,[US-GA][H] GMK Dracula R2 Kits [W] Paypal,"Timestamp: [https://imgur.com/a/ChXf7EO](https://imgur.com/a/ChXf7EO)  **GMK Dracula R2 Kits $110 Shipped**   Main Core Kit  Ligature Accent Icon Modifier Kit  Extra kit from an add-on kit that Omni-type included (Alt Gr, Command, Option, Func etc.)  CONUS only. Leave a comment and send me a PM. No chat.  Thanks!",sadtoys,1,4,1kg780u,https://reddit.com/r/mechmarket/comments/1kg780u
1746544902.0,2025-05-06 15:21:42,[US-FL] [H] PayPal [W] Mito MT3 9009 Numpad,Been hunting for this with no luck.  Was hoping to have before mothers day for the wife.  Willing to pay a premium.,core627,1,2,1kg76sr,https://reddit.com/r/mechmarket/comments/1kg76sr
1746543569.0,2025-05-06 14:59:29,[US-TN] [H] Paypal [W] Filco Majestouch 2 TKL Convertible,"Looking for an older board, a Filco Majestouch 2 TKL Convertible.  Let me know if you have one or see one for sale.  Leave a reply below and DM me please :)",reececonrad,1,2,1kg6mj8,https://reddit.com/r/mechmarket/comments/1kg6mj8
1746540217.0,2025-05-06 14:03:37,[US-NH] [H] ZSA Voyager [W] PayPal / Venmo,I recently bought a ZSA voyager. It came in the mail yesterday and honestly I’ve already switched back to my old keyboard. Honestly since the board is brand new I’d like to get $310 for it.,LegO_Grievous__,1,3,1kg5agj,https://reddit.com/r/mechmarket/comments/1kg5agj
1746538008.0,2025-05-06 13:26:48,[US-CA][H] PayPal [W] Kam Li'l Dragon Hiragana Alphas and Icon Mods,"Would prefer if someone had both to sell, please and thank you all!",Several_Ring_5447,1,1,1kg4fxb,https://reddit.com/r/mechmarket/comments/1kg4fxb
1746537548.0,2025-05-06 13:19:08,[US-OK][H] PayPal [W] Wooting,"Hi everyone. I have PayPal ready and am looking to try out a Wooting board. I’d be interested in both sizes, but might prefer the 80HE.  Thanks!",tha_blak_sheep,1,1,1kg49si,https://reddit.com/r/mechmarket/comments/1kg49si
1746529059.0,2025-05-06 10:57:39,[US-MD][H] Paypal [W] Hineybush H87nu FR-4 Solderable PCB,Prefer a new spare that someone happens to be having around and willing to part ways.,Screwz_gaming,1,1,1kg1kah,https://reddit.com/r/mechmarket/comments/1kg1kah
1746520459.0,2025-05-06 08:34:19,[US-NV] [H] Keycult No. 2 Rev. 2 A-Stock [W] Paypal," [Timestamp](https://imgur.com/a/szKHr9Q)  Keycult No. 2 Rev. 2 $650 + Shipping  Flawless powdered dark blue top with gray waves bottom. Seriously one of the most stunning keyboards I've ever had, but cant justify owning one at the moment. Built with Zakus on Brass. Comes with auth card and original box. ",varomaster,1,2,1kfzhj9,https://reddit.com/r/mechmarket/comments/1kfzhj9
1746509157.0,2025-05-06 05:25:57,[US-CA] [H] NRD Oku Glacier Silver [W] PayPal,[removed],ayywassupOpieOP,1,1,1kfwvwx,https://reddit.com/r/mechmarket/comments/1kfwvwx
1746509157,2025-05-06 05:25:57,[US-CA] [H] NRD Oku Glacier Silver [W] PayPal,"[Timestamp](https://imgur.com/a/yQp8mtD)  **Price shipped to CONUS**  **$1000 USD** OBO  Comes with 1x Solderable PCB, 1x PC Plate, Gaskets etc.   Also throwing in the Latrialum Smoke and Charcoal Kaze Badges(SOLD for retail $120)  Feel free to message with any questions! Comment before pm ty.",ayywassupOpieOP,0,6,1kfwvwx,https://reddit.com/r/mechmarket/comments/1kfwvwx
1746508400.0,2025-05-06 05:13:20,[US-CA][H] PayPal [W] Tofu 60/65 Acrylic,[US-MA][H] PayPal [W] Tofu 60/65 Acrylic ,j3tog,1,2,1kfwoyr,https://reddit.com/r/mechmarket/comments/1kfwoyr
1746507551.0,2025-05-06 04:59:11,"[US-VA][H] Spring Cleaning TGR Dolice, Mode Envoy, Frog Mini, GMK + KKB keycaps [W] Paypal","[timestamp](https://imgur.com/a/Y7R08xr)   Doing Some Spring Cleaning, feel free to dm questions  Prices Include Paypal G&amp;S but not shipping   || | ---|---|---- Geonworks WKL Frog Mini Harbor Gray| $250 | Comes with its carrying case + wilba soldered pcb w/ mx2a oranges lightly hand lubed with 3203 and spring swapped to 57.5g 22mm geon springs on Alu plate and cherry stabs w/dielectric grease TGR/Linworks Dark Green Dolice |$325 | comes with a millmaxed pcb (one of the keys needs to be solde",BeWaryImBadAtMath,1,1,1kfwh1e,https://reddit.com/r/mechmarket/comments/1kfwh1e
1746507253.0,2025-05-06 04:54:13,[US-CA] [H] GMK Sets [W] Paypal,[removed],Mission_Ad4257,1,0,1kfweb6,https://reddit.com/r/mechmarket/comments/1kfweb6
1746505805.0,2025-05-06 04:30:05,"[US-AZ] [H] Mode SixtyFive (2024) *PRICE DROP*, NicePBT Enchanted Forest [W] Paypal/Local Cash","|Mode SixtyFive - 2024|Green top case, black bottom case, Dawn accent, Dawn weight, Black feet, PC and FR4 Plates, Hotswap PCB|$195 + ship (unbuilt) - Currently built with NicePBT Enchanted Forest, Mode stabs, Bsun Cinnamon Pink switches - $240 - OR BEST OFFER| |:-|:-|:-| ||  |Keysets|Price|Condition| |:-|:-|:-| || |||| |||| |||| |NicePBT Enchanted Forest|$50 + Ship|Currently on the Mode (also for sale) will sell separately if someone is interested - minimally used, no shineMode SixtyFive - 2024",Fast-Description4680,1,2,1kfw0du,https://reddit.com/r/mechmarket/comments/1kfw0du
1746504985.0,2025-05-06 04:16:25,"[US-CA] [H] MW Barista Keycaps (Base, Novs) [W] Paypal","[Updated Timestamp](https://imgur.com/a/8UCtly1)  [MW Barista (Base, Novs)](https://imgur.com/a/UIfRsnp) These have seen some moderate use. Not shined or anything, but I have used them on a main desk board. No issues, otherwise, still in excellent condition.  $95 shipped.",MangoIceCream381,1,1,1kfvsc6,https://reddit.com/r/mechmarket/comments/1kfvsc6
1746504809,2025-05-06 04:13:29,"[US-NM] [H] PayPal [W] Rama Kara Soya, Iced",,Aggravating_Slip210,1,3,1kfvqls,https://reddit.com/r/mechmarket/comments/1kfvqls
1746504809.0,2025-05-06 04:13:29,"[US-NM] [H] PayPal [W] Rama Kara Soya, Iced",[removed],[deleted],1,3,1kfvqls,https://reddit.com/r/mechmarket/comments/1kfvqls
1746503538.0,2025-05-06 03:52:18,"[US-NY] [H] Built UTD 360c Silver, 60x NK creams +bcp  [W] Paypal","[Timestamp](https://postimg.cc/D8X98ZZy)  Hello, as per the title, looking to sell some stuff.   Comes with 60g L+F+SS MX reds. (205g0, 0.15TX, 60g TX Longs with GPL 105)  |Item |price |extra info| |:-|:-|:-| |UTD 360c with L+F+SS Reds, OG PC plate|275 shipped |[Ding](https://postimg.cc/7CxdsnNf/08573e0d) near the back, away from view angle                                      Comes with 60g L+F+SS MX reds. (205g0, 0.15TX, 60g TX Longs with GPL 105)| |NK creams with bcp |30 shipped |lubed with 2",prayfizze,1,2,1kfvdga,https://reddit.com/r/mechmarket/comments/1kfvdga
1746502956.0,2025-05-06 03:42:36,[Artisan] Craftkey Future eyes Lyserra Raffle Sale,"Hello my friend.   The Tale of Lyserra – Realm of Vivid Dreams  There is a legend that speaks of a hidden dimension, invisible to the naked eye, where time stands still and colors defy all logic. This realm is called Lyserra a land where everything glows, and every warrior is adorned with surreal patterns, as if they were born from the depths of our wildest dreams.  The warriors of Lyserra are not born they awaken, summoned whenever a lost soul needs guiding light. They do not fight with weapons",Craftkeycap,1,0,1kfv7hy,https://reddit.com/r/mechmarket/comments/1kfv7hy
1746502829.0,2025-05-06 03:40:29,[US-AZ][H] Black Spectacle60 [W] Paypal,"Timestamp: [https://imgur.com/a/8DI9Kr5](https://imgur.com/a/8DI9Kr5)  Thank you for all your help finding my dad a new board and helping rehome my Flash60. I have decided to just sell the spectacle barebones, very flexible with the price but please keep offers reasonable. The price includes paypal fees.  |Item|Price|Brief description| |:-|:-|:-| || |||| |~~WKL Black Flash60~~|~~$155 + shipping (down from 180)~~|~~inside part of the bottom case patinaed by an pervious owner, comes with a milmaxe",Anguis108,1,1,1kfv66d,https://reddit.com/r/mechmarket/comments/1kfv66d
1746502805.0,2025-05-06 03:40:05,[US-CA] [H] PayPal [W] Creamsicles,Preferably unsoldered switches and lubed.,SolarWind_ts,1,2,1kfv5wv,https://reddit.com/r/mechmarket/comments/1kfv5wv
1746502759.0,2025-05-06 03:39:19,[US-CO] [H] Paypal [W] Drop Banana Yummy Keycap set,"Looking to buy a set of the Drop Banana keycaps, specifically the Yummy mods, but if you are selling a set that comes with other kits I would be interested as well. Comment before PM, Thank you!",SquidOnMySide,1,1,1kfv5e3,https://reddit.com/r/mechmarket/comments/1kfv5e3
1746502449.0,2025-05-06 03:34:09,"[US-CA] [H] Gmk wob, gmk cyan, og double shots, clone og double shots, 9009, big bundle of crp, mx switches, big bundle of incomplete gmk sets[W] PayPal",[Timestamps](https://imgur.com/a/timestamps-KNFx22i)  [Timestamps](https://imgur.com/a/timestamps-5a12Dis)  Gmk wob Shined $60 + Ship  Og doubleshots 1800 $100 + Ship  HUGE bag of crp random mix alphas mods etc $30+ Ship  Gmk cyan base missing i key and random others $65 + Ship  Gmk 9009 r3 base check photos missing t and others $50+ Ship  Clone og doubleshots missing 7u space bar $30 + Ship  WG vint blacks l/f/ss some tops are different Trades  Tkl batch mx blacks  l/f/ss modded $40  Tkl batch ,Ilovecutomskeebs,1,1,1kfv22s,https://reddit.com/r/mechmarket/comments/1kfv22s
1746499643.0,2025-05-06 02:47:23,"[US-CA] [H] PBTFans X-Ray Base,40s, Spacebars [W] PayPal",[deleted],[deleted],1,2,1kfu73x,https://reddit.com/r/mechmarket/comments/1kfu73x
1746499643.0,2025-05-06 02:47:23,"[US-CA] [H] PBTFans X-Ray Base,40s, Spacebars [W] PayPal","Timestamp: [https://imgur.com/a/fQQCugh](https://imgur.com/a/fQQCugh)  |Item|Description|Price| |:-|:-|:-| |PBTFans X-Ray (Base, 40s, Spacebars)|Used, little to no shine. This is from batch 1.5, no flaws or ""cracks."" Comes in original trays.|$140 shipped|",DrewDevs,1,1,1kfu73x,https://reddit.com/r/mechmarket/comments/1kfu73x
1746497626,2025-05-06 02:13:46,"[US-CA] [H] PayPal [W] Rama Kara Soya, Iced",,Aggravating_Slip210,1,2,1kftjtf,https://reddit.com/r/mechmarket/comments/1kftjtf
1746497626.0,2025-05-06 02:13:46,"[US-CA] [H] PayPal [W] Rama Kara Soya, Iced",[deleted],[deleted],1,2,1kftjtf,https://reddit.com/r/mechmarket/comments/1kftjtf
1746495605.0,2025-05-06 01:40:05,[US-NC] [H] Paypal [W] Tofu 60 Redux in Anodized Green,"Looking to purchase an anodized green tofu 60 redux case. Wanted to try here first before I even consider paying tariffed price :P If it has a wooting pcb, even better. Dm me some offers, Thanks!",acttx,1,1,1kfsw1q,https://reddit.com/r/mechmarket/comments/1kfsw1q
1746495007.0,2025-05-06 01:30:07,"[US-CA][H]HHKB pro hybrid, Planck, Atreus,Drop Alt[W]Paypal","Timestamp: [https://imgur.com/a/hlTkHOt](https://imgur.com/a/hlTkHOt)  HHKB Pro hybrid : $220   Bought mint condition, used lightly for a week.   Planck Rev 7 : $160   cherry mx brown with GMK light dots switches.  Comes with carry case and extra cherry mx blue switches.  Drop alt keyboard: $60   Cherry mx brown comes with all original accessories except Usb cable  Keyboardio Atreus keyboard: $120  Comes in original box with all accessories.   CONUS shipping using USPS. Can offer bundle discount",arkoinad,1,2,1kfsp6i,https://reddit.com/r/mechmarket/comments/1kfsp6i
1746494311.0,2025-05-06 01:18:31,[Store] IKASAYA | Hand Lubed &amp; Filmed Switches | Stock Switches | Accessories,"Hi everyone!  Switch orders with **150+** switches of hand lubed/filmed gets **5% off** at checkout!  All order over **$100.00** in value will receive **free shipping** within CONUS.  We're always looking to expand our catalog and offer more choices to our customers. If you have any suggestions for new switches you'd like to see us carry, please let us know! We'd be thrilled to offer a wider range of selections.  [Visit our website to order!](https://ikasaya.com/collections/all)  Our current sel",PamperSpammehs,1,0,1kfsh17,https://reddit.com/r/mechmarket/comments/1kfsh17
1746492980.0,2025-05-06 00:56:20,"[US-IL] [H] black jelly epoch, nightrunner bundle [W] PayPal","   Ts - https://imgur.com/a/Pui9ua2   Bad pics, can get more if want.  Lubed Nebula linear switches, cherry style stabs I forget which kind but they’re solid, wanna say they’re zeals, reanodized black, no noteworthy scuffs or anything. Too big for my desk with how my monitor sits, with nightunner (full set) - 450 shipped conus  ",blkb1rd__,1,2,1kfs0wu,https://reddit.com/r/mechmarket/comments/1kfs0wu
1746492971.0,2025-05-06 00:56:11,"[UK] [H] PayPal [W] JTK Night Sakura spacebars, GMK Olivia no.3 novelties, Mammoth75 knobs","Looking for the above, willing to buy from outside of the UK ",Extension_Sky_8903,1,1,1kfs0th,https://reddit.com/r/mechmarket/comments/1kfs0th
1746491926.0,2025-05-06 00:38:46,[US-IL] [H] TKD Cycle 8 WKL Peacock [W] Paypal,[Timestamp](https://imgur.com/a/VTWjtpi)  Cycle 8 TKL WKL Peacock with SS: Brushed PVD + Polished PVD Gold.   * 2x Hotswap PCBs * Alu and PC Plate * Brass Inner Weights * Brass Battery Cover * 1x Gasket Beans * 1x Oring gasket * PE Foam Kit * Unused Stabilizers  $240 Shipped,BenBigg,1,1,1kfrofn,https://reddit.com/r/mechmarket/comments/1kfrofn
1746491770.0,2025-05-06 00:36:10,[US-CO][H] Novelkeys NK65 Purple [W] Paypal,Timestamp and photos: [https://imgur.com/a/zcws1VN](https://imgur.com/a/zcws1VN)  This keyboard is in perfect working shape. The listing includes the original case and keyboard only.  Asking $100 shipped CONUS. Comment and PM to purchase.  Many confirmed trades on here and [r/Watchexchange](https://www.reddit.com/r/Watchexchange/).,arcade16,1,1,1kfrmmr,https://reddit.com/r/mechmarket/comments/1kfrmmr
1746490605.0,2025-05-06 00:16:45,[US-IA][H] Wooting 60he [W] paypal,Timestamp: [https://imgur.com/a/av8uO8r](https://imgur.com/a/av8uO8r)  60he - 140  I bought from wooting and receieved oct2023 comes with all original accessories. Original keycaps and case were never used. Aftermarket case is black and has 0 degree typing angle for ergonomics. The keyboard looks very bland/ professional and not gamery at all which was my aim. Selling because i quit playing overwatch  BOW cherry profile keycaps purchased and black case purchased on aliexpress.,-kirb,1,1,1kfr8kv,https://reddit.com/r/mechmarket/comments/1kfr8kv
1746489707.0,2025-05-06 00:01:47,[US-NY] [H] Satisfaction75 R1 Cloud White [W] PayPal (CONUS),"[Timestamp](https://imgur.com/a/sat-75-muddhist-bonk-ztSxAwA)  Satisfaction 75 R1 in Cloud White built with lubed Fei switches and warm white LEDs on an FR4 plate and blue OLED. Running on the Cannon Keys firmware and works with VIA.  Includes default gold knob from R1 group buy, extra brass plate, extra R1 PCB, extra white OLED, extra rotary encoder, screws, numbered card, carrying case.  No damage, scratches, or dents on the board. Bronze weight slightly patina'd (see pics)  **$400 + shipping ",muddhist-bonk,1,3,1kfqxg8,https://reddit.com/r/mechmarket/comments/1kfqxg8
1746489439.0,2025-05-05 23:57:19,[Artisan] omniclectic | Steamboat boops! | 05/05/2025 | 8pm EST,"Here's to old cartoons and simpler times. Where animation was in black and white and kids stayed out til' supper time!   These hand-drawn resin caps are inspired by the old rubber hose style of animation from the 1920's   # Sale Info  * Sale will go live on May 5th, 2025 at 8pm EST * Form will be open for 24 hours * Menu: [https://imgur.com/a/BrQzgYO](https://imgur.com/a/BrQzgYO) * Link: [https://www.omniclectic.com/allsales/steamboat](https://www.omniclectic.com/allsales/steamboat) * Stem: MX *",omniclectic,1,0,1kfqtxd,https://reddit.com/r/mechmarket/comments/1kfqtxd
1746489008.0,2025-05-05 23:50:08,"[US-VA] [H] Paypal [W] Star Wars themed keyboards, keycaps, artisans, etc. as well as peripherals (mice, speakers, and so on)","Hi everyone,   I'm a maker that is working on a variety of Star Wars themed props, projects, and other related DIY/maker style builds. Lately I've been on a deep dive into Star Wars themed (in-universe) options for my home office and other areas where I work with computers and keyboards in my spaces. Top of mind in my search would be keyboard cases that have non-standard case shapes, so anything angular, flared, or with styling like knurling, hex shapes, or so on. I'm hoping that the builds I'll",mapuzo_outpost,1,1,1kfqogb,https://reddit.com/r/mechmarket/comments/1kfqogb
1746486563.0,2025-05-05 23:09:23,"[US-DE] [H] Powder-coated Parallel Array, GMK Colorchrome, GMK Norse [W] PayPal","[Timestamp](https://imgur.com/a/timestamp-QmFjx2H)  Clearing out space, trying to get rid of unused sets and boards. so I'm pricing these to sell.   * Parallel Array Powder coated in candy red- looking for 185 shipped, never used after new paintjob, come with a bunch of extras. * GMK Colorchrome- BNIB, Never used, never mounted. Looking for 70 shipped.  * GMK Norse- Used, has very light shine on alphas. Looking for 40 shipped.   If some of the prices don't work, I will accept good offers. I also",TheCloudDart12,1,1,1kfpt6i,https://reddit.com/r/mechmarket/comments/1kfpt6i
1746486139.0,2025-05-05 23:02:19,[US-CO] [H] PayPal [W] Keycult Zero Cork Bottom,"Hello. I’m looking for a Cork bottom for the Keycult Zero if there’s any floating around. Would consider some accents as well depending on colorway.    Comment before DM, thanks! ",giostefas,1,1,1kfpnsi,https://reddit.com/r/mechmarket/comments/1kfpnsi
1746485493.0,2025-05-05 22:51:33,"[US-CA] [H] Stock Wooting 60HE, Extra Lekker L45 Switches [W] PayPal","[Timestamp](https://imgur.com/a/lQCiEDE)  Asking $130 for keyboard/L60 switches/keycaps, or $140 bundled with pack of Lekker L45 switches (pack of 70 switches). Selling because I'm not playing games that take advantage of analog switches/rapidfire that much anymore.  PayPal Goods and Services only, comment before messaging. Thank you!",Kaidanadian,1,1,1kfpfer,https://reddit.com/r/mechmarket/comments/1kfpfer
1746484723.0,2025-05-05 22:38:43,[US-FL][H] Artisans JellyKey Navigator of the seas 75% Bro Moba etc [W] Trades CONUS,"[TrampStamp](https://imgur.com/a/vlMkvXB)  I will not ship outside of the USA or Canada..  . but I WILL consider it if you have any of the caps im searching for listed below.  \-I need desperately an Astropop Brocaps gamer set. If you have this, you own me.  \-Also ...a very long shot. Trying to find a clack julycicle fn key. For this you can have my soul.  List as follows:  \-**Vietnam flag** : Trade offers Brocaps moba sets.  \-**USA flag**:  Not so good condition. trade  \-**Marble blank and ",Hardmatician_,1,1,1kfp5bv,https://reddit.com/r/mechmarket/comments/1kfp5bv
1746484616.0,2025-05-05 22:36:56,[US-MN] [H] ErgoDox EZ / HHKB Professional 2 [W] PayPal,"Ergodox includes everything from the box - kb, cables, tenting kit. Cherry speed silver switches. Like new condition.  Asking $190 shipped to CONUS.   HHKB is stock from the box. Like new condition. My favorite kb ever but I have since moved to split layouts.   Asking $175 shipped to CONUS.     Timestamps: [https://imgur.com/a/gDQgA1J?s=fbm](https://imgur.com/a/gDQgA1J?s=fbm)",Acstine,1,1,1kfp3wm,https://reddit.com/r/mechmarket/comments/1kfp3wm
1746484590.0,2025-05-05 22:36:30,[US-OH][H] Keychron V10 Max [W] Paypal,"Timestamp: [https://imgur.com/a/xF0iBQS](https://imgur.com/a/xF0iBQS)  Very lightly used KeyChron V10 Max (Alice / Split Layout).  Swapped out the original switches with Princess Linears.  Swapped the original keycaps for Keychron side printed keycaps.  Works great. The USB-A receiver is pretty weak compared to USB-C, but thats been consistent with all of my KeyChrons.  Will come with USB-A &amp; USB-C dongles, keycap puller, a few extra switches, and usb-c cable.  Hoping to get $70 shipped. Wil",Exxo,0,2,1kfp3ke,https://reddit.com/r/mechmarket/comments/1kfp3ke
1746484590,2025-05-05 22:36:30,[US-OH][H] Keychron V10 Max [W] Paypal,"Timestamp: [https://imgur.com/a/xF0iBQS](https://imgur.com/a/xF0iBQS)  Very lightly used KeyChron V10 Max.  Swapped out the original switches with Princess Linears.  Swapped the original keycaps for Keychron side printed keycaps.  Works great. The USB-A receiver is pretty weak compared to USB-C, but thats been consistent with all of my KeyChrons.  Will come with USB-A & USB-C dongles, keycap puller, a few extra switches, and usb-c cable.  Hoping to get $85 shipped.  Thanks!",Exxo,0,2,1kfp3ke,https://reddit.com/r/mechmarket/comments/1kfp3ke
1746484379.0,2025-05-05 22:32:59,[US-MN] [H] Ergodox EZ / HHKB Professional 2 [W] PayPal,[deleted],[deleted],1,2,1kfp0rg,https://reddit.com/r/mechmarket/comments/1kfp0rg
1746484379.0,2025-05-05 22:32:59,[US-MN] [H] Ergodox EZ / HHKB Professional 2 [W] PayPal,[TIMESTAMPS](https://imgur.com/a/gDQgA1J?s=fbm),Acstine,1,1,1kfp0rg,https://reddit.com/r/mechmarket/comments/1kfp0rg
1746483725.0,2025-05-05 22:22:05,[US-FL][H] Artisans JellyKey Navigator of the seas 75% Bro Moba etc [W] Trades CONUS,"[TrampStamp](https://imgur.com/a/vlMkvXB)  I will not ship outside of the USA or Canada..  . but I WILL consider it if you have any of the caps im searching for listed below.    \-I need desperately an Astropop Brocaps gamer set. If you have this, you own me.  \-Also ...a very long shot. Trying to find a clack julycicle fn key. For this you can have my soul.  List as follows:   \-**Vietnam flag** : Trade offers Brocaps moba sets.   \-**USA flag**:  Not so good condition. Offer a trade.  \-**Marb",Hardmatician_,1,2,1kfos13,https://reddit.com/r/mechmarket/comments/1kfos13
1746482963.0,2025-05-05 22:09:23,"[US-NJ][H] New J-02 (HHKB, Gray) + Extras [W] PayPal","[Timestamp](https://imgur.com/a/eWSugUb)  Price reflects shipping within CONUS.  Selling my unused gray HHKB J-02 with the extras included. It has never been built and comes with the PCB, ANSI carbon fiber plate, case, etc. as shown in the pics - 315 shipped",emilyisvery,1,2,1kfohu8,https://reddit.com/r/mechmarket/comments/1kfohu8
1746480816.0,2025-05-05 21:33:36,"[US-TX] [H] GMK Keycaps, PBTfans Deep Sea Predator, other keycaps, Keyboards [W] Paypal, GMK Keycaps, KKB Cherries Base and Alphas","Timestamp:  [https://imgur.com/a/OKMhGJb](https://imgur.com/a/OKMhGJb)  Hello, selling some things I don't use  Keycaps:  |Item|Description|Condition|Price| |:-|:-|:-|:-| |GMK Fuji|Katakana Base|BNIB|$110 Shipped| |GMK Chaos Theory|Chaos Base|BNIB|$130 Shipped| |GMK Watermelon|Base|BNIB|$150 Shipped| |GMK Blue Alert R2|Hangul|BNIB|$60 Shipped| |PBTfans Deep Sea Predator|Hoshoku Base|Light use, little shine|$100 Shipped| |ePBT Dreamscape|Base Kit + Spacebars|BNIB|$110 Shipped| |Angry Miao Glacier",Upbeat-Ad-1887,1,1,1kfnndm,https://reddit.com/r/mechmarket/comments/1kfnndm
1746480204.0,2025-05-05 21:23:24,[CA-MB][H] Paypal [W] Line Friends TKL,"Hello, looking to buy Line friends TKL. Please comment here before messaging. Do share photos and video. I am in Canada. ",Difficult_Intern_655,1,1,1kfnedo,https://reddit.com/r/mechmarket/comments/1kfnedo
1746479338.0,2025-05-05 21:08:58,[HK] [H]Paypal [W] Antipode Vero v2 Fool's Gold (w/ gold weight),"Looking for a Antipode Vero v2 Fool's Gold w/ gold weight. Have proxy in the US/UK, other places need to ship direct to Hong Kong. Will pay byu PP G&amp;S. Please comment before PM. Thanks",macbrush,1,2,1kfn1m1,https://reddit.com/r/mechmarket/comments/1kfn1m1
1746479338.0,2025-05-05 21:08:58,[HK] [H]Paypal [W] Antipode Vero v2 Fool's Gold (w/ gold weight),"Looking for a Antipode Vero v2 Fool's Gold w/ gold weight. Have proxy in the US/UK, other places need to ship direct to Hong Kong. Will pay byu PP G&amp;S. Please comment before PM. Thanks",macbrush,1,2,1kfn1m1,https://reddit.com/r/mechmarket/comments/1kfn1m1
1746479239.0,2025-05-05 21:07:19,"[US-TX][H] P3D Plasticity, PBT WOB Hiragana, Artisans (Deagcaps, Lividity, Gooey) [W] PayPal","[Timestamp](https://imgur.com/a/QVUVXNe)  Please comment before PM, send your offers  Free shipping CONUS, big discounts for bundles     |ITEM|NOTES|PRICE| |:-|:-|:-| |P3D Plasticity|Black, comes with PETG plate, PP plate, 2 hotswap PCBs, 2 daughterboards, and all foams|$200| |Bolsa PB WOB Hiragana|PBT WOB keycaps with hiragana sublegends. No shine. All caps included in original box|$35| |Deagcaps Ranga Bean|Never mounted, comes with authentication card|$80| |Lividity Cell Max Biine|Never mounte",2yzelothy,1,1,1kfn05o,https://reddit.com/r/mechmarket/comments/1kfn05o
1746479204.0,2025-05-05 21:06:44,"[US-CA] [H] paypal, venmo [W] GMK masterpiece west kit","Title. Looking for gmk masterpiece west kit, used or new are both ok  Leave a comment saying ""PM"" and send me a ***private message***",TehTechnoGuy,1,3,1kfmzlq,https://reddit.com/r/mechmarket/comments/1kfmzlq
1746478953.0,2025-05-05 21:02:33,"[US-MN] [H] Keychron Q6 Max (Cerakeys Crazed Blue Keycaps), Bauerlite X-ray Edition, and Keychron Q4 Pro (Domikey Ghost Keycaps) [W] Venmo, PayPal","[TIMESTAMP](https://imgur.com/a/dL3to1M)  Hello all! I'm cleaning out some of my mechanical keyboards that I'm no longer using. They all work great and are very lightly used. The two Keychron have been modded as well with new stabilizers (staebies on the Q6 Max, and Durock for the Q4 Pro). I will ship the two Keychron keyboards with their original cables as well as an Aviator USB C cable.   I am open to offers on the prices.  Bauerlite X-ray (Gateron North Pole 2.0 Switches, with artisan key cap",AaronA44,1,2,1kfmvop,https://reddit.com/r/mechmarket/comments/1kfmvop
1746478385.0,2025-05-05 20:53:05,"[US-MN] [H] Bauerlite X-ray, Keychron Q6 Max, and Keychron Q4 Pro for sale. Venmo, and PayPal Preferred.","Hello all! I'm cleaning out some of my mechanical keyboards that I'm no longer using. They all work great and are very lightly used. The two Keychron have been modded as well with new stabilizers (staebies on the Q6 Max, and Durock for the Q4 Pro). I will ship the two Keychron keyboards with their original cables as well as an Aviator USB C cable.   I am open to offers on the prices.  Bauerlite X-ray (Gateron North Pole 2.0 Switches, with artisan key cap and x-ray cable. Have the spare key caps ",AaronA44,1,2,1kfmn3g,https://reddit.com/r/mechmarket/comments/1kfmn3g
1746473830.0,2025-05-05 19:37:10,"[US-AZ] [H] Fully Built Mode Sonnet (2024 Refresh) + Lot of Switches (HMX Eva, Gateron Brown, Gateron Raspberry, Cherry Ergo Clear) [W] PayPal","[Timestamp](https://imgur.com/a/various-switches-WCEFowT)  [Typing Test](https://imgur.com/a/JbQ79l6)  Hi all. I have a fully built mode sonnet (2024 refresh version) used for less than 5 hours total. It includes all of the original accessories, tools, screws, and some bonuses in its original carrying case. I will also toss in the rest of the Mode Anthracite keycaps with its original box. Prefer to sell all together, but I’m willing to separate the keycaps/switches for a discount obo.  Asking fo",sirdonez,1,3,1kfkqxz,https://reddit.com/r/mechmarket/comments/1kfkqxz
1746472509.0,2025-05-05 19:15:09,[HK] [H] PayPal [W] GMK Hanok/Bread novelties,"Hi MM, I'm looking for GMK Hanok/Bread novelties if you have it and are willing to part with it. I'm located in Hong Kong but also have an address in Australia if that somehow makes it easier for shipping. Willing to pay above retail price for it, thanks!",Alileighju,1,2,1kfk6ss,https://reddit.com/r/mechmarket/comments/1kfk6ss
1746472304.0,2025-05-05 19:11:44,[HK/AU] [H] PayPal [W]GMK Hanok/Bread novelties,"Hey MM, I'm looking for GMK Hanok/Bread novelties if you are willing to part with it. Let me know! Thanks!",Alileighju,1,2,1kfk3nz,https://reddit.com/r/mechmarket/comments/1kfk3nz
1746471435.0,2025-05-05 18:57:15,"[US-TX] [H] PayPal [W] XRF, Evija, other Topre Kustoms","Hi, trying to find a Topre kustom to round out the rest of my collection. Please reach out with what you have - would prefer a built board but not picky. Thanks!",DotaDondo,3,2,1kfjq8e,https://reddit.com/r/mechmarket/comments/1kfjq8e
1746471060.0,2025-05-05 18:51:00,[US-TX] [H] GMK Oni [W] PayPal,https://imgur.com/a/BimICu1  bought awhile ago but has never been used. looking for 125$ shipped ,MeihuaPrincessAlyssa,1,1,1kfjkpi,https://reddit.com/r/mechmarket/comments/1kfjkpi
1746470890.0,2025-05-05 18:48:10,[USA-TX] [H] GMK Oni [W] PayPal,"Bought this awhile ago and.. never really used it. Might as well sell it. Opened, but basically new outside of putting it on a keyboard to take pictures.   https://imgur.com/a/BimICu1  125$ shipped  ",MeihuaPrincessAlyssa,1,2,1kfji5b,https://reddit.com/r/mechmarket/comments/1kfji5b
1746468732.0,2025-05-05 18:12:12,"[CA-ON] [H] Matrix Mona , Matrix Abel OG, KE80 Silver, TX Classic , Matrix Badges [W] Paypal","[T I M E S T A M P ](https://imgur.com/a/mechmarket-4-30-PpsIU5x)  Prices in USD, Conus/Can/International  Local To Cornwall ON, or around vaudreuil area Quebec  Paypal G&amp;S  All priced to sell ( Below acquisition cost )  Individual close up pics will be posted per item (from older stamps)  All the boards will include original packaging/box or tx bags  Other items not mentioned are sold/traded  BOARDS    [Matrix Mona WKL Black ano](https://imgur.com/a/stamp-mona-n2b-qhBu7N6)\- **500 shipped**",Juck401,1,2,1kfilfv,https://reddit.com/r/mechmarket/comments/1kfilfv
1746468270.0,2025-05-05 18:04:30,"[US-FL] [H] PayPal [W] Unikorn R1, R2 or R2.1",[removed],LoeweWee,1,0,1kfiebs,https://reddit.com/r/mechmarket/comments/1kfiebs
1746467968.0,2025-05-05 17:59:28,[US-TX] [H] Paypal [W] KBDFans Agar EC completed or PCB,Looking for the EC PCB or the fully built keyboard from KBDFANS AGAR EC  Kbd fans agar ec electro capacitive ,MarioV2,1,1,1kfi9id,https://reddit.com/r/mechmarket/comments/1kfi9id
1746467577.0,2025-05-05 17:52:57,[US-MN] [H] Paypal [W] GMK Dandy R1 Cream Base and GMK Symbiote Anomaly/Metamorphosis kit,"Hi!  Looking to purchase:  GMK Dandy r1 cream base, preferably bnib otherwise in good condition/no shine.   GMK Symbiote Anomaly (40s kit) and/or Metamorphosis (Extension kit)  Thank you! ",NocturnalScar,1,2,1kfi3od,https://reddit.com/r/mechmarket/comments/1kfi3od
1746467195.0,2025-05-05 17:46:35,[UK] [H] PayPal [W] PBTfans Deep Sea Predator novalties kit,Only looking for the novalties kit as I've already got the rest of the set. Willing to pay for international shipping (within reason). Please comment before PMing. Thanks!,16Underscores,0,2,1kfhxzj,https://reddit.com/r/mechmarket/comments/1kfhxzj
1746463700.0,2025-05-05 16:48:20,"[US-WA][H]Prototype WalkMac Keyboard with NOS Cyan Omrons, NOS Drop-In Keyboard Module for Televideo 925 w/ Space Invaders, NMB N-97 with Lubricated Space Invaders, and NOS Kimtron KT-7 keyboard with R0 Cherry Doubleshots. [W] 300 shipped.","Timestamp: https://drive.google.com/drive/folders/1zxO22JDR3MedJA7O6DH06QD17Fe1WWxJ  Whats included:   - NOS Drop In Keynoard Module for Televideo terminal keyboard, has white open eyed space invaders and thick dye sub pbt keycaps.  - NMB N-97 Keyboard with closed eyed space invaders and what feels like factory lubricant.   - NOS Kimtron KT7 terminal keyboard, includes some pretty solid vintage blacks and cherry double shots with some interesting legends and the notorious R0 profile.   - NOS Pro",5X_Rhadamanthus,1,1,1kfggcd,https://reddit.com/r/mechmarket/comments/1kfggcd
1746463594.0,2025-05-05 16:46:34,"[US-TX] [H] Lunar II, Daji Seis Cero, LZ CLS SE, ORI CLS-3//60 [W] Paypal",Timestamp - [https://imgur.com/a/5-5-2025-1mxK3ZC](https://imgur.com/a/5-5-2025-1mxK3ZC)  Hello everyone I have up for sale a few boards that are just sitting so it is time to find them a new home. Thank you for looking feel free to make an offer worst I can do is say no.   Shipping is included. Will only ship CONUS.  Lunar II $800  Beige built with brown alps. No flaws that I can spot. Keycaps are included. Will come with the case.  Seis Cero $600  Denim WKL built with broken in new cherry nixi,baby_phil,1,1,1kfgesm,https://reddit.com/r/mechmarket/comments/1kfgesm
1746463412.0,2025-05-05 16:43:32,"[US-NM] [H] Paypal [W] GMK Cafe no shine, near or brand new with original GMK box",[removed],danb2025,1,2,1kfgc34,https://reddit.com/r/mechmarket/comments/1kfgc34
1746463412.0,2025-05-05 16:43:32,"[US-NM] [H] Paypal [W] GMK Cafe no shine, near or brand new with original GMK box",[removed],[deleted],1,2,1kfgc34,https://reddit.com/r/mechmarket/comments/1kfgc34
1746462421.0,2025-05-05 16:27:01,[US-IA][H] Wooting 60he  [W] paypal,[removed],-kirb,1,1,1kffxbk,https://reddit.com/r/mechmarket/comments/1kffxbk
1746462421.0,2025-05-05 16:27:01,[US-IA][H] Wooting 60he  [W] paypal,[removed],[deleted],1,1,1kffxbk,https://reddit.com/r/mechmarket/comments/1kffxbk
1746459472.0,2025-05-05 15:37:52,"[US-VA] [H] Neo Ergo, Drop CTRL, Bakeneko65, Nuphy Air60, GK68, and more [W] PayPal","[TIMESTAMP](https://photos.app.goo.gl/aFJ1zNVLLaKmiJ7Z7)  Shipping to US only from Woodbridge, VA and Price in USD    **$60 Shipped - Barebones Midnight Green Drop CTRL**  \- stabs included    **$190 shipped - Neo Ergo - Avocado Green**  \- Tape Modded  \- Silver Kernel, Silver Coated Weight  \- Black PVD Badge  \- Plateless Build  \- 55G Duhuk Matcha v4 Switches  \- Amazon Botanical Clones    **$185 shipped - Bakeneko65 NG Charcoal Grey**  \- Tape Modded  \- O-Ring Gasket (unsure of weight, but",c0nfleis95,1,2,1kfeoro,https://reddit.com/r/mechmarket/comments/1kfeoro
1746459453.0,2025-05-05 15:37:33,"[US-GA] [H] PayPal, Venmo [W] Unikorn, Jane v2 (WK)","Trying to finish my collection.  For Unikorn, R1 and R2.1 preferred, but open to R2.2 as well.  WK only for the Jane.  Flexible on price for the right board(s).",jbryant3,1,2,1kfeog1,https://reddit.com/r/mechmarket/comments/1kfeog1
1746459411.0,2025-05-05 15:36:51,[US-TX][H] Paypal [W] Mode Sonnet,"Hi all, looking for a mode sonnet. Prefer a poly carb bottom, but open to others. Send me a message with what you have and how much you're looking for. Thanks!",reevoalex,1,2,1kfente,https://reddit.com/r/mechmarket/comments/1kfente
1746459310.0,2025-05-05 15:35:10,"[US-VA] Neo Ergo, Drop CTRL, Bakeneko65, Nuphy Air60, GK68, and more","[TIMESTAMP](https://photos.app.goo.gl/aFJ1zNVLLaKmiJ7Z7)     Looking to sell quite a few things:  **$60 Shipped - Barebones Midnight Green Drop CTRL**   \- stabs included  **$190 shipped - Neo Ergo - Avocado Green**   \- Tape Modded    \- Silver Kernel, Silver Coated Weight   \- Black PVD Badge   \- Plateless Build   \- 55G Duhuk Matcha v4 Switches   \- Amazon Botanical Clones  **$185 shipped - Bakeneko65 NG Charcoal Grey**   \- Tape Modded    \- O-Ring Gasket (unsure of weight, but it's like la",c0nfleis95,1,1,1kfemaf,https://reddit.com/r/mechmarket/comments/1kfemaf
1746458360.0,2025-05-05 15:19:20,"[US-PA] [H] PayPal [W] GMK Mizu + novelties, Osume Dusk, Drop DCL Snow","Looking for new or near new quality. Prefer the Mizu, interested in the mousepad if anyone has that as well. Pm me if interested! Thankyou! ",Bmonli,1,2,1kfe807,https://reddit.com/r/mechmarket/comments/1kfe807
1746456455.0,2025-05-05 14:47:35,"[EU-NL] [H]Jelly Evolv, Candybar SouthPaw, BOX75, QK100, and more (found my endgame sale) [W] Paypal/Tikkie/Ideal","[Timestamp](https://imgur.com/a/66ZZw5j)  Found my endgame (hopefully). Swapped to Alice boards got a Neo Ergo, getting a QK Duo so selling most of my boards. (All stab are lubed with 205g0)  Every board comes with a pack of switches of choice (should be 90 each, but no promises), see last picture (Switches in Dark Amber bag are TTC Wild switches).  Owlab Jelly Evolv (Silver dual blocker) - Built once, used for a few months. Hot swap non flex cut PCB. TX AP stabs currently installed (can be ship",LordFancypants3,1,2,1kfdfu8,https://reddit.com/r/mechmarket/comments/1kfdfu8
1746454846.0,2025-05-05 14:20:46,"[US-MI][H] KeyboardHoarders Corne Choc Split Keyboard ""apt-get"", Choc Sunsets [W] Paypal","[Timestamp](https://imgur.com/a/KWcdNlO)  Lightly used, I purchased this a few months ago but never got used to it.  Comes with Choc V1 Robin switches. Product link [here](https://keyboard-hoarders.com/products/corne-choc-split-keyboard-apt-get?variant=42709218754648). Also including 50 choc sunset switches and an extra set of keycaps (Chocfox-CFX).  Asking $140 shipped, CONUS only.",KandelVarnak,2,2,1kfctbd,https://reddit.com/r/mechmarket/comments/1kfctbd
1746454846,2025-05-05 14:20:46,"[US-MI][H] KeyboardHoarders Corne Choc Split Keyboard ""apt-get"", Choc Sunsets [W] Paypal","[Timestamp](https://imgur.com/a/KWcdNlO)  Lightly used, I purchased this a few months ago but never got used to it.  Also including 50 choc sunset switches and an extra set of keycaps (Chocfox-CFX).  Asking $140 shipped, CONUS only.  ",KandelVarnak,3,5,1kfctbd,https://reddit.com/r/mechmarket/comments/1kfctbd
1746454051.0,2025-05-05 14:07:31,[Artisan] Resin Party ~ Red Sector A (Topre HHKB Mod Kits; Birdman; Puffkey; Hermes),"Album: [https://imgur.com/a/oyoTrIl](https://imgur.com/a/oyoTrIl)   Caps have either Topre or MX stems, listings are live now: [https://www.resin-party.com/shop](https://www.resin-party.com/shop)  Red Sector A is a super concentrated [red mica blend](https://i.imgur.com/zQIndpy.jpeg).  Pictured in the album with PFU and Realforce OEM keycap sets.  \- HHKB Mod Kits - $145  \- Topre Directional Arrow Sets - $28  \- Birdman (Topre &amp; MX) ($25)  \- Hermes (Topre &amp; MX) ($25)  \- Puffkey (Topre",DJfunH8R,1,1,1kfci5i,https://reddit.com/r/mechmarket/comments/1kfci5i
1746453783.0,2025-05-05 14:03:03,"[US-FL] [H] Salvation Lightning Silver, MX1A Nixies, MX1A Cherry Mx Blacks, GMK Awaken, GMK Nightrunner [W] PayPal","[timestamp](https://imgur.com/a/2OpmPEX)  please comment before pm, CONUS only, prices don't include shipping  * Salvation lightning silver, comes unbuilt with original package and accessories, desoldered pcb, springs already mounted and tuned, unbuilt - $200 * x61 2m actuation broken-in mx1a nixies desoldered (Lubed w/ 205g0, TX Films, TX XL 50g Spring) - $40 * x61 MX1A Blacks desoldered (Lubed w/ 205g0, TX Films, TX XL 50g Spring) - $40 * GMK Awaken Mainframe kit (mounted once, like new) - $90",caramuru_alenda,1,2,1kfcebv,https://reddit.com/r/mechmarket/comments/1kfcebv
1746453372.0,2025-05-05 13:56:12,"[CA-ON] [H] 2000 Mini SE HHKB, Salvation, Midway60, Babylon, Harbour, Gok Venn, GHS.JEM, TGR Dolice, GHS.RAR, Matrix 3.0 [W] PayPal","# [Timestamp](https://imgur.com/a/qXhHBpc)  * Shipping from Toronto, Canada * Price in USD * All prices include PayPal G&amp;S fees and shipping to CONUS * All boards are in excellent condition unless specified * Please comment before PM  # 60% Keyboards  **2000 Mini SE HHKB** (Red) by Hand Engineering - **$710**  * BNIB * 2 Solder PCBs * 2 Plates (Alu, PC)  **Salvation** (Blue) by Salvun - **$140**  * 2 PCBs (1 Hotswap, 1 Solder) * 2 FR4 Plates  * 2 Solder PCBs * 3 Plates (Half PP, PC, PP)  **M",mavsmcfc,3,2,1kfc8lb,https://reddit.com/r/mechmarket/comments/1kfc8lb
1746452974,2025-05-05 13:49:34,[WTB] [Middle East - UAE]  F1-8X v2 – Looking to Buy,[removed],Waleed_Gooner,1,0,1kfc3b5,https://reddit.com/r/mechmarket/comments/1kfc3b5
1746452974.0,2025-05-05 13:49:34,[WTB] [Middle East - UAE]  F1-8X v2 – Looking to Buy,[removed],[deleted],1,0,1kfc3b5,https://reddit.com/r/mechmarket/comments/1kfc3b5
1746451018.0,2025-05-05 13:16:58,[US-NY] [H] ZSA Moonlander [W] Paypal/Venmo/LocalCash,"timestamp: [https://imgur.com/LxMRuR1](https://imgur.com/LxMRuR1)  Price: $225 including ground shipping in continental US.  What: comes with case, keyboard, trrs cable, fabric usb-c cable, and allen wrench. No box or extra keys.  Purchased in 2023, tried a few times to get used it, not my thing. ",jacobsilver240,1,4,1kfbdn7,https://reddit.com/r/mechmarket/comments/1kfbdn7
1746450760.0,2025-05-05 13:12:40,"[US-VA][H]Wooting 60HE+, Alumaze case (black), Wooting coiled cable [W] PayPal","Timestamp - https://imgur.com/a/s1JmMim  Selling a Wooting 60HE+ along with the Alumaze case and coiled cable, all in black. Comes with original Wooting 60HE+ plastic case, yellow Wooting nylon strap, black Wooting nylon strap, custom black leather strap, all original accessories and original packaging.  Lightly used in a smoke free environment. Keycaps are stock and have a little shine to them.   Currently retails for $321.99 total.   Looking for $225 shipping included to CONUS.",RelliNotReally,0,7,1kfbab8,https://reddit.com/r/mechmarket/comments/1kfbab8
1746448581.0,2025-05-05 12:36:21,[US-AZ] [H] Hotswap Space65 R3 - Robocop [W] Paypal,Selling used Hotswap **Robocop Space65 R3** w/ extras and spares **-** [timestamp](https://imgur.com/a/9Fxu3lJ)  $450 OBO  Includes:  * Robocop Keyboard (imperfections circled in red on pictures) * Hot Swap PCB * Daughter board w/ cable * Plate Foam * Switch Foam * **New** Vibration Reduction Foam * Original Box  Extras/spares:  * Toolbox (screw driver and 2 bits for board screws) * Spare LED shading strip * Spare Screws * Spare gaskets * Spare feet * Space PCB holders * Spare Stabilizer pads * ,Bmr54,0,3,1kfajcv,https://reddit.com/r/mechmarket/comments/1kfajcv
1746448581,2025-05-05 12:36:21,[US-AZ] [H] Hotswap Space65 R3 - Robocop [W] Paypal,Selling used Hotswap **Robocop Space65 R3** w/ extras and spares **-** [timestamp](https://imgur.com/a/9Fxu3lJ)  $450 OBO    Includes:  * Robocop Keyboard (imperfections circled in red on pictures) * Hot Swap PCB * Daughter board w/ cable * Plate Foam * Switch Foam * **New** Vibration Reduction Foam    Extras/spares:  * Toolbox (screw driver and 2 bits for board screws) * Spare LED shading strip * Spare Screws * Spare gaskets * Spare feet * Space PCB holders * Spare Stabilizer pads * Spare LED D,Bmr54,0,3,1kfajcv,https://reddit.com/r/mechmarket/comments/1kfajcv
1746443221.0,2025-05-05 11:07:01,"[US-FL] [H] PayPal [W] Unikorn by TGR x SINGA, not kalam.",[removed],hedislimanes,1,0,1kf8w17,https://reddit.com/r/mechmarket/comments/1kf8w17
1746438520.0,2025-05-05 09:48:40,[US-IL] [H] Paypal [W] Neo Ergo or any Ergo keyboard!,"Any Neo Ergos or ergo keyboards in general will do! Feel free to message about a bundle, am more than happy to buy a single board, keycap, or switches for the right price!   Honestly weird ask but looking for a keyboard with the f keys on the left side, anything like that id pick up! Shipping to CONUS please :)",SqueezyLemern,1,6,1kf7neo,https://reddit.com/r/mechmarket/comments/1kf7neo
1746438398,2025-05-05 09:46:38,[US-IL] [H] Paypal [W] Neo Ergo or ergo keyboards!,"Any Neo Ergos or ergo keyboards in general will do! Feel free to message about a bundle, am more than happy to buy a single board, keycap, or switches for the right price!",SqueezyLemern,1,3,1kf7mcq,https://reddit.com/r/mechmarket/comments/1kf7mcq
1746438398.0,2025-05-05 09:46:38,[US-IL] [H] Paypal [W] Neo Ergo or ergo keyboards!,[deleted],[deleted],1,3,1kf7mcq,https://reddit.com/r/mechmarket/comments/1kf7mcq
1746437610.0,2025-05-05 09:33:30,"[EU-DE] [H] Paypal, Wise [W] Daji OC 2.1, TGR Jane V2 OG, Merisi Ottan Silver WKL, OG Dyesub SAV, GMK Dolch","Hi MM,  Daji OC 2.1 is just shipped out so if wanna get my hand on one. Preferrably Pink &gt; Seafoam &gt; Silver.  I'm also looking for:  * TGR Jane V2 OG (Silver/Blue/Red &gt; others) * Merisi Ottan Silver WKL * OG Dyesub SAV (3100/3000 &gt; 3020, HASRO) * GMK Dolch (can be Ivan R1 R2 R3 R5 idc)  Also have some proxies in US/AU/SG/KR/CN if one prefers local. Please comment then PM. Thanks",binu_2903,1,2,1kf7fto,https://reddit.com/r/mechmarket/comments/1kf7fto
1746434396,2025-05-05 08:39:56,"[US-CA][H] Keycaps, Switches [W] PayPal, local cash, trades","Prices are shipped CONUS and includes G&S fees. Let me know if you have any questions or trades!  1. PBTFans Dolch $55 - Light use, no signs of wear - OG Box and Trays included   2. GMK Sumi $110 - BNIB  3. Gateron Milky Yellow Pro $30 ~ 150 (will get exact count) - stock   4. HMX Chu $30 - x119 - stock  ",theloosegoose22,1,3,1kf6p0i,https://reddit.com/r/mechmarket/comments/1kf6p0i
1746434396.0,2025-05-05 08:39:56,"[US-CA][H] Keycaps, Switches [W] PayPal, local cash, trades",[deleted],[deleted],1,3,1kf6p0i,https://reddit.com/r/mechmarket/comments/1kf6p0i
1746426523.0,2025-05-05 06:28:43,[US-TX] [H] Paypal [W] GMK Jags Hangul and Base Kit,"Hello, looking for GMK jags hangul, base and also spacebar kit bundled together. Comment before sending pm please.",matteww00,2,2,1kf4wnw,https://reddit.com/r/mechmarket/comments/1kf4wnw
1746426523,2025-05-05 06:28:43,[US-TX] [H] Paypal [W] GMK Jags Hangul and Base Kit,"Hello, looking for GMK jags hangul and base kit bundled together. Comment before sending pm please",matteww00,2,2,1kf4wnw,https://reddit.com/r/mechmarket/comments/1kf4wnw
1746426278,2025-05-05 06:24:38,[US-TX] [H] Paypal [W] GMK Jags,Looking for GMK jags keycap set comment before sending pm pls!,matteww00,1,2,1kf4uk7,https://reddit.com/r/mechmarket/comments/1kf4uk7
1746426278.0,2025-05-05 06:24:38,[US-TX] [H] Paypal [W] GMK Jags,[deleted],[deleted],1,2,1kf4uk7,https://reddit.com/r/mechmarket/comments/1kf4uk7
1746424718.0,2025-05-05 05:58:38,"[AU][H] Massive Clear-out: Iron 180, Rama U80-A, Alpine 65, GMK, SA, KAT Keysets, Deskmats, Keyboard Cases [W] Paypal","[Timestamp](https://imgur.com/a/c43rYq7)  Clearing out all my leftover keysets and keyboards, all sets are unused and in original packaging, perfect condition.  Prices are in USD and shipping is normally about $15-20 USD depending on weight, PM me for an accurate shipping quote. Happy to do deals on multiple sets, more sets = better price  [Additional Pictures](https://imgur.com/a/keycap-clear-out-sale-KsK4DVI)  |Set|Item|Price| |:-|:-|:-| |Alpine65|Lilac Switches, KAT Mizu|250| |Rama U80 Seq 2|",techjun,0,2,1kf4h1x,https://reddit.com/r/mechmarket/comments/1kf4h1x
1746424718,2025-05-05 05:58:38,"[AU][H] Massive Clear-out: Iron 180, Rama U80-A, Alpine 65, GMK, SA, KAT Keysets, Deskmats, Keyboard Cases [W] Paypal","[Timestamp](https://imgur.com/a/c43rYq7)  Clearing out all my leftover keysets and keyboards, all sets are unused and in original packaging, perfect condition.  Prices are in USD and shipping is normally about $15-20 USD depending on weight, PM me for an accurate shipping quote. Happy to do deals on multiple sets, more sets = better price  [Additional Pictures](https://imgur.com/a/keycap-clear-out-sale-KsK4DVI)  |Set|Item|Price| |:-|:-|:-| |Alpine65|Lilac Switches, KAT Mizu|250| |Rama U80 Seq 2|",techjun,0,3,1kf4h1x,https://reddit.com/r/mechmarket/comments/1kf4h1x
1746420909.0,2025-05-05 04:55:09,[AU][H] Werk Technica Werk One BHS Edition [W] PayPal,"[Timestamp](https://imgur.com/a/werk-one-bhs-4-5-25-5PdhZnJ)  Asking $1400.00 USD + Shipping cost OBO  * BHS variant with smoked PC top;  * 1 of 30 units; * Unbuilt; * FR4 Plate, 1x Hotswap PCB, 1x Solder PCB, Extra gasket kit.  **PayPal G&amp;S unless local, then PayID accepted.**",lh-95,0,3,1kf3iki,https://reddit.com/r/mechmarket/comments/1kf3iki
1746419642.0,2025-05-05 04:34:02,[US-CA][H] Nuphy Air75 V2 &amp; Oblotzky Oblivion Berry Profile Keycaps [W] Paypal,"[Timestamp](https://imgur.com/a/p2OQEAx)  Hi all, selling a brand new Nuphy Air 75v2 bundle (received just last week).Please read the description of items below. If you have any questions feel free to DM me.  Asking **$145** for everything shipped in the US  Set includes:  * Nuphy Air75 V2 (MSRP $130)    * Cowberry switches (lubed)    * The case has been carefully modded with tape &amp; pads under each switch    * Condition: 10/10, item looks brand new    * Includes original box and accessories ",MadMensch,0,2,1kf36ul,https://reddit.com/r/mechmarket/comments/1kf36ul
1746419367.0,2025-05-05 04:29:27,[US-TX] [H] Satisfaction 75 Seaweed Green [W] Paypal,"[Timestamp](https://imgur.com/a/satisfaction-75-seaweed-green-eNsNLWP)  Satisfaction 75 in seaweed green (A stock) from R2.  Comes with a solder PCB (desoldered), FR4 half-plate, brass plate, silver RAMA knob, 2 extra LED displays, and extra encoder. Comes with original box, kaban case, sleeve, and authentication card.  Looking for $300 shipped.  Thanks and please PM me if you're interested!",ericifyable,2,2,1kf346n,https://reddit.com/r/mechmarket/comments/1kf346n
1746417694.0,2025-05-05 04:01:34,[US-VA] [H] Paypal [W] GMK Oco Japanese R1 And GMK Tokyo Night,Hi im looking for GMK Oco Japanese R1 and GMK Tokyo Night paying well Comment before PM Thanks,TopSail8858,3,2,1kf2nmm,https://reddit.com/r/mechmarket/comments/1kf2nmm
1746417682.0,2025-05-05 04:01:22,[US-FL] [H] Paypal [W] Dreadkeys deskmat color and B/W.,,407Marine,2,2,1kf2nh0,https://reddit.com/r/mechmarket/comments/1kf2nh0
1746417573.0,2025-05-05 03:59:33,[Store] Rex60 Lite - $20 60% Keyboard PCB,[removed],LordBoards,1,1,1kf2m7d,https://reddit.com/r/mechmarket/comments/1kf2m7d
1746417573,2025-05-05 03:59:33,[Store] Rex60 Lite - $20 60% Keyboard PCB,"The Rex60 Lite is compatible with many cases and can be used with a Unified Daughterboard or with a USB-C port that can be soldered by the end user. It features support for split backspace, stepped caps, 7u space, and split right shift.  Get yours here: https://lordsboards.com/products/rex60-lite",LordBoards,2,3,1kf2m7d,https://reddit.com/r/mechmarket/comments/1kf2m7d
1746416565.0,2025-05-05 03:42:45,[US-AR] [H] PayPal [W] Neo Ergo Wrist Wrest,"Probably a long shot, but if anyone has an extra Neo Ergo wrist wrest and are interested in selling, please PM and comment.     Thanks!",Jam3z_C,2,2,1kf2bs7,https://reddit.com/r/mechmarket/comments/1kf2bs7
1746416527.0,2025-05-05 03:42:07,[US-MD] [H] PayPal [W] Wilbatech WT75-A PCB,This PCB came with the Xeno keyboard back in 2018 and mine unfortunately bit the dust. I'm hoping someone might have a spare.,62616e656d616c6c,3,4,1kf2bek,https://reddit.com/r/mechmarket/comments/1kf2bek
1746415188.0,2025-05-05 03:19:48,"[US-CA] [H] Tenet 70, Graystudio bd60, ai03 Vega Rose Gold, GMK Sandstorm, GMK Serika 2 [W] PayPal, Local Cash","[Timestamp](https://imgur.com/gallery/gMMmBKQ)  \*First of all, about the previous post. I wasn't expecting so many replies and messages, and because I was very busy on working, so I am pretty sure there were some messages I haven't responded to yet, of that I apologize for any inconvenience. At the same time I am also very grateful for all your messages and support, from the bottom of my heart. I truly appreciate it. You guys are awesome.  So still have a few things available. Prices are in USD",bliu15_7613,2,5,1kf1x3g,https://reddit.com/r/mechmarket/comments/1kf1x3g
1746415168.0,2025-05-05 03:19:28,[US-TX] [W] KBDFans Agar EC [H] Paypal,[removed],MarioV2,1,1,1kf1wvf,https://reddit.com/r/mechmarket/comments/1kf1wvf
1746415168,2025-05-05 03:19:28,[US-TX] [W] KBDFans Agar EC [H] Paypal,Looking for the PCB especially for the EC electro capacitive edition for KBDfans Agar EC. Interested in complete builds as well  Agar EC​​​​​​​​​​​​​​​​ ,MarioV2,1,1,1kf1wvf,https://reddit.com/r/mechmarket/comments/1kf1wvf
1746415012,2025-05-05 03:16:52,[H] Paypal [W] KBDFans Agar EC,Looking for the PCB especially for the EC electro capacitive edition for KBDfans Agar EC. Interested in complete builds as well  Agar EC,MarioV2,1,1,1kf1v69,https://reddit.com/r/mechmarket/comments/1kf1v69
1746415012.0,2025-05-05 03:16:52,[H] Paypal [W] KBDFans Agar EC,[removed],[deleted],1,1,1kf1v69,https://reddit.com/r/mechmarket/comments/1kf1v69
1746414736.0,2025-05-05 03:12:16,[US-CA] [H] 69x Lubed HMX Canglan V3 [W] Paypal,[timestamp](https://imgur.com/a/4qQC7LV)     CONUS. No Trades.   **69x Lubed HMX Canglan V3**  * Housing and stem lubed w/ 205g0. Springs lubed with 105.  * Very light use.   * **30 USD Shipped**.   Comment before PM. ,ItsSArCaZm,1,2,1kf1s8f,https://reddit.com/r/mechmarket/comments/1kf1s8f
1746412466.0,2025-05-05 02:34:26,[US-GA] [H] PayPal [W] Alice or arisu style boards preferably PC or split,"I'm looking for a Alice or arisu style boards, preferably PC or split or both. let me know what you have thanks.  ",absurdmonkey123,1,3,1kf141t,https://reddit.com/r/mechmarket/comments/1kf141t
1746412233.0,2025-05-05 02:30:33,[US-CA] [H] Space 80 Apollo Deep Ocean [W] PayPal,"[Timestamp](https://imgur.com/a/I4uAmXZ)  Hey all, looking to sell my Space 80 Apollo in the Deep Ocean colorway. Includes 1 PCB (used Mouser hotswap PCB or BNIB solder PCB), PC plate, FR4 plate, and all the included accessories. Does not include keycaps, switches, or stabs (can add stabs for $15).  Asking price is $425 plus shipping OBO. Can include the second PCB for +$50.",kspark324,3,3,1kf11gy,https://reddit.com/r/mechmarket/comments/1kf11gy
1746412233,2025-05-05 02:30:33,[US-CA] [H] Space 80 Apollo Deep Ocean [W] PayPal,"[Timestamp](https://imgur.com/a/I4uAmXZ)  Hey all, looking to sell my Space 80 Apollo in the Deep Ocean colorway. Includes 1 PCB (used Mouser hotswap PCB or BNIB solder PCB), PC plate, FR4 plate, and all the included accessories. Does not include keycaps or switches.  Asking price is $425 plus shipping OBO. Can include the second PCB for +$50.",kspark324,4,3,1kf11gy,https://reddit.com/r/mechmarket/comments/1kf11gy
1746411447.0,2025-05-05 02:17:27,"[US-FL] [H] PayPal [W] Rama Works Switches/ Rama Jars, U80 PCB &amp; U80 PORT",Please let me know if you have any of these  \- Rama Switches  \- Rama Switch Jars  \-U80 PCB  \-U80 in PORT colorway  Thank you!,01saleencobra,0,2,1kf0sxj,https://reddit.com/r/mechmarket/comments/1kf0sxj
1746411447,2025-05-05 02:17:27,"[US-FL] [H] PayPal [W] Rama Works Switches/ Rama Jars, U80 PCB & U80 PORT",Please let me know if you have any of these   \- Rama Switches  \- Rama Switch Jars  \-U80 PCB  \-U80 in PORT colorway  Thank you!,01saleencobra,1,3,1kf0sxj,https://reddit.com/r/mechmarket/comments/1kf0sxj
1746408762.0,2025-05-05 01:32:42,[US-VA] [H] KBD6v2 MKII Ink Black Polycarbonate [W] PayPal,Timestamp: [https://imgur.com/a/c9GKOV6](https://imgur.com/a/c9GKOV6)  KBD6v2 MKII Ink Black Polycarbonate Barebones kit with brass plate and case foam - $130 shipped  Stabilizers are included and come separately not installed on the board,FkBoosted,1,2,1kezyt8,https://reddit.com/r/mechmarket/comments/1kezyt8
1746408762,2025-05-05 01:32:42,[US-VA] [H] KBD6v2 MKII Ink Black Polycarbonate [W] PayPal,Timestamp: [https://imgur.com/a/c9GKOV6](https://imgur.com/a/c9GKOV6)  KBD6v2 MKII Ink Black Polycarbonate Barebones kit with case foam - $130 shipped  Stabilizers are included and come separately not installed on the board,FkBoosted,2,2,1kezyt8,https://reddit.com/r/mechmarket/comments/1kezyt8
1746403285.0,2025-05-05 00:01:25,"[US-CA] [H] Keyboards , Keycaps, Artisan [W] PayPal","[TimeStamp](https://imgur.com/a/7f7rmMj)  PM if interested or have any questions. open to offers. Comment before PM .  keycaps will be bag and boxed  Prices include shipping to conus only.  |Item|Condition|Description|Price| |:-|:-|:-|:-| ||||| |[Kalam PC Kult No.2](https://imgur.com/a/WWOtgqy)|Like new|mill maxed pcb, alu plate, includes the alu or stainless steel internal piece, come with the pc internal piece, does not include keycaps or switches|$420| |[Realforce R2 TKL ](https://imgur.com/a",Ok_Philosopher4444,0,3,1key7cq,https://reddit.com/r/mechmarket/comments/1key7cq
1746403285,2025-05-05 00:01:25,"[US-CA] [H] Keyboards , Keycaps, Artisan [W] PayPal","[TimeStamp](https://imgur.com/a/VY56aWH)  PM if interested or have any questions. open to offers. Comment before PM .  keycaps will be bag and boxed  Prices include shipping to conus only.  |Item|Condition|Description|Price| |:-|:-|:-|:-| || |[Kalam PC Kult No.2](https://imgur.com/a/WWOtgqy)|Like new|mill maxed pcb, alu plate, includes the alu or stainless steel internal piece, come with the pc internal piece, does not include keycaps or switches|$420| |[Realforce R2 TKL ](https://imgur.com/a/1J",Ok_Philosopher4444,0,3,1key7cq,https://reddit.com/r/mechmarket/comments/1key7cq
1746403215.0,2025-05-05 00:00:15,[US-MA] [H] GSK 910 [W] Paypal,"[Timestamp](https://imgur.com/a/gsk-910-LCrs0TO)  Looking for $850 USD shipped.  Board will come unbuilt with a stock, desoldered Mechlovin PCB, Carrying Case, O-Ring, and top-mount screws.    ",ZYINGX,1,3,1key6dh,https://reddit.com/r/mechmarket/comments/1key6dh
1746400245.0,2025-05-04 23:10:45,[US - VA] [H] PayPal [W] TUZI X RAMA Artisan Keycap,Looking specifically for moon but open to bunny as well. TY! ,dob2742,1,2,1kex5nh,https://reddit.com/r/mechmarket/comments/1kex5nh
1746399874.0,2025-05-04 23:04:34,[AU] [H] Scraft Pokemon x Naruto keycaps opened BrandNew [W] Paypal,https://imgur.com/a/a3nu8a4,JohnCarlous,1,1,1kex0zv,https://reddit.com/r/mechmarket/comments/1kex0zv
1746399497.0,2025-05-04 22:58:17,"[US-CA] [H] Kohaku R2 British Racing Green [W] PayPal, Local Cash",[removed],Dragxt,1,0,1keww4h,https://reddit.com/r/mechmarket/comments/1keww4h
1746398509.0,2025-05-04 22:41:49,[CA-ON],[removed],Prince200942,1,0,1kewjn1,https://reddit.com/r/mechmarket/comments/1kewjn1
1746396521.0,2025-05-04 22:08:41,[UK] [H] PayPal [W] any ZSA keyboard,"Heya, Looking for any ZSA keyboard. Ideally voyager / moon lander but open to older models.  Happy to do international (Europe) business too.   Thanks ",oceansandsky100,1,2,1kevty3,https://reddit.com/r/mechmarket/comments/1kevty3
1746396402.0,2025-05-04 22:06:42,[UK] [H] PayPal / Bank Transfer [W] Any ZSA keyboard,[removed],oceansandsky100,1,1,1kevsed,https://reddit.com/r/mechmarket/comments/1kevsed
1746396402.0,2025-05-04 22:06:42,[UK] [H] PayPal / Bank Transfer [W] Any ZSA keyboard,[removed],[deleted],1,2,1kevsed,https://reddit.com/r/mechmarket/comments/1kevsed
1746395429.0,2025-05-04 21:50:29,"[CA-BC][H] IFK Limealicious Keycap Set, PayPal [W] PBT Islander Novelty set, PayPal","Selling my IFK Limealicious Keycap set for the price I paid ($150 CAD), not including shipping. PM your post code for a shipping estimate (ships from Vancouver BC).  Also BIG LF for the PBT islander novelties, if you happen to have these and are interested in the Laimu set I'll trade with some cash on your end, otherwise I'm willing to just sell these (or outright buy the novelties).  [Limealicious Keycaps](https://imgur.com/a/LMLVcJn)  [Product Page](https://ifk-limealicious-shop.fourthwall.com",Dysrhythm,1,1,1kevfl6,https://reddit.com/r/mechmarket/comments/1kevfl6
1746393419.0,2025-05-04 21:16:59,"[US-CA][H] Paypal, local cash [W] Solder services for a 60%","Hello, I am near (626) area code in Southern California and am looking to get one of my 60% board's PCBs to get switches soldered into them.     If anyone is accepting any solder services near me please let me know. Thank you.",RobotechLdv,1,1,1keuofv,https://reddit.com/r/mechmarket/comments/1keuofv
1746393201.0,2025-05-04 21:13:21,[UK] [H] PayPal [W] 75% Keyboard,"Hello,  Interested in getting a 75% board, happy to buy just a case providing a hotswap pcb is available for it, if its prebuilt thats good too.   These are not requirements but: I do like blue and would like a nice looking back plate. I'm not a fan of knobs.  If you have something to sell please DM me with some timestamped pictures as well as a price. Thank you!  (In case not having any trades is a turn off, I do have many confirmed deals on r/mousemarket/)",CheekyMonkey68,1,2,1keulig,https://reddit.com/r/mechmarket/comments/1keulig
1746393084.0,2025-05-04 21:11:24,[CA-BC] [H] Percent Studio Volt 2.0 [W] PayPal,"Prices in USD. Shipping included to CONUS and Canada  Timestamp: [https://imgur.com/a/j6ZkJOD](https://imgur.com/a/j6ZkJOD)  ***Percent Studio Volt 2.0***  Silver WK, Hotswap PCB  Built and hardly used. Pretty mint. Missing a case screw in the back.  $475 shipped without switches and keycaps pictured.",huckjai,1,2,1keujyf,https://reddit.com/r/mechmarket/comments/1keujyf
1746392616.0,2025-05-04 21:03:36,[US-NV] [H] Paypal [W] F1-8x (Any Version),"Looking to buy this keyboard. All 3 versions of the keyboard are okay. (V1, V2, 722) Any color is fine as well. PCB included should be hot swappable.",zer0_angel,1,2,1keudjv,https://reddit.com/r/mechmarket/comments/1keudjv
1746389634.0,2025-05-04 20:13:54,[US-WA] [H] GMK Pacific Base &amp; Novs [W] PayPal G&amp;S,"# Hey MM!  [Pacific...](https://imgur.com/a/05VqQlc)  * **GMK Pacific Base &amp; Novs** / No shine or texture loss, bought brand new and only used on one build for a week, complete set and complete novelties - **Asking $130 OBO (please no lowballing)**  ***Shipping is $7 to anywhere in CONUS*****,** not shipping international. These will be shipped via USPS or FedEx at my discretion.  I only accept PayPal G&amp;S, NO EXCEPTIONS.  Please comment here before sending me a PM, chats will be ignored.",T_RextheCat,1,2,1ket7uc,https://reddit.com/r/mechmarket/comments/1ket7uc
1746389515.0,2025-05-04 20:11:55,"[US-MA] [H] Neo65Cu BNIB Unused [W] Paypal, 60s","[Timestamps](https://imgur.com/a/lF8Nzxw)  Neo65Cu Anodized Grey - **$270 USD**  Other specs:   * Copper Bottom, Copper Weight * Tri-mode Hotswap PCB * Carbon Fiber (CF) Plate  BNIB, includes all accessories (including Neo clip in stabilizers) and carrying case that come with the purchase from QwertyKeys website. Keyboard case still in plastic.  No switches or keycaps are included.  Happy to take more pictures if required.     Price includes shipping to CONUS. Also open to trades +- Paypal for 6",Bicstar22,1,2,1ket65b,https://reddit.com/r/mechmarket/comments/1ket65b
1746388916.0,2025-05-04 20:01:56,[US-MD] [H] Anne Pro 2 w/ Gateron Blue Switches [W] PayPal,[Timestamp](https://imgur.com/a/anne-pro-2-VPqryl8)  Selling my Anne Pro 2 keyboard. Barely used. Gateron Blue switches. Comes with the box &amp; manual too. $25 shipped.  Thanks!,Needlecrash,1,1,1kesxqy,https://reddit.com/r/mechmarket/comments/1kesxqy
1746388318.0,2025-05-04 19:51:58,"[US-CA] [H] Baionlenja Gehirn WK TKL w/ GMK Symbiote [W] PayPal, Local Cash",[TIMESTAMP](https://imgur.com/a/hR7u02F)  Used as daily driver for a couple of weeks but prefer smaller layouts. GMK Symbiote has light shine to it. Soldered PCB and includes carrying case. Offering 2 bundle options. Paypal Invoice or Local to 92844.    |Price|Items| |:-|:-| |$590 Shipped|Includes GMK Symbiote Base + Membrane &amp; Cherry MX Black 50g w/ Kailh BCP Spacebar| |$565 Shipped|Includes GMK Symbiote Base + Membrane - Desoldered|,StupidGonk,1,1,1kesp5f,https://reddit.com/r/mechmarket/comments/1kesp5f
1746387079.0,2025-05-04 19:31:19,"[UK] [H] Geon F2-84 Harbour Grey, unbuilt and unused. Switches. [W] Paypal","[Timestamps](https://imgur.com/a/d01tMEX)  [More Photos](https://imgur.com/a/rttNrVL)  Comment and then PM. No chat. All prices are UK only and include postage.  **Geon F2-84 Harbour Grey** ...... **350GBP**  Polished stainless steel weights.  Aluminium plate and an FR4 half plate.  Unused solder PCB.  All the usual accessaries, screws, feet, USB daughterboard.  Comes in its own carry case.  **Switches....... 25GBP**  x84 Prevail Epsilon, Lubed and filmed.  x84 Prevail Nebula, Lubed and filmed. ",kshaw0161,1,1,1kes7u0,https://reddit.com/r/mechmarket/comments/1kes7u0
1746386009.0,2025-05-04 19:13:29,"[UK] [H] Rama M50-a, Rama duck switches, Rama grid keycaps, Rama Jars [W] Paypal","Hi there, Im selling my Ramaworks M50-a KURO board. I want to sell everything together!   for - £700 total  It will be easier for me to sell everything together but Im also open to sell separate.     \*The box will include following items.     \-Rama m50-a board (KURO) / Brass plate / Hotswap PCB / Rama A to C cable - £550  \-Rama duck switches 69 - £65  \-Rama grid keycaps set (NOCT) 70 - £35  \-Rama Jars, Large / Medium / Small / Tiny, 1 each - 4 total £50  All in good conditions!    [https://",Typical-Reality-2737,1,4,1kersql,https://reddit.com/r/mechmarket/comments/1kersql
1746385999.0,2025-05-04 19:13:19,"[US-TX][H] GMK Dracula V2, GMK 80082, RAMA 80082 Artisans, Gentleman Black Dye-Sub PBT Keycap sets [W] PayPal","[Timestamp here](https://imgur.com/a/gvL9IUy).  Hey All,  Unfortunately (still) out of a job, so I need to liquidate some unused items. All items listed are brand new and unused.   Prefer to keep items in a set. Will only ship to CONUS (lower 48 states)! Thanks!  |Item|Description|Price| |:-|:-|:-| |GMK Dracula V2.0|Includes Main Core set, Highlight accents, Spacebar accents|$200| |GMK 80082|BL00 Standard set, Alternate Keycap set|$200| |80082 RAMA Artisan|Blue RAMA artisan, unused|$100| |80082 ",Real_Riskers,1,1,1kerslm,https://reddit.com/r/mechmarket/comments/1kerslm
1746385968.0,2025-05-04 19:12:48,[CA-AB][H] January 60 Frosted PC + Frosted PC Wrist rest [W] Paypal,"Hello All,  I am looking to sell the following items. Base kit price is **OBO**, listed in USD, and includes shipping in NA. Feel free to PM with questions! Pay Pal Goods and services. Can do a bundle deal as well for all 3 items.  [Timestamp and item images](https://imgur.com/a/SpRRvEg)  ",Mythdazlias,1,3,1kers5a,https://reddit.com/r/mechmarket/comments/1kers5a
1746385768.0,2025-05-04 19:09:28,"[US-WA] [H] Mr. Suit 80 R1, Mammoth 75, CIDOO V65 V2 [W] Paypal","Hi mm,  [Timestamp/Album](https://imgur.com/a/5YhY7mY)  I have following items for sale.  - Mr. Suit 80 R1, WK Blue, PC plate, FR4 plate and Hotswap PCB, comes with stabs lubed, no switches or keycaps, great condition  **$475 + shipping** - Mammoth 75 R1, E-white / Alu Sandblasted / M1 (Hotswap PCB), comes with stabs lubed, no switches or keycaps, lightly used **$429 + shipping** - EPOMAKER CIDOO V65 V2 Wireless/Wired Mechanical Keyboard, 65% Hot Swappable Gasket Mount, with VIA Programmable Sof",Joyfal,1,2,1kerp7m,https://reddit.com/r/mechmarket/comments/1kerp7m
1746385680.0,2025-05-04 19:08:00,[UK][H] Mode 65 V1 [W] PayPal,"[\[timestamp\]](https://imgur.com/a/ZU6389a)  [\[Mode65 Bundle\]](https://imgur.com/a/UTCoW2O) \- Great Condition  * Subtle mark on rear weight * Brass Back and Bottom * Aluminium Grey Top * Lubed Durock V2 Stabs * FR4 Half Plate * Lubed Alpacas switches Installed * Solder PCB * No Box * £160  (Would be up for International Shipping If You Cover Shipping Expenses)  (Will Accept Offers)  (Please Ask For More Pictures If Interested)  If you are interested, please comment on this post and [\[Click ",BrandyCream,1,1,1kero06,https://reddit.com/r/mechmarket/comments/1kero06
