created_utc,date_time_utc,year,month,title,selftext,author,score,num_comments,post_id
1586908410,2020-04-14 23:53:30,2020,04,"[US-CA] [H] Paypal, Black 5° Case [W] Tofu V1",[removed],PringlessS,2,4,g1gu6v
1586908402,2020-04-14 23:53:22,2020,04,[US-CA] [H] PayPal [W] Silver Mechmini 2 case,[deleted],[deleted],1,6,g1gu41
1586908361,2020-04-14 23:52:41,2020,04,[US-MA] [H] Paypal [W] Mt3 Godspeed Alphas,Looking for only the alphas. Comment then PM. Also potentially interested in alphas from other sets as well just lmk what you have.  Looking for about $60ish shipped,lerntospel,0,1,g1gtpk
1586908329,2020-04-14 23:52:09,2020,04,"[US-CA] [H] Vorgtexgear Race3 RGB w/Cherry brown, CTRL keyboard keycap set, beautiful mountain Resin Wristrest [W] Paypal, Venmo",[removed],ajyn17,1,0,g1gted
1586907755,2020-04-14 23:42:35,2020,04,[US-WA] [H] MoonKey Hand-Painted Koi Artisan Wrist Wrest 65% [W] PayPal,[deleted],[deleted],1,1,g1gnlm
1586907702,2020-04-14 23:41:42,2020,04,"[US-TX] [H] PayPal [W] Matrix 1.2 OG, matrix Abel",Hi   I’m looking for 80% board unbuilt preferably. Matrix 1.2 OG/abel aluminum preferably. I might consider acrylic.,mandzukic89,1,3,g1gn0v
1586907683,2020-04-14 23:41:23,2020,04,"[US-NV][H] Koyu (Kuro) wZeal Stabs, GMK Vaporwave (Base, Novelties, Spacebars, Hiragana)[W] PayPal","Timestampio™:  [https://imgur.com/a/4O3h3yd](https://imgur.com/a/4O3h3yd)***\*DOESNT COME WITH TX BAG\****  * K̶o̶y̶u̶|̶ ̶L̶i̶k̶e̶-̶n̶e̶w̶ ̶c̶o̶n̶d̶.̶ ̶Z̶e̶a̶l̶ ̶s̶t̶a̶b̶s̶ ̶l̶u̶b̶e̶d̶ ̶w̶i̶t̶h̶ ̶2̶0̶5̶g̶0̶.̶ ̶H̶a̶r̶d̶l̶y̶ ̶u̶s̶e̶d̶ ̶u̶n̶l̶e̶s̶s̶ ̶t̶y̶p̶e̶d̶ ̶o̶n̶ ̶a̶ ̶f̶e̶w̶ ̶k̶e̶y̶s̶ ̶t̶h̶e̶n̶ ̶d̶i̶d̶n̶'̶t̶ ̶r̶e̶a̶l̶l̶y̶ ̶l̶i̶k̶e̶ ̶t̶h̶e̶ ̶i̶n̶t̶ ̶p̶l̶a̶t̶e̶,̶ ̶w̶a̶s̶ ̶j̶u̶s̶t̶ ̶s̶i̶t̶t̶i̶n̶g̶ ̶",ABigRooster,3,15,g1gmu4
1586906785,2020-04-14 23:26:25,2020,04,"[US-CA] [H] Paypal [W] GMK Wob Hiragana, Cheap GMK sets with hiragana",[removed],junwon9710,1,3,g1gdri
1586906152,2020-04-14 23:15:52,2020,04,"[CA-ON] [H] $2k+ PayPal [W] TGR Alice, Zeal GHV4",[deleted],[deleted],3,6,g1g7e8
1586905659,2020-04-14 23:07:39,2020,04,[US-NY] [H] Paypal [W] Maxkey SA Berserk Non-Standard Kit,Or if anyone has got a link to where they still are selling them online that would be a big help too. Sold out everywhere I've looked though.,Will_Poke_Brains,1,1,g1g2g5
1586905578,2020-04-14 23:06:18,2020,04,[US-NY] [H] PayPal [W] DZ65RGB,"Looking for a fully functioning DZ65. Does not have to come with switches, stabs, or case though I will consider buying them together.",ownageboard,0,9,g1g1m6
1586905331,2020-04-14 23:02:11,2020,04,[EU-UK] [W] NK65 or something similar [H] Paypal,[removed],[deleted],1,1,g1fyv3
1586905271,2020-04-14 23:01:11,2020,04,"[US-NJ] [H] gk64, gk61, nk royals, hako clears, other switches [W] paypal, trades","[timestamps](https://imgur.com/a/7Fz80ez)  So I’m looking to clear out some old stuff to make room for the new stuff. Local would be cool but all prices are shipped   Gk64 - $40 SOLD  Bought on drop. Hot swap pcb. Comes with white plastic case, plate, stabilizers, and key cap/ switch pullers. Has 2u left shift, dedicated arrow keys, and rgb  Gk61 - $50 SOLD  Bought on amazon. Hot swap pcb. Come wi",shmoley999,5,20,g1fy6p
1586905158,2020-04-14 22:59:18,2020,04,"[US-TX] [H] 60% aluminum plate, stabilizers [W] PayPal","[my name is stamp ](https://imgur.com/a/d3Cma3S)   Hey y’all got some stuff for sale, CONUS only. Please comment before PM  off-keeb aluminum plate- 60% layout  Screw-in stabilizers - not sure what brand, came on a bundle I bought. Didn’t use them so they want back in the bag.    Asking $30 shipped for the bundle. again CONUS only unless you wanna cover shipping.  EDIT - found a different plate. w",00Stiffy,1,3,g1fx0n
1586905155,2020-04-14 22:59:15,2020,04,"[US-CA] [H] Paypal [W] 100 x lubed Zealios v2, 6.25u screw-in kit","As title says, looking for Zealios v2 for my kdb19x.  62g and 78g is fine.  Also looking for a 6.25u screw-in stab kit.  I would prefer to find someone to buy from within the states.  Comment before PM.",steelbone532,3,1,g1fwza
1586904755,2020-04-14 22:52:35,2020,04,"[US-CA][H]DUCK Octagon V3, EYE KEY ROSE set, Mt. Fuji Artisan, Keyforge Orochi, CYSM Boo, Jelly Key Dragons of Edens[W]PAYAPL, DUCK Orion"," Timestamp: [http://imgur.com/a/YiVJcie](http://imgur.com/a/YiVJcie)  1. Gemini Orochi: **$120 shipped CONUS** SOLD 2. MILO Boo: **$100 shipped CONUS** 3. 3 Jelly Key Dragons of Eden set: **$360 shipped CONUS** 4. 3 EYE KEY ROSE set, purple has flaw: **$150 shipped CONUS** 5. Mt. Fuji Artisan, has flaw: **$50 shipped CONUS\** 6. Duck Octagon V3, Silver, ALU plate, unbuilt,  perfect condition, **ma",endjy,3,7,g1fsw9
1586904748,2020-04-14 22:52:28,2020,04,"[US-NY] [H] KeyCool KC-84 Brown, PayPal [W] Planck, Preonic, PayPal",[removed],diceytroop,1,3,g1fstd
1586904697,2020-04-14 22:51:37,2020,04,"[CA-BC] [H] Paypal [W] Any cheap keycaps, XD75 plate/PCB, Gateron/cheap switches",[deleted],[deleted],1,4,g1fs9n
1586904406,2020-04-14 22:46:46,2020,04,"[US-NY] [H] Artisans, DSA Hana, PayPal [W] Artisans (wishlist), OG Cherry, PayPal, Trades","##[**Timestamp**](https://imgur.com/a/Q1UKJk3)  --- **--[HAVE]--**  Unless otherwise indicated, **all prices include fees (for US buyers) but not shipping**; and keycaps are MX. Bundles encouraged & take priority, so not FCFS. If it's not listed, it's no longer available. Prices may be negotiated, so feel free to make an inquiry. When purchasing an item, kindly include your location.   - [**DSA Ha",LightningXI,4,2,g1fp86
1586904181,2020-04-14 22:43:01,2020,04,"[US-CA] [H] Artisans, GMK Sets, PayPal [W] Artisans, PayPal","[Timestamp](https://imgur.com/a/Fc5iG7Q)  Prices include fees and shipping within the CONUS. $5 discount for every additional cap in a bundle e.g. buy three save $10. Not FCFS, priority to trades and bundles. Can also trade for or outright buy the caps that I am looking for at the bottom.  And as always, please leave a comment before PM'ing (no chat please it sucks). Thanks!  ---  **Artisans**  Ma",crazedoom,3,31,g1fmxn
1586904081,2020-04-14 22:41:21,2020,04,[US-NY] [H] PayPal [W] Kustom,"Hey everyone hope everyone is safe and well  i am looking for a custom keyboard prebuilt Tenkeyless i really would like it to be plated, metal case, cherry switches (reds, blues, browns) my budget is $300-600",Dubsgalore,1,1,g1flva
1586903820,2020-04-14 22:37:00,2020,04,[CA-QC][H]Paypal [W] OLKB Planck or similar 40%,Looking for a Planck or similar! Would prefer somewhat quiet switches. Let me know what you have!,crustpatrol,1,2,g1fj1j
1586903786,2020-04-14 22:36:26,2020,04,[US-NY][H] PayPal [w] tkl kustom,[removed],Dubsgalore,1,2,g1fio4
1586903458,2020-04-14 22:30:58,2020,04,[EU-UK] [H] Paypal / cables [W] YMDK style 1.5u,"Looking for a 1.5u that will go with this style : [https://www.amazon.co.uk/gp/product/B07JKTQJQ7](https://www.amazon.co.uk/gp/product/B07JKTQJQ7) colour is not important. UK / EU preferred, but will consider US / other. Willing to trade a custom cable?",vattern78,1,1,g1ff4p
1586903319,2020-04-14 22:28:39,2020,04,"[US-WA] [H] Verified PayPal [W] MT3 Serika Ergo mods, other Ergo kits","I'd want to buy the ergo mods for MT3 Serika (got the other keys i need from that set), and I'm open to offers of any other ergo sets that people are looking to get rid of.",visageofscott,1,1,g1fdp2
1586903081,2020-04-14 22:24:41,2020,04,[US-NE] [H] Novelkeys Sherbets [W] Paypal,[Timestamp](https://imgur.com/a/HbEsUqj)  I have x70 Novelkeys Sherbets to sell. These use clickbars (very similar to box jades) and are really nice to type on. I used them in a hotswap board lightly for only about a month. Pretty much new.    **$26 shipped(SOLD)**  Comment before pm. Thanks!,rkindt,4,5,g1fb42
1586902977,2020-04-14 22:22:57,2020,04,[US-FL] [H] PayPal [W] Topre board,"I'm looking for any of the following boards:  HHKB with legends (any colour, no bluetooth).   Leopold FC660C.  Realforce 75%.",Nawith,1,5,g1fa0q
1586902929,2020-04-14 22:22:09,2020,04,[EU-UK] [H] PAYPAL [W] TGR Alice,Wanting a Alice in my life,mckeown1504,1,1,g1f9i3
1586902921,2020-04-14 22:22:01,2020,04,[US-KS][H] Paypal [W] Your 60% hotswappable keyboards,"EDIT: Found something, thanks all for the messages!  &#x200B;  &#x200B;  Hi all,  &#x200B;  Recently got the itch to get back into the mk game! Seeing all the cool new 60% hotswappable keyboards recently has me wanting one. I wanted to check here before going and ordering one to see if someone has a keeb that interests me.  Below I will list some of my wants. (I will entertain certain 65% layouts ",Geiga,1,4,g1f9eo
1586902856,2020-04-14 22:20:56,2020,04,[US-NC] [H] x90 Gateron Yellow Inks V2 (70 lubed w/Krytox 205g0) [W] PayPal,"[TIMESTAMP](https://imgur.com/a/1vVAhoa)  **** **SOLD** ****  **$80 shipped priority mail, to CONUS only**  x90 Gateron Yellow Ink V2  \~ x70 lubed with Krtyox 205g0 and they are separated  Will invoice through PayPal.  Comment before PM, PM and not chat as I don't get those notifications",dtyrewilliams,0,3,g1f8pr
1586902149,2020-04-14 22:09:09,2020,04,"[US-FL] [H] Paypal [W] GMK 8008, Striker, Voyage",[removed],Lulank,1,0,g1f100
1586902050,2020-04-14 22:07:30,2020,04,[US-WA] [H] Paypal [W] MiTo MT3 Godspeed,"Looking for either the base kit or even just the Kobe keys. Please comment before PM, thanks!",shogun168,2,2,g1ezyv
1586901729,2020-04-14 22:02:09,2020,04,"[US-HI] [H] UHMWPE stems, Clear films, Artisans, Gold springs, Summit Cable, lube, clipped plate mount stabs [W] PayPal, Ashes Artisans, sakurios/roselios",[deleted],[deleted],2,10,g1ewb7
1586901344,2020-04-14 21:55:44,2020,04,"[US-MI] [H] Prime-E PCB, black Candybar Premium, Cables, Artisans [W] Paypal",[Hi everyone!](https://imgur.com/a/ete7fSf)  &#x200B;  Offloading inventory during this time of quarantine. Hope everyone is staying safe and healthy. Thank you to everyone that purchased cables I made from my last post; all products have been shipped and are on their way to your doorstep.  Prices are shipped CONUS; PM and I can provide quotes to outside the US.  &#x200B;  New Candybar Premium rig,NAKED_AND_JAMESON,0,9,g1es3l
1586900590,2020-04-14 21:43:10,2020,04,"[CA-AB] [H] PayPal [W] 65% unbuilt keyboards , Percent Canoe , KBD67V2","Looking for unbuilt mid range 60% and 65% keyboards, and specifically unbuilt percent canoe or kbd67v2 kits.  Comment before PM, thanks!",freshoutaluck,0,1,g1ejyy
1586900425,2020-04-14 21:40:25,2020,04,"[US-CA][H] NK Creams, Retooled blacks, Inks, 8x R1, HB60, FR87, 205g0 lube, Silence-X rings, Realforce 10th Anniversary [W] PayPal, Local cash","Timestamp: [https://imgur.com/a/lA35vfA](https://imgur.com/a/lA35vfA)  All prices include PayPal fees and shipping (CONUS).  Can ship internationally so long as the buyer covers shipping expenses.  **\*\*\*I am willing to part the creams out , just pm how many switches you'd like.**  I will update the listing, if it is not marked sold it is available for sale.  \+ Switches:  \- **100x Creams (stoc",digital-daggers,8,31,g1ei74
1586900189,2020-04-14 21:36:29,2020,04,[US-CA] [H] Paypal [W] Zealios V2 or Zilents V2 key switches (Enough for a TKL so around 90),[deleted],[deleted],1,5,g1eflh
1586899926,2020-04-14 21:32:06,2020,04,"[CN] [H] Pink Canoe FE, Matrix 1.2 OG [W] Paypal","Again, helping my friend to sort things out.  [Timestamp](https://i.imgur.com/487UniZ.jpg)  &#x200B;  \[H\]  **~~Pink Canoe FE v1~~**  * ~~GMK stabs~~ * ~~Hot swappable PCB (bluetooth supported)~~ * ~~Gateron FF (swapped to Giant top case)~~ * ~~Brass weight~~  **~~Matrix 1.2 OG (bright silver)~~**  * ~~C3 stabs~~ * ~~Half plate~~ * ~~Gateron Red Inks (swapped top case)~~  ~~Remarks~~  * ~~stabs, ",natroojef,9,14,g1eck8
1586899765,2020-04-14 21:29:25,2020,04,"[US-IN][H]100x Gateron Blues [W]Paypal, Local Cash",Selling 100x Gateron Blue switches I got off Drop. These are not LED compatible. Used for about 5 minutes on a hotswap board then removed. Asking for $25 shipped (US only). PM's only. Thanks!    [Timestamp](https://imgur.com/a/TdjQ6Eq)    [Sold],dannottheman,0,4,g1eawe
1586899581,2020-04-14 21:26:21,2020,04,"[EU-PT] [H] IBM 5251 Beamspring, NIB Realforce 23U Numpad, Custom Cables [W] PayPal",[deleted],[deleted],0,1,g1e8w9
1586899353,2020-04-14 21:22:33,2020,04,[EU-UK][H] Paypal [W] HHKB,Lets see what you've got. Non-blank caps preferred but not essential.,Marothgar,1,3,g1e6by
1586899255,2020-04-14 21:20:55,2020,04,[US-WA][H] Paypal [W] GMK Red Samurai 2u left shift,"Hopefully I can pick one up that someone isn't using, thanks",PhantomHawk11,1,1,g1e5b4
1586899120,2020-04-14 21:18:40,2020,04,"[US-WI] [H] Alpacas/Mauve, Oblivion base/alphas [W] PayPal","Timestamp: https://imgur.com/a/7e2RNNQ  Price includes shipping (US only), proxy is fine with me.  **Not looking to trade/split items.** Drop a comment below before/after DM.   ~~Oblivion base kit (reg.) + hagoromo alphas kit $285~~  ~~Mauve linears 70x (stock) $70~~  ~~Alpacas linears 120x (stock) $125~~",Gridds,0,8,g1e3wu
1586899067,2020-04-14 21:17:47,2020,04,[CA-AB] [H] PayPal [W] 65% kit of some sort,[deleted],[deleted],1,1,g1e3c8
1586898973,2020-04-14 21:16:13,2020,04,"[US-VA][H] ETF Fugthulhus, Other Artisans [W] Paypal","[Timestamp](https://imgur.com/a/huLDLMw)  Please comment before PM'ing. No Chat please  *CONUS Only, Prices include shipping+fee.*  Looking for Ilboobminati Keypora  ||A|B|C|D|E|F|G| |:-|:-|:-|:-|:-|:-|:-|:-| |1|Weakened Bombpop - $120|Fulminator - $115|Cosmic Fume - $130||~~Nautilus Keycap - $35~~ **SOLD**||| |2|~~Submarine - $165~~ **SOLD**|~~VW4 - $165~~ **SOLD**|~~Midnight Machine - $175~~ **S",riskymilk,5,3,g1e2aq
1586898876,2020-04-14 21:14:36,2020,04,[US-MD] [H] payPal [W] Tofu Acrylic linear build,Good Afternoon fellow enthusiasts! I am looking for a tofu 60% build with linear switches. Ideally I would like the acrylic case but if you have another color please PM me and we can discuss!  Thanks!,rgray63,2,2,g1e1bi
1586898870,2020-04-14 21:14:30,2020,04,[CA-ON] [H] PayPal [W] 70x Box Pink Switches,[deleted],[deleted],1,1,g1e19m
1586898821,2020-04-14 21:13:41,2020,04,"[US-GA] [H] Paypal [W] 65% or TKL w/ silent switches (red silents, zilents, etc.)","I've been using a TKL brown switch keyboard for a while now and its dying on me. I really need the arrow keys so a 60% just won't do. As for switches, I have typed on reds and brown and like both (prefer the reds), but I just mainly need a silent switch for the office. First post here, but I have trades on hardwareswap and Avexchange.",Kayin60,1,2,g1e0q0
1586898788,2020-04-14 21:13:08,2020,04,[US-ML] [H] payPal [W] Tofu Acrylic linear build,[removed],[deleted],1,1,g1e0e6
1586898660,2020-04-14 21:11:00,2020,04,"[USA-GA] [H] Paypal [W] 65% or TKL w/ silent switches (red silents, zilents, etc.)",[removed],[deleted],2,3,g1dz16
1586898506,2020-04-14 21:08:26,2020,04,"[EU-NL] [H] GMK Pulse (Micons, Novelties) // 70x Aliaz 70g silent switches [W] PayPal","[Timestamp](https://i.imgur.com/od1AYh8.jpg)  Prices are in USD, without shipping. Preference when buying multiple items. I can provide more pictures upon request. Please comment before PM'ing (no chat please) and *include your **country name** in the PM* to speed things up. Thanks!  ---  ## [GMK Pulse](http://imgur.com/a/sUJsPEQ) set  - $205  Used for 1.5 weeks, then landed in the closet for quit",Sneetzle,2,9,g1dx8k
1586898074,2020-04-14 21:01:14,2020,04,[US-FL] [H] Paypal [W] 40% Ortho PCB w/USB-C,"Looking for a 40% Ortho PCB with the following features:  * USB-C connection * supports standard Planck layout with 2u spacebar * supports MX switches * supports QMK firmware * surface mount components within the footprint of the keys (i.e. not a plaid or similar)  &#x200B;  Other than that I don't really care what features it has or doesn't have, such as RGB underglow, backlighting, sound, hotswa",CloudySkys,1,3,g1dsef
1586898008,2020-04-14 21:00:08,2020,04,[US-TX] [H] PayPal [W] Leaf60 Polycarbonate or e white Standard,"Unbuilt is preferred. I would like a standard layout, but I don’t mind WKL (no HHKB).",WhiteSakura,1,2,g1dror
1586897719,2020-04-14 20:55:19,2020,04,[US-NJ] [H] DZ60RGB-ANSI v1 Turquoise Tealios bundle [W] PayPal,"https://imgur.com/a/yxF98GK  ~~88x Turquoise Tealios 63.5g (brand new, never soldered, desoldered, or installed)   SPRIT Springs 63.5g (brand new) SOLD FOR $95~~  ~~DZ60RGB-ANSI v1 Hotswap PCB (tested with tweezers and working, bandaid modded)   Everglide Stabilizers (inside lubed with 205g0, wires lubed with dielectric grease)   MKUltra Foam   Polycarbonate plate   White plastic case lined with 4",MrProvident,2,12,g1dogu
1586897372,2020-04-14 20:49:32,2020,04,"[US-CA][H] Artisans, JTK Arctic, Pink Noxary 268.2 [W] GMK 8008, Trades, Paypal","[Artisans](https://imgur.com/a/1MpGbt7) | [Boards](https://imgur.com/a/RqVZWCd)  Hi there, looking for gmk 8008, kyuu pcb, and listed boards. I'm not looking to purchase anything right now unless it's my priority artisan wants, mainly trades. **Kyuu is not for trade or sale and never will be.**  |For Sale - includes shipping conus|For Trade|Wants| |:-|:-|:-| |Pink Broshido $200 |Pink Noxary 268.2 ",Astrasa,4,4,g1dkqn
1586897316,2020-04-14 20:48:36,2020,04,[US-MA] [H] Paypal [W] GMK Tokyo Nights Stepped Caps Lock,"I recently purchased a TKL off someone and didn't realize they had a stepped caps lock, and the GMK Tokyo Nights set I purchased second hand didn't have one. Just looking to buy that key alone if anyone has one they're willing to part with!",BSGalaxy,1,1,g1dk7x
1586897042,2020-04-14 20:44:02,2020,04,[US-NY][H] Vortex Cypher Single Space [W] Paypal,"[TimeStamp!](https://imgur.com/a/mMdtQdd)  Hello all!  ~~I'm selling my~~ **~~Vortex Cypher Single Space~~** ~~for~~ **~~$55 SHIPPED CONUS.~~**  **SOLD**  * comes with original box and original cable * lightly used, Cherry MX Browns  Please comment before pming! Thank you!",chiefhasif04,3,6,g1dhe9
1586896908,2020-04-14 20:41:48,2020,04,"[US-FL] [H] PayPal [W] Zealios V2 or Aqua Zilents 62g x90-100, Hotswap TKL Aluminum (No RGB on Case)","I am looking for around 90-100 Zealios V2 62g or Aqua Zilents 62g. Also, looking for a nice aluminum TKL board/kit that has a hotswap PCB. I do NOT want RGB on the case like a CTRL. Just a solid slab of aluminum. Also, I'd prefer the PCB to support PCB mounted stabilizers and switches. Looking to pay no more than $300 preferably for the board/kit.",kaiserben94,1,2,g1dfyd
1586896613,2020-04-14 20:36:53,2020,04,"[US-PR] [H] Lubed, Springswapped Holy Pandas [W] Paypal",[Timestamp](https://imgur.com/a/9LgnqdN)  Selling 69x Holy Panda switches:  Made with Yok Trash panda housings and Halo Clear stems. Lubed with Trybosis 3203 and spring swapped to 65g Tx springs. Used in a hotswap board for around a month.  Asking for $109  Shipping with USPS First Class is $5,Eittown,0,1,g1dcyj
1586896084,2020-04-14 20:28:04,2020,04,[CA-AB][H] Paypal [W] Satisfaction75,"looking for a blue or black satisfaction75  Yes I know that they are doing another run, build is for someone else and they dont want wait.",astroinclined,0,2,g1d7x9
1586895901,2020-04-14 20:25:01,2020,04,"[US-CA] [H] Paypal [W] Topre board, for parts","I'm working on a custom Topre board and need parts. Anybody have a damaged, defective, worn out, or otherwise undesirable Topre keyboard that they'd be willing to sell for a reduced price?   Does not need to work at all.    I'm hoping to use all this indoor time to build a custom split ortho Topre board. It's fun to dream!",sofauxboho,6,4,g1d5y3
1586895529,2020-04-14 20:18:49,2020,04,"[EU-DE] [H] Jelly Key Artisans, Tofu65 Case, Paypal [W] YOK Pandas, Zen Pond II, Paypal","[timestamp](https://imgur.com/a/J8jRRCN)  &#x200B;  # SELLING  **ALL PRICES ARE NEGOTIABLE**  I'm selling a few things of my collection due to upcoming groupbuys. I can ship worldwide, all prices are exluding shipping. Available for purchase are:  &#x200B;  |Name|Price|info|pics| |:-|:-|:-|:-| |Dragons of Eden Backspace III|80€|used for about 2 weeks, flawless condition|[more pics](https://imgur.c",minhmon,7,10,g1d1xx
1586895524,2020-04-14 20:18:44,2020,04,[US-OH][H] Paypal [W] Ducky One 2 Mini Silent Reds,Edit: bought one from /u/tvvolume,xman2987,1,3,g1d1w0
1586895359,2020-04-14 20:15:59,2020,04,"[US-IL] [H] Noxary X60, LSJ Ares, PayPal [W] OG Cherry, Alps, Keyboards, Artisans, PayPal","[**Timestamp/Album**](https://imgur.com/a/y7WwF3u)                                                                                 &nbsp;     Hi guys. Things are looking up little by little. **NO PRICE, NO SELL.** Sorry for terrible pics as usual. All prices include fees and First Class CONUS shipping. If you want Priority, please say so and I will adjust price accordingly. International shipping ",DJSwayde,2,19,g1d03v
1586895327,2020-04-14 20:15:27,2020,04,"[CA-ON][H] Unbuilt acyrlic VE.A Clone Kit, Everglide Stabs, Wood wrist rest [W] Paypal, Switches","[~~Timestamps~~](https://imgur.com/a/iGP3rgI)  &#x200B;  |~~$80~~|~~VE.A Acrylic clone kit~~|~~Opened to inspect, pcb/plates are in good shape, no damage to acrylic.  Comes with screws, spacers, stabs, etc.  took so long to arrive i forgot i ordered it and i have too many other boards atm.~~| |:-|:-|:-| |~~$20~~|~~Everglide transparent stabilizers~~|~~7x 2u, and two spacebar length stabs - i think",brown_elvis,1,5,g1czs3
1586895248,2020-04-14 20:14:08,2020,04,[US-FL][H]IKBC MF87 v2 (Cherry MX Browns) [W] PayPal,"The Keeb is new with no scratches or problems with it at all. Originally, I was going to use it, but I decided to go and make a custom instead (I got my DZ65 in the mail yesterday!), and here I am selling it now!  It comes with the original cable, keycap puller, extra keycaps, box and manual. They are tactile brown switches as well.  I am asking for $150 shipped  [Timestamp](https://imgur.com/a/u3",Tickmna69,5,6,g1cyxl
1586895141,2020-04-14 20:12:21,2020,04,[US-CA][H] Ducky One2 and Ducky One2 Mini Combo [W] Paypal,[removed],[deleted],0,4,g1cxrt
1586895000,2020-04-14 20:10:00,2020,04,[US-NY] [H] PayPal [W] CFTKB Mysterium (White),"pm, willing to look at built and unbuilt mysterium kits",ImPrch,1,1,g1cw6x
1586894725,2020-04-14 20:05:25,2020,04,[EU-UK][H] PayPal [W] Leopold FC660M,"With tactile switches, browns or clears or if you had some fun soldering different tactile ones just let me know.  Thanks",Amaragaz,1,1,g1ct1i
1586894388,2020-04-14 19:59:48,2020,04,[US-NY] [H] Paypal [W] Lubed Zilent v2 67g (at least 60),Looking for some pre-lubed switches because I absolutely hate the process of lubing. Filmed would be nice too! Let me know.,attempted,1,2,g1cpaf
1586894388,2020-04-14 19:59:48,2020,04,[US-NY] [H] PayPal [W] 60% Backlit Keycaps,[removed],[deleted],1,3,g1cpal
1586894060,2020-04-14 19:54:20,2020,04,[US-MN] [H] Mint Candybar [W] PayPal,[deleted],[deleted],2,5,g1clkb
1586893198,2020-04-14 19:39:58,2020,04,[US-CA] [H] PayPal [W] Alice PCB,Looking for Alice PCB!,ina_shity_industry,1,1,g1cbph
1586892992,2020-04-14 19:36:32,2020,04,[US-TX] [H] Moonkey Goldfish Artisan 60% Wristrest [W] Paypal,"Hey all, funds running dry and even if that stimulus check comes in, I've still things to pay off, so I'm looking to get rid of a couple of things to help myself and my family take care of ourselves. I am asking $150 shipped OBO for the wristrest, it will be packaged and shipped through USPS Priority mail.  EDIT: SOLD  [TIMESTAMP](https://cdn.discordapp.com/attachments/553687950551023636/699645323",Zerousen,36,8,g1c9e0
1586892933,2020-04-14 19:35:33,2020,04,[US-TX] Moonkey Goldfish Artisan 60% Wristrest [W] Paypal,[removed],Zerousen,1,1,g1c8pc
1586892804,2020-04-14 19:33:24,2020,04,[US-VA] [H] Paypal [W] CTRLHigh-Profile (black),"Looking for this board in like-new condition, don't care either way about switches or keycaps.  &#x200B;  Thanks!",Megatherium22,1,1,g1c76z
1586892791,2020-04-14 19:33:11,2020,04,"[US-VA] [H] Paypal [W] Dev/TTY MT3 nippled keys, 6U Spacebar, Extra Beige Mods (partial okay)","Any or all of these:  - Nippled F, J, and 5 keys - 6U Spacebar - Extra Beige Mods kit, only really need the 1U R4 keys from the kit",Oaslin,3,1,g1c70k
1586892416,2020-04-14 19:26:56,2020,04,[US-NY] Looking to buy Switch Tester with (Zilents V2 and Zealios V2),[removed],sammichmaster123,1,1,g1c2lq
1586892400,2020-04-14 19:26:40,2020,04,"[US-MA] [H] Blizzardmods Topre HiPro Pink/White Keycaps, MT3 Devtty Base, Beige Mods, Extra Beige Mods, WKL , SA Kobayashi, SA Solarized, SA Laser, Free GMK Minimal Packaging(with purchase) [W] Paypal, Leaf 60 gasket & PC Compatible Plate","Timestamp -  [https://imgur.com/a/Wa9mv9U](https://imgur.com/a/Wa9mv9U)  Hello everyone. Looking to get rid a few items. The Leaf60 and HHKB may be up for sale depending on current sale in the near future. Feel free to ask for more photos and send an offer, worst I can say is no. Prices are including Paypal fees and shipping. CONUS only, no international shipping. Please comment before messaging. ",Shapesnatch-chan,1,21,g1c2f7
1586892138,2020-04-14 19:22:18,2020,04,[US-CA] [H] Paypal [W] Tofu65 PCB,[removed],taeeko,1,0,g1bzcm
1586892118,2020-04-14 19:21:58,2020,04,[US-NY] [H] Switch Tester,[removed],sammichmaster123,1,2,g1bz3a
1586891781,2020-04-14 19:16:21,2020,04,[US-UT][H] Paypal [W] GMK Olivia Base,I'm looking for the base kit of GMK Olivia for an upcoming build.  PM if interested :),TheAwesomeRamen,3,5,g1bv90
1586891765,2020-04-14 19:16:05,2020,04,[US-VA] [H] Paypal[W] GMK 8008 Base Kit,"Hello.  I missed out on the group buy.  Looking for the base kit, but an interested in the mat and other kits if you have them.",zeus30512,1,6,g1bv0k
1586891742,2020-04-14 19:15:42,2020,04,"[US-NY] [H] Paypal [W] 60% keyboard or parts for one (case, PCB etc.)",[removed],sparktheshark6,1,1,g1bura
1586891424,2020-04-14 19:10:24,2020,04,[EU-UK] [H] Paypal [W] Gmk Wavez base kit,"Hi all, I'm looking for a gmk wavez base kit. Does not matter if it has been used as long as it is not damaged.   Thank you and stay safe!",TheSenateIsBack,1,4,g1br3s
1586891407,2020-04-14 19:10:07,2020,04,[US-CA] [H] Artisans [W] PayPal,[Timestamperino!](https://imgur.com/a/OtZVV3h)  ***Selling***  |Maker|Artisan|Stem|Backlit?|CONUS Shipped| |:-|:-|:-|:-|:-| |Charm Caps|Ducky in Bath|MX|No|$25| |Wittle Caps|Bee (Commision)|MX|No|$85| |Rascal x Dusty|Parallax V2|MX|Yes|$75| |Dusty|Angel Dust XP|MX|Yes|$50| |Clackeys|Red Bastion|MX|Yes|$25| |Keyluminati|Ho Ho Maximus|MX|Semi|$40| |ETF|Lucas Balloon|MX|Yes|$50| |Keylabs|Glow in Dark,hyseung,6,6,g1bqw1
1586891280,2020-04-14 19:08:00,2020,04,"[US-NY] Paypal [W] 60% keyboard or parts for one (case, PCB etc.)",[removed],[deleted],1,4,g1bpdy
1586891021,2020-04-14 19:03:41,2020,04,[US-CA] [H] paypal [W] Rama koyu sage green,[removed],500Youfuckedup,1,0,g1bmen
1586890867,2020-04-14 19:01:07,2020,04,[US-MI] [H] PayPal [W] Dixie Meka Mat,Looking for Meka Mat unused or lightly used. Starting at 35 shipped but willing to negotiate <3,jonchar,1,2,g1bko1
1586890447,2020-04-14 18:54:07,2020,04,"[EU-NL][H] SA Miami, Pillars of Miami artisan, TEX Film never dies, Mill-max [W] Paypal",[removed],pielepower,1,3,g1bfvt
1586890221,2020-04-14 18:50:21,2020,04,[CA-ON] [H] Paypal [W] Zeal60 rev4 / DZ60 and GMK dots base kit, DM me if you also have a rev 3 if you can throw in a PC plate that would also be great.,DannnyCook,1,1,g1bdbr
1586890126,2020-04-14 18:48:46,2020,04,[US-CA] [H] Planck EZ Glow (RGB) [W] PayPal,[Timestamp](https://imgur.com/a/RcT41f6)  The Planck Ez is a 40% programmable ortholinear keyboard ([more info](https://ergodox-ez.com/pages/planck)). This is the EZ glow black version with Cherry MX Brown switches and RGB key caps.  This keyboard is less than two weeks old and like new. Asking $165 + shipping.,mikeiz404,0,15,g1bca2
1586890001,2020-04-14 18:46:41,2020,04,[CAN-ON] [H] Paypal [W] Zeal60 rev4 / DZ60 and GMK dots,[removed],DannnyCook,1,2,g1bawm
1586889913,2020-04-14 18:45:13,2020,04,"[EU-UK] [H] PayPal [W] 70x Linear switches 67g/70g, 60% Acrylic Tofu case",After 70x linear switches 67-70g bottom out aweigh preferred.  Also after a 60% acrylic tofu case   Thanks,AnorakHD,5,4,g1b9wb
1586889540,2020-04-14 18:39:00,2020,04,[GB] Handmade Keyboard Bags by G.C.W. (extended until end of April 2020) - UPDATE,[Screenshot](https://imgur.com/a/4uQExih)  **I N F O**  As a bonus I have created a little Keyboard Bag Previewer Tool so that you can play around with the colors a bit.I am a programmer. So please don't expect the keyboard bag model to be an exact copy of the real one =)It is only for Windows for now. I will add Android compatibility soon.  You can download it here: [Dropbox Download Link](https:,Gaburir,2,1,g1b5rp
1586889104,2020-04-14 18:31:44,2020,04,[US-CA] [H] Ducky One 2 Mini RGB (Cherry MX Brown) [W] Paypal,"SOLD  &#x200B;  &#x200B;  Great condition Ducky One 2 Mini, Cherry MX Browns.  Asking $85 shipped CONUS.  [https://imgur.com/AG5HCRW](https://imgur.com/AG5HCRW)",xInfinity_gg,0,7,g1b0v8
1586888998,2020-04-14 18:29:58,2020,04,"[US-GA] [H] Paypal [W] High-end 60,65,75 boards, cheap aviator cable",[deleted],[deleted],1,1,g1azrp
1586888789,2020-04-14 18:26:29,2020,04,"[US-SC] [H] Paypal [W] Topre Black stamped keycap set, DCS Green Tea num pad set","~~Hey, I'm looking for a set of Black stamped keycaps for an HHKB hybrid S, I have blanks but I'd like the stamped set.~~  Also looking for the DCS Green Tea num pad set, been looking for over a year now, will pay good for them.",Me0wtw0,1,2,g1axee
1586888769,2020-04-14 18:26:09,2020,04,[US-NJ] [H] Paypal [W] Full Build W/ Holy Pandas or Black Gateron Inks,Hello I'm currently looking for a fully built mechanical keyboard w/ lubed up holy panda switches. My current budget is about $600 and I'm willing to go for any keyboard 65% (or higher)  Feel free to reddit chat me or PM me Please post below prior to PMing me,Draft_,1,4,g1ax6k
1586888585,2020-04-14 18:23:05,2020,04,[US-LA] [H] Paypal [W] Tofu65 Kit,"I'm looking for a tofu65 kit with case, PCB, and plate, I'm trying to spend around $200 , and I'd prefer CONUS for shipping time and cost",NavierWasStoked,5,8,g1av3k
1597449562,2020-08-14 23:59:22,2020,08,"[US-TX] [H] Pink and white taihao key caps, Artisans, Kbd75v2 plate foam [W] Paypal","[TIMESTAMP](https://imgur.com/xIIrWur)  Hey mechmarket, looking to get rid of a few things as I continue to upgrade and spend more money in this hobby!  Prices do not include shipping(unless stated), and will only be shipping CONUS unless someone really really wants something for some reason  Pink and White Tai hao keycaps  \-$10 each or $15 together  Some of the pink caps are faded from what seem",doofygoofy,2,8,i9xbqo
1597449237,2020-08-14 23:53:57,2020,08,[US-CA] [H] PayPal [W] Planck,[deleted],[deleted],5,1,i9x8gk
1597449213,2020-08-14 23:53:33,2020,08,"[US-TX][H] Various 60% cases, Ortholinear PCBs [W] Paypal",[Timestamp](https://imgur.com/a/h4gqkgM)  &#x200B;  Hello! I have a variety of stuff that has been sitting on a shelf gathering dust. I figured somebody else might be able to use them. All prices are in USD and include shipping for the CONUS.  &#x200B;  |Item|Price|Available?| |:-|:-|:-| |KeyboardBelle AEK inspired 60%. 3d printed. no idea on material. it's a unique case and i just never got aroun,saucy_bulgogi,3,11,i9x888
1597449110,2020-08-14 23:51:50,2020,08,[USA-CA] [H] PayPal [W] Planck,[removed],[deleted],1,2,i9x760
1597448895,2020-08-14 23:48:15,2020,08,[US-WA] [H] Mostly built failed Romeo project w/ Dark Green 3d printed case. For repair or salvage [W] $80 Paypal,"NO LONGER AVAILABLE  NO LONGER AVAILABLE  NO LONGER AVAILABLE  NO LONGER AVAILABLE  NO LONGER AVAILABLE  NO LONGER AVAILABLE   [TimeStamp](https://imgur.com/a/5pLj093) Asking $80 paypal, shipped. Will ship out monday.  Hello,   today I am selling this mostly finished romeo kit with a dark green 3d printed case from (I think) P3Dstore.com  I am pretty sure someone more skilled than me could get thi",MousePounder,0,5,i9x52z
1597448098,2020-08-14 23:34:58,2020,08,[AU] [H] PayPal [W] kbd67 or similar,[deleted],[deleted],2,5,i9wx37
1597447882,2020-08-14 23:31:22,2020,08,"[CA-BC] [H] Paypal, Local cash [W] 2x Pro Micros or other compatible microcontrollers",Looking for microcontrollers to fix up my nyquist Rev. 1 for a friend.,keiru_,2,2,i9wv0j
1597447750,2020-08-14 23:29:10,2020,08,[GB] PBT Amalfi | Live Now!,"[https://i.imgur.com/7Mn5EsV.jpg](https://i.imgur.com/7Mn5EsV.jpg)  Hi, r/mechmarket!  Gonna make this message short and sweet so you don't need to read a wall of text if you don't want to, but I'm pleased to announce that PBT Amalfi is live today at your local vendors! GB is only two weeks so make sure to pick it up quickly!  &#x200B;  * North America - [The Key Company](https://thekey.company/pr",x18181x,64,12,i9wtq9
1597447435,2020-08-14 23:23:55,2020,08,"[US-MT] [H] PAYPAL [W] KF MULDER V3s, KF SPOOKS",these are what i currently have:   [the KF goods](https://imgur.com/MwclvsO)     help me complete my collection! looking for any mulders and spooks that i do not have.,Iate22Pears,2,1,i9wqpe
1597447390,2020-08-14 23:23:10,2020,08,[US-CA] [H] PayPal [W] 2 in 1 Switch Opener,Looking to get a metal 2 in 1 (cherry and kailh) switch opener,GalantisX,2,3,i9wq7d
1597447351,2020-08-14 23:22:31,2020,08,[GB] LAST 24H TO JOIN FFF SWITCH GB!,"[Pic](https://imgur.com/a/bNZ3jnc)  It's the **LAST 24H** to join the FFF Switch GB, by FF from Matrix Lab!  These are a nice smooth translucent linear switch made by JWK and designed by FF from Matrix Lab, with 62g springs.  North America: [Malvix Studio](https://store.malvix.com/collections/all/products/fff-switches-linear)  Asia: [iLumkb](https://ilumkb.com/products/pre-order-fff-switch?_pos=2&",Malvix_,33,18,i9wpu6
1597446953,2020-08-14 23:15:53,2020,08,"[US-CO] [H] Purple coiled Mogami USB C Cable [W] Paypal, Tangerines r2, c3 stabilizers", [Timestamp](https://imgur.com/a/jUw5nAZ) (more than one picture) CABLE COLOR IS A BIT LIGHTER THAN IN THE PHOTOS  PLEASE COMMENT PM BEFORE MESSAGING ME  **TLDR for the first paragraph** (please still read everything after that): coiled USB C cable made of mogami neglex microphone cable- **$50 shipped free within the US**. 6 inch coil with a 5 foot cable following the aviation connector. USB C on ,Aviv42,1,4,i9wlwn
1597446667,2020-08-14 23:11:07,2020,08,[US-CA] [H] PayPal [W] Tokyo60 | GMK Olivia,[deleted],[deleted],0,3,i9wizw
1597446646,2020-08-14 23:10:46,2020,08,"[US-NJ] [H] ePBT x GOK BoW, GMK Cafe Numpad, 70x Lubed Gat Black Ink v2s [W] PayPal","[timestamp](https://imgur.com/a/y3nwpKW)  hello mechmarket, got some stuff for sale today. timestamp is from a day ago as but i didnt have time to post yesterday  Name | Description | Price ---|---|---- ~~70x Gateron Black Ink V2s~~ | ~~Batch was from Teal Technik. Lubed with 205g0, About 6 were scratchy, plus previous owner scuffed some while removing them from their hotswap board, this is highli",awakeNPan,2,5,i9wiri
1597446322,2020-08-14 23:05:22,2020,08,"[US-CA] [H] KBD67MKII, MT3 Serika Katakanas, SA Pulse Noire [W] PayPal, Key65 Extras, Bull v2","## ⌚ **[TIMESTAMP + ALBUM](https://imgur.com/a/S2C5VSs)**  * Local = 94595 * *CONUS only* * Not FCFS, *bundles take priority*  ---   # ~~KBD67 MKII~~ * Aluminum Grey * Brass Plate * Hotswap  * MKUltra Foam * Flashed with VIA  ### **SOLD $320** *switches not included*   ---   # ~~MT3 Serika Katakanas Base + Mods + Novelties~~ * Mounted for a few weeks * Mounted on the Key65 for pictures  ### **SOLD",blastdoub1e,6,26,i9wfhk
1597446317,2020-08-14 23:05:17,2020,08,"[US-TX] [H] JAK Artisans [W] JAK Mother of Pearl Parakeyt, Kota, Birb",Timestamp/Wants: https://imgur.com/a/cwtFd4b  Howdy! Looking to trade for the above artisans. Please comment before PMing. Chats will be ignored.  Thank you!,the_erikat,3,2,i9wfey
1597446256,2020-08-14 23:04:16,2020,08,[US-TN] [H]FREE Assortment of Zealios v1 switches and parts [W] Paypal,"Timestamp:  [https://imgur.com/a/eKXDX4z](https://imgur.com/a/eKXDX4z)  Got these for free off of someone on here and have no real use for them.  As far as I can tell there are 30 completely working switches and then some springs, housings, and stems that need to be put together.  &#x200B;  FCFS, all you need to do is pay for shipping  &#x200B;  PENDING",VijvalN,17,12,i9wes6
1597445364,2020-08-14 22:49:24,2020,08,[US-NH] [H] Metaverse Deskmat [W] Paypal,"[timestamp](https://imgur.com/a/cZkInaL)  &#x200B;  Selling brand new GMK Metaverse Deskmat, I have too many deskmats and chose this one to sell.  &#x200B;  ~~Asking 30$ shipped CONUS~~ SOLD!",Icarsis,0,14,i9w5vi
1597445327,2020-08-14 22:48:47,2020,08,"[US-MD] [H] Projectkey, Tim Caps, Systematik,Paypl, Artisans [W] PayPal, Used Japanese themed Keycaps, Meka Mat, Sanctuary Rebirth deskmat",Timestamp: https://i.imgur.com/QsG3g1Z.jpg  Looking to get rid of some artisans not as into it as I thought I would be. Prices include shipping. Willing to trade all three for a used GMK Japanese themed keycap sets and add PayPal on top. I’m not looking to spend anything crazy. Also looking for a meka mat and sanctuary rebirth deskmat.The keyfu and misfit spacebar are new and will come with the or,yo_shyy,4,9,i9w5hn
1597445242,2020-08-14 22:47:22,2020,08,"[US-NY] [H] Paypal [W] 100~ tangies/black inks,96 boards, keycapsets","~~looking for around 100 tangerines or black inks \~62g~~ as well as 96/1800 boards, hotswap pref.  have paypal as well as \~80 67g aqua zilents  lubed with 205g0 for trade.  Also interested in SA and GMK keycapsets! as well as cheap PBT sets to just fill an extra board.     EDIT: bought the switches already, still looking for 96 or other compact boards with a numpad as well as keycaps",Ogyusuh,1,10,i9w4lp
1597445087,2020-08-14 22:44:47,2020,08,[EU-CH] [H] PayPal [W] KBD75v2,[removed],Yonipoka,1,0,i9w32t
1597444785,2020-08-14 22:39:45,2020,08,[US-MO] [H] Paypal [W] Kat Milkshake katakanas / weirdos / modifiers - XDA Mito Canvas Rams alphas / Bauhaus Modifers / cheap tangerines / cheap smooth silent linears / mojo60 case,show me what u gottttt lol,dekubaby,0,4,i9w02o
1597444298,2020-08-14 22:31:38,2020,08,[US-AR] [H] DZ60 RGB v2 Hot Swap PCB [W] PayPal,"[Timestamp](https://imgur.com/a/gxP3oSN)   Hello, I am selling my dz60rgb v2 pcb because I realized the layout was not for me after a about week of use. The pcb has been mounted twice for trying out switches and has been flashed with VIA.   ~~Looking for $70 shipped, CONUS only please.~~ **SOLD for asking**",iTossDuhRice,0,4,i9vuud
1597444290,2020-08-14 22:31:30,2020,08,[US-TX] [H] PayPal [W] GMK Peaches and Cream Base Kit,Please comment before pm. Thanks!,Wasazabi,1,3,i9vur9
1597444233,2020-08-14 22:30:33,2020,08,[US-CA] [H] PayPal [W] Tokyo60 | GMK Darling | GMK Olivia,[removed],[deleted],0,3,i9vu5n
1597443885,2020-08-14 22:24:45,2020,08,"[US-MI] [H] 60% Hot Swap Aluminum, Gateron Silent Black Switches, Black Pudding Keycaps [W] Paypal","[~~Timestamperino~~](https://imgur.com/a/Dj474Tc)  SOLD ENTIRE BUNDLE FOR ASKING PRICE.  ~~Selling an extra keyboard and add-ons for it :)~~  &#x200B;  |~~60% hotswap aluminum keyboard~~|~~$110+shipping~~|~~Everything pictured comes in what I’m selling. The Plastic black and/or white cases are free throw ins in any number/combo as I don’t have a need for them. \*\*Edit: PCB is a GK61, Plate is the",solidbarton,0,11,i9vqha
1597443843,2020-08-14 22:24:03,2020,08,"[US-CA] [H] Salamander w/ SKCM Browns [W] Local Cash, PayPal, Trades",[deleted],[deleted],2,10,i9vq1l
1597443776,2020-08-14 22:22:56,2020,08,"[US-TN][H] Vintage Japanse 75% Keyboard, GMMK Compact fully built w/gat reds, 70x Lubed Dry Black, 70x Lubed Dry Yellow[W]Paypal",[removed],Bearicorn_,2,5,i9vpcp
1597443773,2020-08-14 22:22:53,2020,08,[US-CA] [H] PayPal [W] MT3 Keycaps | Endgame HHKB | DyeSubs | Vint Clears/Browns/Blacks,"yo  interested in trying mt3 because i love hipro, and just want to see what it's like compared. open to all cws, though i prefer PBT over susuwatari abs  ---  I've been missing having a Topre board since it's been a long time since I had one. Hence, I'm looking for one now.  Really not looking for much to have been done, but minimum requirement would just be lubed.  These are my ideal specs, thou",ICKitsune,0,6,i9vpbm
1597443520,2020-08-14 22:18:40,2020,08,"[US-MN][H]Gray KBD75v2,30 Stock tealios switches,KbdFans switch tester(clear keycaps)[W]Paypal or local","LOCAL:55449  Hey there, Selling some stuff since I decided to build my first keyboard later down the road when I get my GMK sumi keycaps(I know its gonna be a while).  timestamps:[https://imgur.com/a/fozWmNv](https://imgur.com/a/fozWmNv)  *Not FCFS, preference towards bundles or people with more confirmed trades*  Comment below before Pm'ing. Please do not message me through Reddit chat. It will b",ritzyyyyy,1,3,i9vmn8
1597442783,2020-08-14 22:06:23,2020,08,[EU-UK] [H] Broken Anne Pro 2 Kailh Box Reds [W] PayPal,"[Timestamp](https://imgur.com/a/BhY979c)  Used for 2 months  Band-aid modded and lubed stabs with dielectric grease  Bad soldering job resulted in a few soldering rings / pads to be burnt off. Those keys no longer work.  The faulty keys are **W,1,2,ESC,\\** (<-- Key under Backspace)  Apart from those above, all the other keys work fine. RGB still works, Bluetooth still works.  Shipping with a T5 s",iagns,1,3,i9vf1f
1597442426,2020-08-14 22:00:26,2020,08,[Artisan] shirouu | Kitsune Mask Raffle Sale - RT,**update 1: all invoices should be sent. i realized that i made a mistake in the username part of the form and forgot to include different platforms; my bad ;\_;**  \---  [**google form**](https://forms.gle/3m5xPmShouxCLKNYA)  [**imgur album**](https://imgur.com/a/cwIqeM5)  hello! :D  this is a raffle sale for the Kitsune mask RT (ruby teal) color. entering does not guarantee you a kitsune.  \--- ,shirouu-kun,12,8,i9vb6s
1597442381,2020-08-14 21:59:41,2020,08,[US-PA] [H] Paypal [W] Navy Savage65,[deleted],[deleted],2,1,i9van7
1597442352,2020-08-14 21:59:12,2020,08,[US-CA] [H] Ducky One2 Mini Brown Switches [W] Paypal,[deleted],[deleted],1,4,i9vaca
1597442157,2020-08-14 21:55:57,2020,08,"[US-CA] [H] GMK Camping R2 (Base, Novelties, Spacebars), MT3 Serika (Latin Alphas, Mods, Geometries, Arrows), C3 Stabilizers [W] PayPal, Venmo, Zelle, Local Cash","Timestamp:  [https://imgur.com/a/ttRAkBa](https://imgur.com/a/ttRAkBa)  &#x200B;  Happy Friday,  Recently lost my job this week so I have to sell some stuff to be able to pay some bills while I look for another job in the meantime.  &#x200B;  GMK Camping R2 - ~~Base,~~ Novelties, Spacebars kits - **~~$325~~** **$115 shipped CONUS** in trays  * Was really looking forward to using these but stuff ha",20815147,4,10,i9v88n
1597442005,2020-08-14 21:53:25,2020,08,[GB] Zygote Ergonomic Wireless Keyboard - GB Extended,"I'm running a group buy for the Zygote ergonomic wireless keyboard ([LINK HERE](https://southpawdesign.net/products/zygote-ergonomic-wireless-keyboard-group-buy) for the Zygote).   The Zygote keyboard is a wireless, QMK-compatible keyboard that can use Cherry MX, ALPS, or Kailh Low Profile ""Choc"" switches. Zygote was designed with ergonomics in mind.  It is powered by one or two CR2032 coin cell b",SouthPawEngineer,4,2,i9v6lz
1597441540,2020-08-14 21:45:40,2020,08,"[US-WA] [H] Paypal [W] Barebones Drop SHIFT, large switch tester",I'm looking for a Barebones Drop SHIFT and a large switch tester (70+ keys).,RocketSLC,1,3,i9v1qk
1597441517,2020-08-14 21:45:17,2020,08,"[EU-DE][H] Idobao ID80 Silver, OSA Sleeves, Custom Coiled Cable Grey USB-Micro B, 65% Polycarbonate Plate [W] Paypal",[deleted],[deleted],1,1,i9v1i6
1597441510,2020-08-14 21:45:10,2020,08,[Service] PizzaForce Keyboard Builds and Lubing,"Hey, I'm Pizza and I like to build keyboards.  I have been building keyboards and lubing switches for friends for the past year. Beyond that I just live my do it all engineer life. I have lubed over 5000 switches and have been selling some on here with only positive feedback. If you have asked for help in the mechkeys discord there is a good chance it was me who answered your question. I have work",PizzaForce1,9,1,i9v1fy
1597440779,2020-08-14 21:32:59,2020,08,[EU-PL][H] 90 x Gateron Silent Ink's [W] PayPal,"[Timestamp](https://imgur.com/a/QBLeReX)  ~~90 x Gateron Silent Ink's~~  **-  SOLD FOR ASKING**  **Condition -** Totally new, never used (coming from RAMA's U80-A Starter Kit).**Price -** €50 + Shipping (price depends on your location within the EU, but probably between €10-20). Shipping to the EU only.  Please comment before PM. Thank you! :)",nudny,1,5,i9uteh
1597440671,2020-08-14 21:31:11,2020,08,[US-IL] [H] PayPal [W] Rama M6-C Milkshake or Milk,Looking for a Rama M6-C in milkshake or just plain milk.   Comment down below first then PM plz.,mrazianz,1,1,i9us6r
1597440595,2020-08-14 21:29:55,2020,08,"[CA-BC] [H] KPrepublic Korean PBT Keycaps [W] PayPal, E-Transfer, Cash, or Cherry/GMK OEM Plate Mount Stabs","[Timestamp](https://imgur.com/yvdtx2V) (plastic display not included, just to display the key-caps)  [Up close pics](https://imgur.com/a/uBg5xKI)  The full name of this set is: kprepublic 139 Korean root black font Cherry profile Dye Sub Keycap PBT  Has not been used.  Paid $15.30 USD for this, don't need it anymore (didn't fit the build I'm going for anymore). Looking for $10 USD (or whatever equ",bl1ndguy0,1,6,i9urbh
1597440459,2020-08-14 21:27:39,2020,08,[US-CA] [H] PayPal [W] H1,I'm offering **$0.90/switch** (+ shipping) for un/lubed H1 switches in **good** condition.  [https://dailyclack.com/products/h1-switches?\_pos=1&\_sid=f90ce8545&\_ss=r](https://dailyclack.com/products/h1-switches?_pos=1&_sid=f90ce8545&_ss=r)  *Posted on 7/21/2020*,[deleted],1,5,i9upwc
1597440349,2020-08-14 21:25:49,2020,08,"[US-VA] [H] Keycult 1/60 Black and Teal, Artisans (ETF/Nightcaps, Others) [W] Paypal","CONUS Only  [Timestamp](https://imgur.com/a/LeTk4xm)  ~~Keycult 1/60 Black and Teal with Alpacas -~~ **~~$1700~~**~~. It's not FCFS, would prefer to sell to people with some reputation. For those local to Northern VA, zip code is 22124. If you have any questions feel free to ask in comments or pm!~~ **SOLD**  [Artisans](https://imgur.com/a/QrWIrnD)  ~~Convolvulus Fugthulhu - $150~~ **SOLD**  ~~R.B",riskymilk,2,9,i9uona
1597440238,2020-08-14 21:23:58,2020,08,[US-NJ][H] 80x SoHo Linear Switches (Stock Unlubed) [W] Paypal,"Timestamp [1](https://drive.google.com/file/d/1jvYU2waBnxJXJkCUQVA81F4lsqFgHdd0/)  &#x200B;  Sup m8ys, tgif!  As stated in the title I have **80x Switch Couture SoHo Linear Switches.** Each switch has been individually hand inspected for bent pins and all of them are operating as intended. They are stock, unused and unlubed. I'm offering:  **~~80x soho linears for~~** **~~$70 shipped~~** sold  Wil",inthemix1i,0,9,i9unek
1597440170,2020-08-14 21:22:50,2020,08,[EU-DE][H] PayPal [W] Black and White keycaps or GMK Monochrome,Hey  I really would like to get my hands on a set of or like GMK Monochrome. I even would buy two sets (EnjoyPBT has a WoB set so I would need BoW)  I want the set to be ABS and it can be with japanese characters.   Hope we find a deal!,Lord_Rabel,1,2,i9umon
1597440106,2020-08-14 21:21:46,2020,08,"[US-CA] [H] PayPal, local cash [W] GMK Cafe Base/Space/Rama enter, Matrix 1.2og in any color",,smezra12,1,3,i9ulx9
1597440058,2020-08-14 21:20:58,2020,08,[GB] Treasure chest - Artisan key cap. Drop sale ends in 10 hours!,"Hi guys,  Our sale for [Treasure chest](https://drop.com/buy/moon-key-treasure-chest-artisan-keycap/talk?mode=guest_open&vendor_key=791e38957313cad1eda3b04215ff0d49#discussions)"" Artisan keycap is ending in 10 hours!  Get your own treasure now! Thank you 😊",Moonkeycap198,1,1,i9ulej
1597439807,2020-08-14 21:16:47,2020,08,[IC] 40% Keyboard kit,[https://i.imgur.com/Wn6tNID.jpg](https://i.imgur.com/Wn6tNID.jpg)   [http://www.40percent.club/2018/01/4x4x4x4x4.html](http://www.40percent.club/2018/01/4x4x4x4x4.html)   I ordered 100 white [4x4 PCBs](https://github.com/di0ib/Misc/tree/master/4x4) which were designed by the [40 percent club](http://www.40percent.club/). I ordered them for a project I am making but decided to make a custom PCB of,navy2x,13,8,i9uiq4
1597439757,2020-08-14 21:15:57,2020,08,[AU] [H] WTB 65%/TKL Keyboard Case $400 budget,[removed],Tasty-Buddy,1,0,i9ui6v
1597439688,2020-08-14 21:14:48,2020,08,"[CA-BC] [H] ""Sumi"" themed coiled aviator cable [W] Paypal",[deleted],[deleted],6,3,i9uheu
1597439272,2020-08-14 21:07:52,2020,08,[US-TX] [H] GMK Hiragana WoB Micons [W] Paypal,"[Stamp](https://imgur.com/a/rrr67nI)  **SOLD**  $80 shipped in bag, bought from another user on here with a full set but I do not need them, I have not mounted them but they were open when I got them. Comment before pm, thanks.",kpopsensation,1,7,i9ucqn
1597439180,2020-08-14 21:06:20,2020,08,[EU-NL] [H] PayPal [W] Rama x Keycult Brass Keycap,"Hi, i'm looking for a Rama x Keycult Brass Keycap.",CyberdyneR1,1,1,i9ubpu
1597438877,2020-08-14 21:01:17,2020,08,[Artisan] Fraktal Kaps x GMK Dolch R5 - Raffle Sale and Giveaway!,"Ahoy Mechmarket!        Today I'm so excited to bring you a new collaboration with esteemed community elder u/LightningXI and his new GB: GMK Dolch R5! There isn't much to say about this keyset, other than it is a timeless classic, and a cornerstone of the mechanical keyboard community. I was honored to make some complementary artisans for it!     If you haven't already, head on over to the [GB Ge",HOBI3CAT,26,105,i9u8d4
1597438766,2020-08-14 20:59:26,2020,08,[US-CA] Brown retro keycaps I see everywhere on Aliexpress [H] Paypal,[removed],[deleted],1,3,i9u72f
1597438590,2020-08-14 20:56:30,2020,08,[US-NY][H]Frozen Llama Ducky w/Browns [W] PayPal,"[Timestamps](https://imgur.com/gallery/50EAosw)  Frozen Llama Ducky One 2 Mini with Cherry MX Browns. Purchased off of here from a user who hadn’t used it prior, box has only been opened by both myself and the previous owner. Comes with everything included in the box. Selling for $140.",melapade97,0,5,i9u53b
1597438465,2020-08-14 20:54:25,2020,08,"[KR] [H] Matrix2.0, KMAC 2, KMAC Mini, Orion V3, Hammer 80, SQUARE 80, QXP, Key65, J80 (JER-A06), Paypal [W] Iron 165, TGR Alice, Paypal","Timestamp  Matrix 2.0   [https://imgur.com/a/mZZSnVx](https://imgur.com/a/mZZSnVx)  &#x200B;  Hi everyone!  Am looking for Iron 165, Alice  and selling some boards  &#x200B;  &#x200B;  \[H\]  ■ Matrix 2.0 navy black, WKL, retooled cherry black, 55g custom spring, there is small ding in bottom corner.....................trade    [https://imgur.com/a/mZZSnVx](https://imgur.com/a/mZZSnVx)  &#x200B;  ",Morgan3Wheeler,1,29,i9u3rn
1597438379,2020-08-14 20:52:59,2020,08,[Artisan] Key Boutique - Online Store LAUNCH: In-Stock Coiled GX16 and YC8 Cables,"Hello everyone!     My name is Victor, and I've been a part of the mechanical keyboards community for many years now. It is really awesome to see this hobby/lifestyle grow so quickly!  I'm proud to announce the launch of our new website and store, [Key Boutique](https://www.key.boutique/). Currently, we will be focusing on making coiled keyboard cables, and have restocks every week. We will give y",_iAMtheVICTOR_,48,12,i9u2qh
1597437903,2020-08-14 20:45:03,2020,08,[US-FL] [H] Verified Paypal [W] cAPPA,[deleted],[deleted],1,1,i9txkc
1597437678,2020-08-14 20:41:18,2020,08,"[US-FL] [H] GMK Denim, GMK Analog Dreams, Drop HPs, XDA Oblique blanks, Durock stabs, Artisans [W] Artisans, PayPal","## [Big album timestamp](https://imgur.com/a/a0pg8zG)  Some stuff for trade. **Hard trades are bolded** and only [for priority items](https://docs.google.com/document/d/1jjKDFh6-hUVm5bdV_zFwkDS4WXQhfgoSiBzmtBG-Amo/edit#) (can complete with PayPal, or will ask for it).   Caps without prices are trade only [for my wishlist](https://docs.google.com/document/d/1jjKDFh6-hUVm5bdV_zFwkDS4WXQhfgoSiBzmtBG-",breakbeatzors,1,11,i9tv7o
1597437471,2020-08-14 20:37:51,2020,08,[US-CA] [H] Cheap artisans and artisan box bundle [W] Paypal,[deleted],[deleted],7,2,i9tsyy
1597437063,2020-08-14 20:31:03,2020,08,[GB] Last day to join the WongBox Mini! Ends 12am PST tonight.,"[**Introducing the MAK WongBox Mini!**](https://imgur.com/a/ZpCr73b)  Building off the huge success of the MAK WongBox, the Mini is a 3x3 premium 3D printed artisan case with an acrylic lid, great for holding small collections, sets and grail caps. Pricing starts at $20.99 for the case and $5.99 for the stand. Orders of three or more cases will receive a $5 discount!  [Pictures here.](https://imgu",wongstongs,2,1,i9tofd
1597436911,2020-08-14 20:28:31,2020,08,[CA-BC] [H] Paypal [W] 60% Ansi Plate Alu and PC,[removed],djsurfzz,1,3,i9tmrv
1597436881,2020-08-14 20:28:01,2020,08,"[US-CA] [H] GK61 [W] PayPal, Local Cash","[Timestamp](https://imgur.com/a/guM00bu)  Hello everyone!   I got a beginner hotswap board that I am trying to sell.   GK61 (hotswap)  - Price: $60 shipped, $50 local  - Status: SOLD   - Local (92808) prioritized first  - US shipping only  - Please comment PM before messaging",brianstormy,2,12,i9tmep
1597436746,2020-08-14 20:25:46,2020,08,[US-NY] [H] PayPal [W] Geo VT Deskpad,"Prefer new condition, will consider Used for a good price, please pm.",Shocalaka,1,1,i9tkys
1597436428,2020-08-14 20:20:28,2020,08,[US-CA] [H] Paypal [W] Black Drop ALT Low Profile w/ Keycaps. Switches are optional,Looking for a black low profile ALT with the default keycaps. Let me know if you have one with or without switches.,Playa-V,0,1,i9thdy
1597436393,2020-08-14 20:19:53,2020,08,"[US-TN] [H] Aviator/non-Aviator USB-C cables, KBDFans Tofu60 black case, Ducky x Varmillo Miya Pro Niagara [W] PayPal",[deleted],[deleted],3,13,i9tgye
1597435877,2020-08-14 20:11:17,2020,08,"[US-NJ] [H] GMK Blue Alert, BananaSplit 60 R1 [W] PayPal","[US-NJ] [H] GMK Blue Alert, R1 BananaSplit60  [Timestamp + pics](https://imgur.com/a/1M4mRxu)  Item | Description | Price   ~~GMK Blue Alert | Purchased from originative in 2017, opened but never used | $155 shipped~~sold for asking price BananaSplit60 R1 | Purchased direct from TheVan during original GB, presoldered and includes plate and stabs, never built on but tested | $110 shipped OBO",40oztothehogshead,2,11,i9tb9q
1597435788,2020-08-14 20:09:48,2020,08,"[US-WA] [H] Paypal, Venmo [W] 7u Wire, Gateron Black Inks, RT Cherry MX Black","&#x200B;  * Gateron Black Inks v2 stock or carefully lubed is ok. * Retooled Cherry MX Blacks stock or carefully lubed is ok. * ~~7u Stab wire, can purchase a kit too if you don't want to separate.~~  Need about 90 of the switches, can pay with paypal or with venmo if ur local to Washington.  &#x200B;  Thanks for reading.",etherxth,1,8,i9ta9w
1597435564,2020-08-14 20:06:04,2020,08,"[US-CA] [H] iKBC F108 - MX Red [W] Paypal, Realforce/Leopold Topre Boards","[TimeStamp](https://imgur.com/a/MyBjTSS)  Used for about 1 month. Black case, black caps and full RGB. Product [link](https://www.ikbckeyboard.com/product-page/f108). Do not have original box but have all original accessories and will be shipped in an iKBC C104 box.  Looking for Topre boards like Realforce 87U, R2 TKL, Leopold FC660C. Looking to purchase one so it doesn't necessarily have to be my",yamaha92,2,5,i9t7qj
1597435544,2020-08-14 20:05:44,2020,08,[CA-ON][H]Paypal/Local Cash (TO) [W] 1.25u bottom row Sun Type 5 U.S.A/Unix layout. Any profile,"I'm looking for any combination of keycap sets, regardless of number (i'm ok with getting a bunch of extras as long as I can end up with at least the ones i want). Note: for a 60% keyboard.  [See keymap (on git) here for a clear picture of what I'm looking for](http://www.keyboard-layout-editor.com/#/gists/117670584d00be4c0daae4b56db8d72d)  I'm not really set on price, but do note that getting the",Tj_h__,2,2,i9t7in
1597435497,2020-08-14 20:04:57,2020,08,"[USA-CA] [H] iKBC F108 - MX Red [W] Paypal, Realforce/Leopold Topre Boards",[deleted],[deleted],1,1,i9t6yz
1597435408,2020-08-14 20:03:28,2020,08,"[CA-BC] [H] KBDFans XDA Moon Landing PBT keycap set [W] Paypal, EMT",[Timestamp](https://imgur.com/a/2nuiFGP)  &#x200B;  KBDFans XDA Moon Landing for sale. Clone of godspeed ( to a degree lol)  &#x200B;  Comes with everything shown in the photo.   Used rarely for the last 4 months. No shine.  **$50USD/$65CAD + shipping**  &#x200B;  Thanks for viewing!,jupark,1,8,i9t5w9
1597435263,2020-08-14 20:01:03,2020,08,"[US-NJ] [H] GMK Blue Alert, R1 BananaSplit60",[removed],[deleted],1,2,i9t48k
1597434929,2020-08-14 19:55:29,2020,08,[US-MO] [H] GMK Crimson Cadet Base and symbols kit [W] Paypal,[Timestamp](https://i.imgur.com/fjiyCIX.jpg)  Both kits unopened. Simply do not need anymore.  ~~Asking $230 shipped CONUS~~ **SOLD**,AdamDaKing,1,4,i9t0m7
1597434460,2020-08-14 19:47:40,2020,08,"[US-CA] [H] Lagoon Spacebar, Artisan Wristrests [W] PayPal","[timestamp](https://i.imgur.com/m06Aoer.jpeg) [gallery](https://imgur.com/gallery/he4Hqlp)  Hey everyone! Getting rid of some excess stuff. Prices are somewhat firm, but feel free to DM except lowballs.   Local to 90006, can meet in LA or OC area. CONUS shipping included in prices.    Item | Description | Price ---|---|---- Hammer Lagoon Spacebar v1 MX 6.25u | Brand new in box, comes with sticker ",preston-reddits,11,6,i9svmi
1597434387,2020-08-14 19:46:27,2020,08,[US-PA][H] TESORO GRAM SPECTRUM TKL and DREVO Excalibur 84 [W] PayPal,[deleted],[deleted],1,5,i9suvr
1597434089,2020-08-14 19:41:29,2020,08,[US-CA] [H] PayPal [W] Rama U80 milk hotspot," Edit: hotswap 😅😅 iPhone autocorrect  Trying again, have $1400, let work something out.",kevinyvng,0,6,i9srnz
1597434087,2020-08-14 19:41:27,2020,08,"[US-TX] [H] PayPal [W] MT3 Serika Kits, DSA Drifter Shorty Space Bars, Boardwalk, Artisans","   Looking for the following:  MT3 Serika Kits: Ergo, Split Bars, F-Row  DSA Drifter: Shorty Space Bars, ISO  DSA Scientific: Alpha, TKL+Specialty, Ortho+40%, Numpad, Novelties, Colevrak  Keypora: Angriest Bird, Arc En Ciel  Dwarf Factory: Foodie Jerry Cheese (no OEM resin cover)  Hot Keys Project Accent Terminal: Caution Spacebars  Boardwalk PCB or built keyboards with hotswap or ZealPC switches ",Omnias-42,2,1,i9srn7
1597433793,2020-08-14 19:36:33,2020,08,[HK][H] GMK 8008 Base/POM Jelly/ GMK Metropolis Deskmat x2/ GMK 9009 Circle Deskmat/Fanoe [W] Paypal/GMK Striker/Dots/Cafe,[Timestamp](https://imgur.com/a/kP585bs)  Hello! On sale today:  |Item|Details|Price| |:-|:-|:-| |~~GMK 8008 Standard Kit (Base)~~|~~New - Unmounted and comes with packaging box.~~ [~~pic~~](https://imgur.com/a/8ItSEZz)|~~USD 320~~ Sold| |~~POM Jelly Rainbow~~|~~Unmounted.~~ [~~pic~~](https://imgur.com/a/a8H81xA) ~~for layout~~|~~USD 80 - RESERVED~~ Sold for asking| |~~GMK Metropolis Deskmat~~ **~,richeyedwards,3,46,i9sob4
1597433785,2020-08-14 19:36:25,2020,08,[US-TX][H]Paypal[W]Klippe S HHKB,"As titled, ultramarine prefered. Thank you!",gnholin,2,1,i9so81
1597433765,2020-08-14 19:36:05,2020,08,"[EU-PL] [H] PayPal [W] 70x lubed, black filmed 5 pin Cherry MX Reds",[deleted],[deleted],1,1,i9snyj
1597433304,2020-08-14 19:28:24,2020,08,[US-CA] [H] Paypal [W] Key65,"Hello mm.   Today I'm looking for a Key65 in any color, alu or polycarb, logo or no logo.   Looking forward to your offers. Please drop a comment before PMing (no chat please).  Cheers.",legendankry,5,2,i9sj07
1597433297,2020-08-14 19:28:17,2020,08,"[US-NJ] [H] PayPal [W] GMK Necro, GMK DMG, GMK Skeletor, GMK 8008",Looking for a few sets. I know Skeletor can be preordered now but curious to see if anyone has it from the first run. Thanks.,arelaxeddragon,2,14,i9six3
1597433283,2020-08-14 19:28:03,2020,08,"[EU-BE][H]E-yellow Canoe FE, kw1 bbv2[W]Paypal","[Timestamp](https://imgur.com/a/PZnfJFQ)  Hi,  Up for sale are Canoe FE and kw1 bbv2.  &#x200B;  **~~Canoe FE:~~**  ~~E-yellow, built with 55g FF switches and GMK stabs. Both lubed.~~  ~~Comes with gold-plated brass weight insert and e-yellow weight insert.~~  ~~Keycaps not included.~~ [~~sound test~~](https://www.youtube.com/watch?v=eEIcJJbylmk)  ~~Price: €650+shipping~~  &#x200B;  **Kw1 bbv2:** ",kingnestea,2,6,i9sirk
1597433250,2020-08-14 19:27:30,2020,08,"[CA-ON] [H] Paypal [W] Space Themed Deskmat, Topre DeskMat, Any Deskmat","I have come to the conclusion that I should stop hoping for a Keyclack Topre deskmat, so I will instead be looking for a space-themed mat if possible. Black/Grey with the drawing in white is my ideal color, but will look at pretty much anything  ~~Still looking for a desk mat, priority goes to the Topre Switch mat, but after that anything that even remotely matches what I'm looking for.~~  900 * 4",Labbed,2,1,i9sif6
1597433243,2020-08-14 19:27:23,2020,08,"[US-FL] [H] ePBT GOK WoB, Taihao Miami PBT+Extras Kit, x69 Lubed+Filmed+Spring Swapped (65g) Creams, Black Coiled USB-C Aviator Cable, Black Coiled USB-C cable [W] Paypal, KAT Alpha",[The Stamp For Time](https://imgur.com/gallery/On8XMzn)  I have a few things for sale.  I'm also looking to buy a set of KAT Alpha as I want to switch to KAT again.  **WANT:**  KAT Alpha Keycap set  &#x200B;  **HAVE:**  |~~ePBT GOK BoW PENDING~~|~~Comes in a bag. I'm including the blue and purple escape and backspace from PBT Muted. Includes a 7u NK Vaporwave spacebar.~~|*~~$140~~* ~~shipped~~ SOL,lawmanlocke,1,6,i9sibu
1597433076,2020-08-14 19:24:36,2020,08,"[US-CA] [H] Ducky One 2 Mini (Mx Brown) [W] PayPal, Local Cash",[removed],Torolero,0,2,i9sgi9
1597432973,2020-08-14 19:22:53,2020,08,"[US-TX] [H] Black and Blue Gray Polaris(not built or opened), Gmk 9009 r3, Gmk VoC [W] PayPal",[Timestamp](https://imgur.com/gallery/23NtDb7)  &amp;#x200B;  |Item|description|price|Availability | |:-|:-|:-|:-| |**Black HHKB Polaris**|brand new. Not opened or built.|$625|SOLD| |**Blue Gray HHKB Polaris**|brand new. Not opened or built.|$625|SOLD| |**Gmk 9009 r3**|brand new. Factory sealed.|$225 |Still available| |**Gmk VoC**|brand new. Factory sealed.|$225|Still available|  Prices do not inc,imillega1,0,19,i9sfb7
1597432699,2020-08-14 19:18:19,2020,08,"[US-VA] [H] Kailh Box Clicky Sampler Pack (10x Navy, Jade, Pink) [W] PayPal","[Timestamp](https://imgur.com/a/ZdO5k63)  ~~I've tried all of the Box Clicky switches and decided that Navy, Jade, and Pink are not for me. I've~~   ~~got 10 of each that I'm looking to get rid of. Perfect for someone to try in a hotswap board.~~  ~~(For the record, I decided that I prefer Noble Yellow and Glazed Green!)~~  ~~$10 shipped to the US.~~  SOLD",[deleted],2,2,i9sccv
1597432448,2020-08-14 19:14:08,2020,08,[US-LA] [H] Paypal/Venmo [W] Full size keyboard with Gateron Browns,[removed],SodaSnake,1,2,i9s9j1
1597432389,2020-08-14 19:13:09,2020,08,[US-AZ] [H] PayPal [W] MkUltra Hi-ProPlanck case and plate foam.,"Just looking for the foam, preferably 4mm case and 2mm plate, but any sizes would work. Color doesn't matter. It isn't in stock right now and I'm impatient.  *Not Planck EZ foam*  **high pro compatible foam only**  PM me your offers",goosebill,2,4,i9s8r0
1597432294,2020-08-14 19:11:34,2020,08,"[US-VA] [H] Zilent 62g, tactile switch samples [W] PayPal",Timestamp: https://imgur.com/a/VdY9OW7   Hi MM – I recently built my first mechanical keyboard and have several left over switches accumulated during my quest to find the ideal tactile switch (I settled on Zilent 62g). $25 shipped CONUS for the following package:    - 12x Zilent 62g  - 1x T1 62g  - 1x T1 65g  - 1x T1 67g  - 1x Outemu Ice 55g  - 1x Outemu Ice 62g  - 1x Outemu Ice 68g  - 1x Outemu S,absolut0k,1,4,i9s7se
1597432259,2020-08-14 19:10:59,2020,08,[US-CA] [H] paypal [W] cheap keycaps,Title says it all. Max im willing to spend is 30$,aakashxsriram,2,4,i9s7es
1597431400,2020-08-14 18:56:40,2020,08,"[US-TX][H] Jelly Key, Dusty Caps, and VN Keycaps [W] Paypal, Legendary Castles Skypiea","Timestamp:  [https://imgur.com/gallery/z3zfk7R](https://imgur.com/gallery/z3zfk7R)   If anyone wants more pics, please ask  Zoro Samurai spacebar 6.25u OEM profile $130   &#x200B;  Dusty Caps Planet Mercury $60  &#x200B;  Jelly Key Jingle Key 1u Cherry keycap $55  &#x200B;  Prices are negotiable please pm me  Shipping not included, but I will ship internationally",Howsmydriving101,1,3,i9rxoo
1597431233,2020-08-14 18:53:53,2020,08,[CA-ON][W] Unbuilt kits 65% to 80% (TKL) [H] Paypal,[removed],uwpeon,1,1,i9rvvm
1597431076,2020-08-14 18:51:16,2020,08,[US-MA] [H] PayPal [W] GMK RED SAMURAI BASE KIT,"Hello everyone,  I'm looking for the GMK Red Samurai base kit/1800 kit for my Idobao ID80 keyboard, if you know anyone that has it or if you know a GB that's coming up let me know. I'm new into the keyboard world and I'm just trying to figure things out.",KrisHasGame,3,8,i9ru3k
1597430781,2020-08-14 18:46:21,2020,08,"[US-FL] [H] PayPal [W] 60/65 Hotswap, Linear Samples",[removed],ylor_ardor,1,3,i9rqw6
1597430745,2020-08-14 18:45:45,2020,08,[US-CA] [H] PBT 9009 Everglide Arc Keycaps [W] Paypal,"[Timestamp](https://imgur.com/Dv4WMxx)  Hello mm,   Selling these PBT profile keycaps that I used for about a week. Comes with everything seen in the amazon link.    \- Everglide Arc 9009 Keycaps (used for a week, no shine and comes with everything included: [https://www.amazon.com/gp/product/B0811M52NQ/ref=ppx\_yo\_dt\_b\_asin\_title\_o02\_s00?ie=UTF8&psc=1](https://www.amazon.com/gp/product/B081",nxteee,2,3,i9rqhg
1597430542,2020-08-14 18:42:22,2020,08,"[US-CA] [H] GMK Analog Dreams Base, Cyan Niu Mini (0305 Millmax) [W] PayPal, Local",[deleted],[deleted],1,6,i9ro6w
1606262198,2020-11-24 23:56:38,2020,11,[US-CA] [H] Tofu 65 case only in black [W] PayPal,[removed],[deleted],0,4,k0gusm
1606262042,2020-11-24 23:54:02,2020,11,[US-CA] Tofu65 case only in black [W] PayPal,[removed],Guilty_Shoulder,1,1,k0gt9h
1606261848,2020-11-24 23:50:48,2020,11,"[US-FL] [H] GMK Olivia++ light & spacebars, Olivia++ dark & spacebars, Bliss deskmat x2 [W] GMK Olive, Paypal",[Timestamp](https://imgur.com/a/JA68WU5)   &nbsp;  Looking for new GMK Olive and spacebars. WTT Olivia++ dark & spacebars (sealed) for sealed Olive and spacebars if anyone has that by any chance.  &nbsp;  ~~GMK Olivia++ Light & Spacebars (sealed) - $375 shipped~~ -  (sold for asking price) ~~bundle with deskmat for $420.69 shipped~~  &nbsp;  GMK Olivia++ Dark & Spacebars (sealed) - $350 shipped - ,objex,2,10,k0gr8h
1606261735,2020-11-24 23:48:55,2020,11,"[US-WA][H] Acrylic Alice + PCB, Vintage MX Browns [W] Paypal","[~~timestamp~~](https://imgur.com/a/3daNfGm)  ~~Selling some stuff that has been lying around for a while~~  **~~AKnyang Acrylic alice - $260~~**  * ~~A while ago, COVID delays happened and, this ended up sitting in a box for a while~~ * ~~Matte white, clear plate and bottom. This is what it would look like built:~~ [~~slightly different color built~~](https://www.youtube.com/watch?v=QiSSDG_QCQ0) ",aceofspades_____,0,7,k0gq2w
1606261712,2020-11-24 23:48:32,2020,11,[US-MO] [H] XDA Mito Canvas Rams Alphas and Bauhaus Micon Modifiers Bundle | Bongo Cat Keycap | Adventure Time Tree House Sunset Extended Deskmat / Mousemat | Yellow and White Coiled USB C Aviator | Big White Square Deskmat / Mousemat [W] Paypal / Other Bongo Cat - Rama Heavy Industry,[deleted],[deleted],2,5,k0gpuz
1606261677,2020-11-24 23:47:57,2020,11,"[US-NY] [H] Unbuilt green Maja ergo w/ extras, GMK Nautilus Nightmares BNIB, PayPal [W] GMK Olive, PayPal","Timestamp: [https://imgur.com/a/SA5SSVt](https://imgur.com/a/SA5SSVt)  Selling:  Green Maja Ergo with extras, never built, comes with two solder PCBs and a brass plate - $545 shipped - AVAILABLE  GMK Nautilus Nightmares, BNIB - $195 shipped - AVAILABLE  Also looking to use PayPal to buy GMK Olive",csrob,0,4,k0gphf
1606261588,2020-11-24 23:46:28,2020,11,"[US-NY][H]Paypal, Local cash [W] TS100 iron and tips","ZIP is 11741 for local.   Looking to buy a used TS100 and tips (and power supply if you have it) to save a bit on MSRP. Prefer local since I can save on shipping, but will still do shipped. Thanks",AssCon,1,2,k0gokx
1606261438,2020-11-24 23:43:58,2020,11,"[US-CA][H] Grey Maja keyboard, Gmk spirit base and novelty [W] Trade, Paypal/Venmo","[timestamp](https://imgur.com/a/nU3rkEK)  >***Gray Maja keyboard*** \- built few hours ago, First time tried this layout but cant get used to the layout.It is flawless, as new. it will not come with any switches nor keycaps.it comes with 1 hotswap pcb, 1 solderable pcb, 2 brass plates, 2 pcb foam.It is currently built with hotswap pcb and brass plate. It comes with modded durock stabs.I am looking",junwon9710,0,2,k0gn17
1606261236,2020-11-24 23:40:36,2020,11,[US-CA] [H] 69x Milky Gateron Yellow Lubed w/ Krytox 205g0 [W] Paypal,"[Timestamp](https://imgur.com/a/K7R7y4D)  69x Gateron Milky Yellows lubed with Krytox 205g0  Been soldered and desoldered ONCE and never used thereafter  **Asking for $35 shipped OBO** SOLD!  Comment before PM, ty.",sophisticatedbeaver,4,4,k0gkzt
1606261156,2020-11-24 23:39:16,2020,11,"[US-MA] [H] Hansung TFG Art, Glint & Turq Taka Artisans [W] Paypal","[Timestamp](https://imgur.com/a/SCgfKdu)  Hi guys,  Looking to sell the following items (**All CON-US Only**)  **~~Hansung TFG Art TKL Hotswap - $130 + Shipping~~** **- SOLD**  * ~~Comes with Art Box Brown Switches and Original Keycaps~~ * ~~Includes all original accessories (lube, keycap puller, switch puller, keyboard cover), except USB C Cable. I also changed the stabs to be genuine cherry plat",JURiven,3,2,k0gk7c
1606260918,2020-11-24 23:35:18,2020,11,[US-CA] [H] 70x Lubed and Spring Swapped YOK Polar Holy Pandas [W] PayPal,"[Timestamp!](https://imgur.com/mCfUr6Y)    **Please read everything and comment before PM, thanks!** Chats requests and PM's without comments **will be ignored.**    Got a pack of YOK Polar Holy Panda switches for sale. This should be enough to fill up to any 65% keyboard.    ~~70x Lubed and Spring Swapped YOK Polar Holy Panda's - **$95 shipped**~~ **SOLD** 88x to /u/aznkumdo    Each individual sw",itchikneesan,2,3,k0ghtc
1606260834,2020-11-24 23:33:54,2020,11,[US-FL] [H] Austin R2 E-White [W] Paypal,"[Timestamp](https://imgur.com/xP3nMsm)  CONUS ONLY, can meet up if local to Clearwater, FL  Comment below before PM  Don't comment ""PM"" and reddit chat me, I'll kindly ignore it  &#x200B;  |Item|Price|Availability| |:-|:-|:-| |Austin R2 - A stock, Unbuilt, E-White. Comes with 3 plates (brass,  polycarb, carbon fiber), 2 PCBs, Austin pin and sticker, some hardware,  Drift Mechanics cloth.  It has n",Hamtar0_,1,4,k0ggwp
1606260613,2020-11-24 23:30:13,2020,11,[US-CA] [H] Space65 R2 Cybervoyager Stormtrooper W/ Extras E-White Badge & Acrylic LED Badge[W] PayPal,[deleted],[deleted],5,22,k0geib
1606260370,2020-11-24 23:26:10,2020,11,"[US-MD] [H] Brass-plated Reviung39, Ortho48, ortho w/ big spacebar, Corne, Keyforge Orochi [W] Paypal, Orochi for trade only","[Timestamp](https://ibb.co/album/Q7BkV1)  *Reviung39 with brass switch plate - $120 shipped CONUS*  * kailh hotswap socket, elite c * durock purple stem 67g linears * clear acrylic bottom plate w/ clear rubbery bumpons  *~~Cannonkeys Ortho48 - $80 shipped CONUS~~*  * ~~custom translucent 3d printed case, lil janky and everything is hot glued together~~ * [~~partly gateron silent blacks, partly kai",opsecpanda,4,9,k0gc0v
1606259984,2020-11-24 23:19:44,2020,11,[USA-MN] [H] Ducky x Varmilo MIYA Pro Panda White LED 65% Dye Sub PBT Mechanical Keyboard with cherry mx clears. [W] PayPal,[removed],BDH99,1,2,k0g7tt
1606259860,2020-11-24 23:17:40,2020,11,[US-ME] [H] Keyforge blood spectre Shishi [W] Paypal,https://imgur.com/a/uPgwCYv  Looking for $110 shipped in CONUS. Thanks!,zenless8,7,1,k0g6ik
1606259638,2020-11-24 23:13:58,2020,11,[US-FL] [H] 100x Dogikon Switches BNIB stock [W],"[timestamp](https://media.discordapp.net/attachments/765622522032947280/780924566864003112/image0.jpg?width=1696&height=954)  Someone on the MechMarket Discord annoyed me by haggling over my _extremely_ fair price, so I'm listing them here for ~~**$66 shipped CONUS**~~ **sold for asking**. That would net me $0 (I might actually lose $1-2 after G&S, but whatever).  Brand new, only opened for pics. ",breakbeatzors,6,7,k0g4ck
1606259616,2020-11-24 23:13:36,2020,11,[US-CT] [H] Rama Works U80-A MILK w/ Extras [W] PayPal,[**Timestamp**](https://imgur.com/gallery/e83jEhb)  After months of deliberation I have decided to part ways with this board and not keep it. It has never been built and has only been taken out of the box twice once for inspection and another to take the timestamp.  **\*\*CURRENTLY NOT WILLING TO SPLIT UP EITHER OF THE BUNDLES.**  &#x200B;  |Item|Description|Price|Available?| |:-|:-|:-|:-| |**Rama,RedCSE,0,2,k0g44x
1606259134,2020-11-24 23:05:34,2020,11,"[US-CA] [H] Lubed & Filmed: Black Ink V2, Cream [W] PayPal Selling",[Timestamp](https://imgur.com/a/yvwMSah)    Prices include PayPal and shipping fees (CONUS)   International buyers cover shipping expenses - PM for estimates       **Switch sales cannot be confirmed as per r/mechmarket rules** > Bulk sales of more than 10 of the same or similar items to different users may not be confirmed.     --- | **Switch** | **Price (USD)** | **Quantity** | **Status** | |----,thebidof,0,3,k0fz72
1606258477,2020-11-24 22:54:37,2020,11,"[UK-EU] [H] Paypal, Local Cash [W] ENJOYPBT BLACK JAPANESE 148 KEY KEYSET",[removed],[deleted],1,0,k0fsdz
1606258433,2020-11-24 22:53:53,2020,11,"[US-CA][H] PC Klippe Kit, Alpacas, Modded Creams, BoW Artkey Bull [W] PayPal/Trades","**Timestamps** : [https://imgur.com/a/N9PH7tc](https://imgur.com/a/N9PH7tc)  **Comment before PM, all prices include shipping.**  **Reasonable offers accepted.**  &#x200B;  |Item|Description|Price| |:-|:-|:-| |**PC Klippe Kit**|PC Klippe Case + Plate, desoldered AN-C V2, Durock Stabs included.|**$260**| |**67 Alpaca Switches**|Spring Swapped with 63.5 Slow Springs, Filmed and Lubed with Krytox 205",TheDrewscriver,5,4,k0fruz
1606258318,2020-11-24 22:51:58,2020,11,"[US-WA] [H] GMK Mizu, GMK Olivia++ Dark, GMK Lime [W] Paypal","[Timestamp](https://imgur.com/a/TZXQoGs)  Hello, friends! Looking to sell a few GMK sets - base kits only. No trays. Prices do not include shipping.   ~~**GMK Mizu** - $330 - minimal shine~~ SOLD  ~~**GMK Olivia++ Dark** - $240 - only typed on for a few minutes, no shine~~ SOLD  ~~**GMK Lime** - $140 - Minimal use, no real shine~~ SOLD  I looked around for market value and this is what I've settle",Quakemz,11,24,k0fqo9
1606257866,2020-11-24 22:44:26,2020,11,"[EU-UK] [H] KBD8X MKII Polycarb case, Paypal [W] KBD8X MKII case Deep Blue",[removed],martinb_,1,2,k0flx4
1606257416,2020-11-24 22:36:56,2020,11,"[US-OR] [H] GMK Cafe Base BNIB, Prime_E 45% Ergo keyboard, Custom Aries Deskmat [W] PayPal","Hey friends!   Selling a few things here LMK if you have any questions, comments, or concerns!  Timestamp album: https://ibb.co/album/S48W0Y (ignore mouse)  Cafe Base BNIB (factory sealed)-  300+ shipping  Prime_E - 145 + shipping   silent bobas stock, P3D case, Durock screw ins lubed.   Bought from another user on here so I’ll sell for cheaper than I bought. Not my style.  Soundtest - https://you",Throwawayyyy69420420,1,3,k0fh22
1606257310,2020-11-24 22:35:10,2020,11,"[US-CA] [H] PC Maja [W] PayPal, Venmo, Cash",[deleted],[deleted],0,1,k0ffvd
1606257282,2020-11-24 22:34:42,2020,11,[US-PA][H] PayPal GS [W] Ortholinear keyboard,"Interested in trying an ortholinear setup. Preferences in order of highest to lowest.  • hotswappable  • w/ case (as opposed to just the pcb)  • w/o switches and caps   but will entertain all PMs. Pictures not necessary until I am interested, for those who see this while not by the keeb.  Thanks for your time!  EDIT: Ended up with u/anoclew selling me their viterbi. Thanks y'all.",TaitheThai,2,8,k0fflu
1606257205,2020-11-24 22:33:25,2020,11,"[US-IL][H] PayPal, local cash [W] 60 - TKL Pre built or kit",[removed],SuddenMastodon,1,0,k0fepl
1606257043,2020-11-24 22:30:43,2020,11,"[CA-QC] [H] Rama U80-A Milk, GSK Zed taro, Pokemon S-Craft R1 starter artisan [W] Paypal","Hello,  [U80 Rama Milk timestamp](https://imgur.com/a/V38kqyh)  [Artisan timestamp](https://imgur.com/a/s7wG9vK) (GSK Zed + Pokemon starters)  I am looking to sell this Rama U80-A Milk for $1150 USD + Shipping or OBO.  It was built and used for a week. The Rama on the exterior looks flawless but inside has 2 blemishes that was covered with white paint by Rama. None of that can be seen when built. ",Luxo-,2,9,k0fd15
1606256861,2020-11-24 22:27:41,2020,11,[US-CA] [H] Fully built DZ60 with extra aluminum plate [W] PayPal,[removed],[deleted],1,4,k0fb28
1606256805,2020-11-24 22:26:45,2020,11,"[US-MD][H] M65-A Black, ETF Smegface [W] Paypal",[Timestamp](https://imgur.com/a/AO4zJfM)  ~~Today I have for you a near mint black M65-A from the GB back in 2017 up for sale. It's built with 67g lubed Ergo Clears. It has a nylon bottom to show off the wonderful underglow. It has the QMK PCB and a nice polished brass weight. I have the original box as well to help entice the sale! Asking $650 plus shipping.~~ Sold.  I also have a The Lepidopteri,RyuDragoon,18,12,k0faj3
1606256752,2020-11-24 22:25:52,2020,11,[US-NE] [H] Artisans (BOB Gengar) [W] Paypal,"Timestamp: [https://imgur.com/a/MjXm5CP](https://imgur.com/a/MjXm5CP)  Hi MechMarket,  CONUS only  Comment then PM, Thanks!  |Item|Description|Price| |:-|:-|:-| |**BOB Gengar (1)**|(June Blind Box) Mounted once for a picture, will come with the included card from BOB.|$80 shipped| |**BOB Gengar (2)**|(June Blind Box) Never mounted, has a mark/scuff on one of the teeth, but isn't that noticeable wh",Not_Tix,3,1,k0f9xh
1606256673,2020-11-24 22:24:33,2020,11,"[US-OR] [H] GMK Cafe Base BNIB, Prime_E 45% Ergo keyboard, Custom Aries Deskmat, Logitech G305. [W] PayPal",[removed],Throwawayyyy69420420,0,2,k0f91g
1606256626,2020-11-24 22:23:46,2020,11,[GB] Function96v2 - A Premium Option for a Compact Numpad Keyboard - Ends Nov 29th!,"[GB Form](https://forms.gle/SKtEQnMUu12BG11G7), open until the 29th  [Discord Server for Updates](https://discord.gg/C7GZgUu)  [Album of V2 Renders and V1 Completed Boards (Check out the Guncandy, it's gorgeous)](https://imgur.com/gallery/IVDZUP3)  [Album of V2 PCB and Mounting](https://imgur.com/gallery/wjGgCyU)  [Type Test \(Courtesy of Karl\)](https://youtu.be/I4b3zf8fJ50)  [Build Stream and Ty",JuanTapMan,6,2,k0f8ic
1606256393,2020-11-24 22:19:53,2020,11,[USA-MN] [H] Ducky x Varmilo MIYA Pro Panda White LED 65% Dye Sub PBT Mechanical Keyboard [W] PayPal,[removed],BDH99,1,2,k0f5xf
1606256331,2020-11-24 22:18:51,2020,11,[US-OH][H] Magicforce 68 cherry mx whites [W] Paypal,[removed],[deleted],1,3,k0f59y
1606256280,2020-11-24 22:18:00,2020,11,"[US-OH] [H] Paypal, local cash [W] 1.2mm 60% pcb","looking to buy a 1.2mm no flex cut pcb for my 60%, needs to have jst and VIA support is preferred :) local is 43537",Nuclear-Nachos,1,1,k0f4pm
1606255987,2020-11-24 22:13:07,2020,11,[US-OH][H] Pok3r mx clears [W] Paypal,[deleted],[deleted],1,3,k0f1jo
1606255822,2020-11-24 22:10:22,2020,11,[US-CA][H]Oblivion Assembly Kit[W] PayPal,"[timestamp ](https://imgur.com/gallery/ySEyi6I)  Looking to sell my oblivion assembly kit, used for a few days, looking for  $160",bigyikers1,1,11,k0ezqu
1606255636,2020-11-24 22:07:16,2020,11,[US-FL] [H] Keycult no1/60 rev1 (with extras) + Keycult 60% Brass Wrist Rest [W] Paypal,[HELLO!](https://imgur.com/gallery/vFv3L76)  I’m selling off my Keycult no1/60 rev1 (white/brass) and Keycult 60% brass wrist rest:  * Built with turquoise tealios with gateron milky tops springs from full milky yellows (lubed with 205g0 and filmed with THICC films) on pc half plate. * Extra Brass plate * Extra WT60-A PCB  Brass wrist rest is used and has patina (but that’s the point isn’t it?)  2,nikg11,0,8,k0exlz
1606255353,2020-11-24 22:02:33,2020,11,[EU-SE] [H] Tai-hao Exotic Layout pbt doubleshot keycap set ISO Danish 105 keys [W] Swish/Mobilepay/Paypal,[removed],[deleted],1,0,k0euef
1606255010,2020-11-24 21:56:50,2020,11,[US-NY] [H] PayPal [W] Duck Viper/Eagle v3 Full Plate,"Hi,  Looking to buy a full plate, aluminum or steel, for a Duck Viper/Eagle v3.",g_freeman11898,1,1,k0eqp8
1606254805,2020-11-24 21:53:25,2020,11,"[US-MA][H] PayPal, Local Cash [W] Tofu 60% Al/PC/CF Plate Only, Boring + Inexpensive GMK Cherry Profile Keycap Sets","I need a spare plate or two for a Tofu 60% board with a 2.25U left shift and I don't want to pay $18 to ship it from China. I'd like the Aluminum, Polycarbonate, or Carbon Fiber plates, not the Brass plate unless you want to sell it to me for < $20 :-).   As for the GMK sets, I'm basically looking for a couple of additional sets to use as I try out boards with different switch types so I don't hav",davybyrne,3,1,k0eoht
1606254776,2020-11-24 21:52:56,2020,11,[US-CA] [H] WhiteFox Kailh Bronze [W] PayPal,"Hi MechMarket,  Current Timestamp and original image: [https://imgur.com/a/K3siXLD](https://imgur.com/a/K3siXLD)  Reposting this all the way from back in March. The original buyer committed to buying it but just went silent and I forgot all about it.  Surplus to requirements is my Whitefox, carry case, feet and spare keys. Great condition with minimal signs of use. Has been sat in it's case since ",atribecalledjake,3,6,k0eo64
1606254565,2020-11-24 21:49:25,2020,11,"[US-CA] [H] KBDFans 5 degree build in Ink Blue with DZ60 Mini-USB, KBDFans Brushed brass plate, Aqua Zilents 62g, Lubed Durock Stabs, and Rubber audio bumpers [W] Paypal, Drop Shift, Local","[timestamp](https://imgur.com/a/B0OwN5F)  Hello, I am selling a KBDFans 5 degree build in Ink Blue. I built this for my mom, but it was way too small for her. She has only used it for a hour or so.   It has:  KBD 5 Degree case in Ink Blue  DZ60 PCB with a mini-usb and underglow.   Aqua Zilents 62g   Durock Stabilizers lubed w/ Krytox 205g0    KBD Brushed brass plate   It's loaded with VIA firmware",bettamommy,2,3,k0elu7
1606254542,2020-11-24 21:49:02,2020,11,"[Vendor] KeebMeUp.com Current Inventory | Alps Switches (SKCM Blue, SKCL Green, SKCL Lock) | USB Converted Alps Keyboards | USB Converted Space Invader Keyboards | Topre Realforce 91UG-S | Alps Keycaps | Alps Stabilizers | & More!",[deleted],[deleted],0,1,k0elkr
1606254525,2020-11-24 21:48:45,2020,11,[US-CA] [H]GMK Olivia++ Dark Base Kit [W]Paypal,"[Timestamp ](https://imgur.com/a/VjMx32j)   Hello, I am selling an opened GMK Olivia++ Dark Base kit. This set is lightly used (used for a week) and has zero to minimal shine. Let me know if you have any questions! Please comment and then PM me.  Price: $275 shipped **SOLD**",hi-im-evo,1,7,k0eleh
1606254522,2020-11-24 21:48:42,2020,11,"[US-MN] [H] GMK Serika, GMK Peaches & Cream, Red Inks [W] Paypal, Kyuu","[Timestamp](https://imgur.com/a/ZLShxo8)  \_\_\_\_\_\_\_\_\_\_\_\_\_\_\_\_\_\_\_\_\_\_\_\_\_\_\_\_\_\_\_\_\_\_\_\_\_\_\_\_\_\_\_  Why wait a year for Serika? You know you want it now. Everyone knows Olivia was way cooler before ++.  GMK Serika - $345 Shipped in Trays  \_\_\_\_\_\_\_\_\_\_\_\_\_\_\_\_\_\_\_\_\_\_\_\_\_\_\_\_\_\_\_\_\_\_\_\_\_\_\_\_\_\_\_  Summer is long gone, but that shouldn't sto",_M0ON_,7,17,k0eldk
1606254507,2020-11-24 21:48:27,2020,11,"[US-WA][H]ePBT Venice Keycaps, 110x Drop Holy Pandas, Mistel Sleeker TKL [W]PayPal","[Timestamp](https://imgur.com/a/lBMP3MI)  Hi everyone, got some stuff to offload. US only, sorry!  Mistel Sleeker - This board has Drop Holy Pandas, lubed with Tribosys 3203. Looking for $270 shipped.  110x Drop Holy Pandas - Lubed with Krytox 205g0. $170 shipped  ePBT Venice Keycaps - Comes with all the keycaps in the photo. Should be everything in the original set. Only used a few times.. Not a ",aarondeister98,1,4,k0el6t
1606254491,2020-11-24 21:48:11,2020,11,"[CA-QC] [H]Black Leaf80 WKL TKL,GMK Rainbow, GMK Olivia++ Dark Base,Olivia Deskmat, Desoldering Gun, Yarbo Cable, Artisans (Albumen, Last Pilot etc) [W] Trades, Paypal, Local",[deleted],[deleted],2,4,k0el0b
1606254352,2020-11-24 21:45:52,2020,11,"[USA-CA] [H] 5 Degree Ink Blue build w/ DZ60 mini-USB Aqua Zilents and lubed Durock stabilizers, blue mini-usb included [W] PayPal, Local, Drop Shift barebones or full build",[removed],[deleted],1,3,k0eji8
1606254343,2020-11-24 21:45:43,2020,11,"[US-NV] [H] All Black WKL e8.5, GMK Camping R1 [W] GMK Coniferous, GMK Handarbeit, PayPal","[Timestamp](https://i.imgur.com/YVg87hL.jpg)  Have:  | Items | Price | Description | |-----------|------------|------------| |[All Black WKL e8.5](https://imgur.com/a/IKXsa5k)|$725 Shipped|Black badge, accent, and weight. Includes 2 O-ring gaskets. Currently built with PC plate, foam center, and lubed v2 Tangerines 62g. Comes with extra alu plate and pc badge. (Keycaps not include - can desolder f",SgtNeilDiamond,2,6,k0ejet
1606253767,2020-11-24 21:36:07,2020,11,"[CA-ON][H]GMK Laser Mitowaves, SA Laser, TKL, Planck, Holy Laser switches, Tofu 65 case, DZ65RGB, Tofu 60, DZ60RGB, & more[W] Paypal, Local Cash","Timestamp https://imgur.com/gallery/mPxJKIP  https://imgur.com/gallery/XToVR91   Good afternoon, I have some extra parts for sale. Prices in USD, Including shipping to USA, Canada. International shipping available at additional cost. Please comment before PM, Thanks for stopping by!  -KBD67V2 mkii Ink Black Polycarbonate Hot Swap PCB Brand New $400 shipped  -GMK Laser Mitowaves Novelties Brand New",lloyjm,0,10,k0ecyy
1606253705,2020-11-24 21:35:05,2020,11,"[EU-UK] [H] GMK Bingsu, GMK Umbra, GMK Ursa, Cysm Dolch Gabbana Noic, Tangerine Switches, Kiwi Switches [W] PayPal",[deleted],[deleted],0,9,k0ec7c
1606253662,2020-11-24 21:34:22,2020,11,[EU-NL] [H]Paypal [W]Alice/Rukia,"Hello,   I am looking for Alice/Rukia style keyboard. My preference:  1. Already built one, with tactile switch (Cherry MX, Gateron, doesn't matter, does not have strong preference, but prefer it tactile) 2. If you don't have an already-built one, but have an unbuilt kit instead, it is also fine. Do you also want to sell it with the switch? That would be even better.  3. If you have Alice, frosted",SirKhamenman,1,12,k0ebpg
1606253475,2020-11-24 21:31:15,2020,11,[US-TX][H] PayPal [W] Mt3 Serika 40's Mods Kit,[deleted],[deleted],1,1,k0e9kz
1606253394,2020-11-24 21:29:54,2020,11,"[US-CA][H]GMK Terminal, Hydro, Solarized Dark, Taro, Penumbra, Nautilus[W] Paypal, Trades","[Timestamps](https://imgur.com/a/gprPyjh)   Hello, I have some GMK sets for sale or trade. Prices include CONUS shipping. If you're oUS, shipping is extra. Priority goes to trades. Set(s) will be shipped in original packaging (can also ship in a bag -$10). PM interested.  Happy Thanksgiving, Stay safe.   Name| Condition| Price| Available? ---|---|----|---- [Terminal](https://imgur.com/v3ROwe9) | N",GunplaAddict,0,18,k0e8mt
1606252952,2020-11-24 21:22:32,2020,11,"[US-CA] [H] TKC Islander Investor Deskmat (blue) [W] Paypal, Trade","Hello, sadly the mat doesn't fit on my desk (should've checked).  [Timestamp](https://imgur.com/a/7tELaHF) (brighter in person)  $50 + shipping   OR trade for similar colored/smaller desktmat  (preferred)",Drjenky,2,1,k0e36y
1606252795,2020-11-24 21:19:55,2020,11,[US-MD][H]paypal [W] gmk striker,[deleted],[deleted],0,1,k0e1g9
1606252274,2020-11-24 21:11:14,2020,11,[US-NY] [H] PayPal [W] GMK VoC,[removed],A-guy-named-Steve,1,0,k0dvmo
1606252129,2020-11-24 21:08:49,2020,11,"[US-CA][H] Finer Things Rama, GMK Merlin, Lubed OA, Lubed Alpacas, Lube Station [W] PayPal","[timestamp ](https://imgur.com/gallery/KWwhuNe)  Looking to sell the following  ~~-[BNIB] GMK Merlin Base Kit - $240~~  -[BNIB] Finer Things Rama - $160  ~~-70x Lubed Alpacas  -$90~~  -70x Lubed OA Switches -$90  -3D Printed Lube Station -$20  Please comment before pm, no chats please",ineffability1,0,3,k0dtyj
1606251998,2020-11-24 21:06:38,2020,11,[Giveaway] Mechfashion sleeves,>**UPDATE (28th of November):**   >   >**The winners are:**   >   >/u/aviarx    >   >/u/Synclash   >   >**Congratulations!**   >   >I will sent you PM today. :)   >   >Thank you to all participants! More giveaways in the future!  Hi! :) Peter from Mechfashion here with another giveaway for you!  I am giving away **2x 60% keyboard sleeve - SpaceX/NASA and Cyberpunk 2077.**  The giveaway will remain,Pitrek7,79,364,k0dsdi
1606251882,2020-11-24 21:04:42,2020,11,[US-FL] [H] PAYPAL [W] Bezerk 2.0 keycaps,[removed],[deleted],1,0,k0dr1t
1606251679,2020-11-24 21:01:19,2020,11,[US-CA] [H] ZSA Moonlander Ergo Keyboard / White/ Kailh Box Brown - [W] PayPal/Zelle/Venmo),"SOLD [Pic of items + Timestamp](https://imgur.com/a/lykoO0m)  Moonlander Ergo Keyboard. All items as received. Got it a week ago, used it for about 5 days. Love everything about it but the columnar keys.  Deets:  *Moonlander WHITE   *Kailh Box Brown Switches   *Extra keycaps for F,J,[blank]   *Hex wrench for tightening tilt and cluster legs   *2(?) ft TRRS cable, with wonderfully top shelf velcro ",labzfz,2,8,k0dor0
1606251592,2020-11-24 20:59:52,2020,11,"[US-NY][H]Ducky Chocolate, Artisans, Think6.5 Badges, Keychron K2 [W] Paypal","[timestomp](https://imgur.com/gallery/emsmO1T)  Selling a few things, only in the lower 48 US.  Keychron K2- $60 NOT HOTSWAP, has blues  Think Badges- $45 for both SOLD SOLD SOLD  Ducky Chocolate- $45 sold   Craftkey Chimera- $50  Lazer Artisan (i don’t know the artist) - $50 sold",spncvid,2,8,k0dnpr
1606251478,2020-11-24 20:57:58,2020,11,[US-NY] [H] Paypal [W] Vulcan keycaps from zFrontier,"Looking to buy Vulcan keycap set from zFrontier. Prefer dye-sub / light-colored, instead of the blue/GID engraved, but may buy the GID if no other option.",NewAlexandria,2,1,k0dmgp
1606251471,2020-11-24 20:57:51,2020,11,[US-MI] [H] Space65 R1 Stormtrooper with extra pcb and alu plate [W] PayPal,[deleted],[deleted],1,3,k0dmdk
1606251357,2020-11-24 20:55:57,2020,11,[US-CA] [H] Custom coiled cables (laser and red) [W] Paypal,"Timestamp:  [https://imgur.com/gallery/Y6zfCWn](https://imgur.com/gallery/Y6zfCWn)  Trying to sell these cables because I got one that I'm sticking with for a while. Trying to get rid of them so feel free to pm offers. Comment before pm please.  Red Cable (small scuffs on black aviator): 6in coil, 6.5-7ft long straight side- $45 shipped conus  Laser Cable (only coiled side): 6in coil- $25 shipped ",yoshiii360,1,5,k0dl36
1606251264,2020-11-24 20:54:24,2020,11,"[CA-ON] [H] GMK Cafe, Artisans (Keypora, SodieCap, Wildstory) [W] Paypal, Trades",[Timestamp](https://imgur.com/a/RLYj3i7)  Looking to sell off a BNIB set of GMK Cafe for 300 USD shipped to CONUS/CAN. Also have some artisans for trade. Priorities to Toronto > CONUS/Canada > International.  Please comment before PMing.  Stay safe out there!,SleepIsAllINeed,1,12,k0dk1a
1606251246,2020-11-24 20:54:06,2020,11,"[US-CA][H] PayPal [W] KAT Eternal Mods/Alphas, High End Keyboard","Hi! Looking for a high end keyboard (TGR, Keycult, Singa, etc) and also a KAT Eternal set! Thanks!",deku94,1,4,k0dju6
1606250748,2020-11-24 20:45:48,2020,11,"[CA-ON] [H]PP/CASH [W] Keycap sets, artisans, desk mats!",[removed],himchl,1,0,k0debi
1606250746,2020-11-24 20:45:46,2020,11,[US-CA/OR/WA] [H] ZSA Moonlander Ergo Keyboard / White/ Kailh Box Brown - [W] PayPal/Zelle/Venmo/Cash(in-person),[removed],labzfz,0,2,k0dea3
1606250509,2020-11-24 20:41:49,2020,11,"[US-CA] [H]Keycult No2 Baby Blue Proto, KC 1/65 white/brass, KC 1/60 OG [W]Paypal, Jane V2 CE, Marshmallows","[schtampy](https://imgur.com/a/enwYqdH)  **Have:**  * Keycult Baby Blue No2 Prototype. [Pics](https://imgur.com/a/TrSGTWr) / [Old Pics](https://imgur.com/a/N2VRoks) Lubed/filmed Nixies w/ gat yellow springs on brass plate.  C3 stabs. Flawless, other than a very faint/small scratch on the back (too small to photo). **Trades ONLY.** Looking for a Jane V2 CE, other very rare or interesting boards * ~",blott910,15,22,k0dbkg
1606250336,2020-11-24 20:38:56,2020,11,[US-AZ][H] Paypal [W] GMK Alter full collection,"hey there, looking to buy the alter lot for 350 or so",MadaFakinKat,1,1,k0d9ky
1606250196,2020-11-24 20:36:36,2020,11,"[EU-UK] [H] 60%s - Alu HHKB (creams), bamboo (silent browns) [W] Paypal","[Timestamp](https://i.imgur.com/6s59VHd.jpg)    Hi everyone! Got a couple of 60%s for sale today.   **1** - [blue alu/acrylic sandwich](https://i.imgur.com/QWzTShA.jpg), works really well with underglow. It's built with broken-in creams lubed with 205g0 and tuned Zeal stabs, and comes with a matching coiled aviator cable - all you need are keycaps!  [Here's a sound test.](https://i.imgur.com/VMjJR",hectoring,5,4,k0d846
1606249900,2020-11-24 20:31:40,2020,11,"[EU-NL] [H] GMK Yuri, GMK Vaporwave, switches (zealios, banana splits, pinoko, unholy panda), switch modding station/opener, Fake LEMO detachable, custom keyboard sleeves, GMK Hyperfuse cyan addons [W] PayPal, GMK Hyperfuse purple addons","Heya! [Timestamp](https://i.imgur.com/f2PeQjm.jpg),  Got some stuff I'm looking to sell/trade. Not looking to part out kits, and prio to who takes multiple things at once!  Feel free to PM me if you want more pics of certain things, please comment before PMing (no chats) and have a great day!  |What|Price| |:-|:-| |GMK Yuri + Cryllic. Barely used, no shine.|€ 300 + shipping| |~~GMK Vaporwave + Hir",Ayylmao69420xd,1,13,k0d4qq
1606249757,2020-11-24 20:29:17,2020,11,"[US-NJ][H] Durock Stabs in (Pink/Smoke), Switch Accessories Starter Kit: Lubestation, Cat Alu Switch Opener/ Puller, Stem Picker, ESD PCB Tester, Alu Cap Puller, Coiled Lemo Cables [W] Paypal",[removed],cbbplanet,1,8,k0d341
1606249610,2020-11-24 20:26:50,2020,11,[GB] Black Rose Yc8 Cable(Pono/Night Sakura themed) 10 days left!,Quick Links: [ArlynCables Website](https://arlyncables.com/) || [Group buy page](https://arlyncables.com/products/black-rose-group-buy)|| [Instagram](https://www.instagram.com/arlyncables/) || [Discord](https://discord.com/invite/kkwDZm9)  ---- Hello [r/MM](https://www.reddit.com/r/MM)! Thanks so much for the support over these past months I've been selling on here. I'm very happy to announce my n,Post-Hardcore,18,1,k0d1gc
1606249490,2020-11-24 20:24:50,2020,11,"[US-CA][H] 70x 67g clipped tangerine switches lubed and filmed, sealed Drop ALT Black Low profile barebones [W] PayPal",[deleted],[deleted],1,4,k0d03j
1606249284,2020-11-24 20:21:24,2020,11,"[US-CA] [H] PayPal [W] Keycult 1/65 PCB, GMK WOB mods","Hi all, looking for the above  Please leave a comment before PM-Ing with price, thanks!",zacharylwy,1,1,k0cxp3
1606249203,2020-11-24 20:20:03,2020,11,[US-IL] [H] Space65 Cybervoyager Stormtrooper [W] Paypal,[deleted],[deleted],1,6,k0cwto
1606249112,2020-11-24 20:18:32,2020,11,"[US-NC] [H] Massdrop Alt High Profile in black barebones, Tribosys 3204 lubed Roselios [W] Paypa",[deleted],[deleted],1,1,k0cvv1
1606249106,2020-11-24 20:18:26,2020,11,[Artisan] Deskafe | Sleepychu Keycap Raffle Sale,[removed],deskafe,1,0,k0cvsh
1606248986,2020-11-24 20:16:26,2020,11,"[SG][H] Montage, GMK Alter, SCraft, Lividity, Murray, Keybuto, Birb, Cosmo, CYSM Booo [W] Paypal",[deleted],[deleted],5,5,k0cufd
1606248935,2020-11-24 20:15:35,2020,11,"[US-CA] [H] Infinikey Islander Base+Fix, Soho 67g, Deskmats (Deep Navy, Metropolis, Zambumon Hexagon, Randomfrankp) [W] Paypal","[Timestamp](https://imgur.com/a/5xobySi)  &#x200B;  Hi mm,  &#x200B;  Shipping cost for CONUS included.  &#x200B;  |Infinikey Islander Base + Fix|New - opened to inspect the keycaps|$180| |:-|:-|:-| |SoHo 67g x 70 (2 packs available)|New, stock|$50| |Deep Navy Destmat|BNIB|$55| |~~Metropolis Deskmat~~|~~BNIB~~|~~$55~~| |Zambumon Hexagon Deskmat Dark|BNIB|$55| |Randomfrankp Deskmat Dark|BNIB|$55|  ",tacoandtako,1,17,k0ctte
1606248537,2020-11-24 20:08:57,2020,11,[US-PA][H] PayPal GS [W] Ortholinear keyboard,[removed],TaitheThai,1,0,k0cp9f
1606248468,2020-11-24 20:07:48,2020,11,"[US-MO] [H] KeyBee Stripe 60% E-White [W] PayPal, Local Cash","Timestamp: [https://imgur.com/gallery/CLEcbui](https://imgur.com/gallery/CLEcbui)  Hey all, I got this keyboard a bit back, and I'm disappointed to say I just don't really enjoy it. I don't like how it looks with any of my sets, and personally just don't want it sitting on a shelf collecting dust, so I'll sell it to whoever wants it. Two screw holes on it are scratched a bit from use, but that's i",[deleted],1,5,k0cohr
1606248363,2020-11-24 20:06:03,2020,11,"[EU-PL] [H] Paypal, local cash [W] Ctrl + Alt 1.5u from Camping sets (GMK, Aliexpress, etc.)","Or any other 1.5u keycaps from Camping sets, show me what you got :)",Kutasso,1,1,k0cnal
1606248276,2020-11-24 20:04:36,2020,11,[CA-ON] [H] Canoe Gen2 Casio Limited Edition [W] Paypal,[deleted],[deleted],1,3,k0cm84
1606247711,2020-11-24 19:55:11,2020,11,"[US-CA] [H] Paypal [W] KAT Eternal, Tokkipee sakura, Dwarf Factory pastry, artisans",Looking to buy:  KAT eternal 40s/ortho icon mods and novelties  Tokkipee sakura   Dwarf Factory pastry house  cute artisans  Comment before pm,grey_lin,1,1,k0cfej
1606247425,2020-11-24 19:50:25,2020,11,[CA-TORONTO][H] 70x Lubed Drop + Holy Pandas [W] Paypal,[removed],j-ay,1,1,k0cc1a
1606247368,2020-11-24 19:49:28,2020,11,"[US-CA] [H] Matrix 2.0 Add, NUNU [W] Paypal",[deleted],[deleted],2,8,k0cbc3
1606247346,2020-11-24 19:49:06,2020,11,"[US-CA][H] Planck 40% built [W] keycaps, paypal","SOLD  Timestamps:[https://imgur.com/a/Ng3ZElh](https://imgur.com/a/Ng3ZElh)  Sup guys, this is my second post ever here so please let me know if anything is off, thanks.  I'm looking to trade my Planck for a nice keycap set, preferebly something dark themed and higher end, although if you have something you think I might like, feel free to comment and then PM.  If you really just want to buy the P",Guhlpi,0,2,k0cb2a
1606247238,2020-11-24 19:47:18,2020,11,[EU-RO] [H] Paypal [W] Rama hihihi enter,[removed],Agile_Record_5799,1,0,k0c9pp
1606247160,2020-11-24 19:46:00,2020,11,"[US-NY] [H] Poly KBD67 MK2 Hotswap Keyboard, Cheap Nautilus Deskmat [W] PayPal","[Timestamp ](https://imgur.com/a/luG0bAY)  Hello! I have a nautilus deskmat for sale.  Kbd67 mkii poly hotswap keyboard - built with alu plate & lubed Durock stabs, stupidfish plate & case foam installed. Comes with pom plate and kbd foam. Asking for $310 - SOLD for asking!  Captain Nemo Nautilus deskpad, here’s what it looks like on novelkeys - https://novelkeys.xyz/products/nautilus-deskpads Ask",escapethesanity,2,7,k0c8st
1606247089,2020-11-24 19:44:49,2020,11,"[US-NC] [H] PayPal [W] DZ65 V2 PCB, 70+ Kiwi Switches","Looking for two things:  * DZ65 RGB V2 PCB * 70+ Kiwi switches, preferably not lubed  Thanks!",Stiggosaurus,2,1,k0c7zv
1606247026,2020-11-24 19:43:46,2020,11,[EU-RO] [H] PayPal [W] Rama hihihi enter,[removed],Agile_Record_5799,1,0,k0c754
1615766243,2021-03-14 23:57:23,2021,03,"[US-NC] [H] Paypal [W] OG Dolch, GMK Dark","Hey all, hope you're well :)  Looking to pick up an original set of Dolch doubleshots and potentially a GMK Dark base kit for a build I've got coming up. If you've got either that you're willing to let go of let me know and we can work something out.   I'm pretty open to sets in various conditions so feel free to offer away. Could also potentially be interested in a GMK Dolch set, but for now pref",Gastrocnemii,3,1,m57sjo
1615766186,2021-03-14 23:56:26,2021,03,"[US-CA] [H] Switches (67g Tangerines, Lavenders, Milky Yellows, Ink Blacks), WT60-D PCB [W] Paypal, Local","[TIMESTAMP](https://imgur.com/gallery/t2qc4DJ)  UPDATE: Everything has been sold. Thanks, everyone!  Heyo mech market!  Happy Pi day, I've been needing to sell these switches since I'm really into tactiles at the moment. Let me know if you'd prefer to local or paypal. **(Shipping +7.90 on all switches) CONUS only**  **Selling:**  * 100x Gateron Milky Top, Black Bottom Yellows - **$65 (SOLD FOR $40",trebleclef_eneva,5,15,m57rv2
1615765764,2021-03-14 23:49:24,2021,03,"[US-FL] [H] Silver R1 Matrix Noah w/ Polar Holy Pandas, Paypal [W] Full Milk Thermal, Paypal","[Timestamp](https://i.imgur.com/7lyQh9E.jpg)  [More Pics Included](https://imgur.com/gallery/5DDbAcJ)  Good Day,  &#x200B;  Looking to sell this Matrix Noah that is built with Polar Holy Pandas. I bought it off of another user here on Mechmarket around a year ago. I have let my sister use this board while she was building her own and I do not really enjoy the 65% layout. I am looking to get 450 + ",vapor90,1,4,m57n01
1615765711,2021-03-14 23:48:31,2021,03,[US-CA] [H] PayPal [W] Gmk Rudy (Base set),Comment and send a PM with asking price  Thank you <3,eulers_,2,3,m57me2
1615765703,2021-03-14 23:48:23,2021,03,"[AU] [H] NK65 Milkshake Sealed [W] PayPal, Local cash","[Timestamp](https://imgur.com/a/1ePdg31)  Just received the parcel an hour ago and selling because I have already got my current board I prefer.   Selling for $250USD + shipping to Australia ONLY. I live in Sydney, happy to meet up instead.",colafroth,4,3,m57maq
1615765629,2021-03-14 23:47:09,2021,03,"[US-IN] [H] Carbon Black Volcano660, Black WKL Prophet, PC KBD8X, L&F Holy T1s, Penguin Switches [W] Paypal","[timestamp](https://imgur.com/a/wSGoIsY)   Only shipping within CONUS. PM me if you have any questions or would like to request more pics. Everything is available unless it's marked through.  **Trade Wants:**  Infinitum, KFE, 2/65   PP Added on either sides to balance out.      Item | Description | Want ----|-----------|---- Carbon Black Volcano660 | Built with Lubed(205g0)+Filmed Gateron Ink Blac",Hyperfuse28,0,9,m57le9
1615765585,2021-03-14 23:46:25,2021,03,[US-IL] [H] Paypal [W] Topre numpad,"Title. Looking for a thicc thocc numpad, preferably in black!",molecularronin,2,2,m57kwp
1615765396,2021-03-14 23:43:16,2021,03,"[US-TN] [H] iNETT Square.X 60 Polycarb, Stock NK Creams, Stock Holy Pandas [W] Paypal",[deleted],[deleted],0,1,m57ir5
1615765275,2021-03-14 23:41:15,2021,03,[Artisan] Premium Mechanical Keyboard Bags,[removed],[deleted],1,3,m57hc3
1615765259,2021-03-14 23:40:59,2021,03,[US-CA] [H] Paypal GMK Rudy,[removed],eulers_,1,1,m57h64
1615765206,2021-03-14 23:40:06,2021,03,[US-TX] [H] XDA Canvas R2 kits + XDA Cavas Planck Keycaps [W] PayPal,[Timestamp](https://imgur.com/a/N1bOieU)  Hello again r/mk.  Today I have a collection of XDA Canvas keycaps that I'm offering as a bundle for $125  - Alphas (lower case) - Planck specific set from Drop (Betas) - Monos (single glyph instead of two for cleaner look) - Text Orthos - Ergo Micons (enough for orthos too) - Keyluminati  Altogether this provides an excellent set for many ortho boards lik,mkleehammer,2,3,m57gl9
1615765126,2021-03-14 23:38:46,2021,03,"[US-NY] [H] Sealed GMK Botanical base+novelties, Keypora Tiger and Obleigia, Systematik artisans(retail price), Keycult ICU artisan [W] Zelle, Paypal","[Timestamp](https://imgur.com/a/a5adCxu)  Hello! I'll only be shipping conus, but can ship internationally if you cover shipping. Ill only split the gmk set if I find a buyer for both kits  &#x200B;  ~~GMK Botanical + Novelties - $455 + shipping~~ Sold split for asking ff  &#x200B;  ~~Keypora Tiger - $100 shipped~~ Sold  ~~Keypora Obleigia - $100 shipped~~ Sold  &#x200B;  Sealed Keycult x Sulvan I",SleepyMarket,2,14,m57fmq
1615765110,2021-03-14 23:38:30,2021,03,[US-CA] [H] New Voice 65 LNY E-Yellow + Extra PCB [W] Paypal,[deleted],[deleted],0,3,m57fgr
1615764868,2021-03-14 23:34:28,2021,03,[GB] GMK Fuji and GMK Tuzi Mechanical Keyboard Bags (3 Weeks Left),[removed],[deleted],0,2,m57cns
1615764676,2021-03-14 23:31:16,2021,03,[USA-GA] [H] PayPal [W] Keychron K3 (Brown),[removed],IceCreamJesus,1,3,m57af2
1615764610,2021-03-14 23:30:10,2021,03,[Artisan] Premium Mechanical Keyboard Bags // GMK Tuzi and GMK Fuji GB (2 Weeks Left),[removed],[deleted],1,2,m579m8
1615764464,2021-03-14 23:27:44,2021,03,[US-TN] [H] PayPal [W] Focus FK-2001 or 2002 white alps NIB or NOS,[removed],Double_Shot_ABS,1,0,m577vc
1615764268,2021-03-14 23:24:28,2021,03,[US-VA] [H] Artisans [W] Paypal,"Hello Everyone,  I have some older things I'd like to sell!  [Timestamp](https://imgur.com/a/yrw1MCY)   Item | Cost ---|--- ~~SUK Metal Marvel Caps~~ |  $100 Sold onishima ~~HWS Old Flame (Hex-Girlfriend) Popsi & Revthulu together~~ | $80 Sold sudsack ~~V2 Murrays (Red & Blue)~~ | $38 Each Sold sudsack ~~V1 Murray (Blue)~~ | $30 Sold sudsack ~~Artkey ICAS Voodoo~~ | $50 Sold OnceSavedGaming ~~Artk",Redditor_Alex,8,5,m575o4
1615764044,2021-03-14 23:20:44,2021,03,"[US-OH] [H] kbd8x mkii Red WK with hot-swap or solderable PCB, brass plate, Durock stabs [W] PayPal",[deleted],[deleted],4,12,m5732x
1615763856,2021-03-14 23:17:36,2021,03,[UK] [H] Paypal [W] broken Vortex Tab 75,Anyone have a broken/unusable vortex tab 75? Just need the top outer casing due to a soldering incident..  Please comment before pm :),_wasd_bruh_21,2,1,m570tz
1615763432,2021-03-14 23:10:32,2021,03,"[US-PA] [H] PayPal [W] Infinikey Cafe (Base), GMK First Love (base+novelties)","Hi!!  As the title says, I'm looking for an Infinikey Cafe base kit as well as a GMK First Love base kit and novelties kit  Any condition is okay as long as there is no visible damage, but I'd prefer newer condition.  I'm willing to buy the First Love base and novelties separately or together, whatever you have. I might also be interested in the spacebar kit if you have it, but I'm not as interest",life453,5,3,m56vi0
1615763428,2021-03-14 23:10:28,2021,03,"[US-CA][H]Tokyo Alix, Rama Bleached X/O,Soho Swithces 67g, Duck Octagon v3, Tx se, Artisan bundle[W]GAF TP, Garbo, Keycult boards, Paypal","Hello,  Have the following for sale/trade. Looking to trade for GAF TP, Garbo, and Keycult boards [TimeStamp](https://imgur.com/NOG2GFL)  Item | Description | Price/Trades ----|-----------|-- Tokyo keyboard Alix | Brand New | Trades Duck Octagon v3[front](https://imgur.com/YWlJtjZ),[side](https://imgur.com/dkcHrgV),[back](https://imgur.com/Onj5Aik) | Silverplate, built with Milky Gateron Yellow sw",citheoc,7,13,m56vg4
1615763409,2021-03-14 23:10:09,2021,03,[US-FL] [H] PayPal [W] E-White CandyBar Lefty,[removed],Espyrrr,1,0,m56v72
1615763292,2021-03-14 23:08:12,2021,03,[US-CA] WTB GMK Rudy Base Set,[removed],eulers_,1,1,m56tpr
1615762951,2021-03-14 23:02:31,2021,03,"[US-TX] [H] PayPal, CRP R3 2551 HAD [W] Rama Thermal Kuro, Trades, PP, GMK WoB stuff, GMK Missing Keys, GMK Black Modi, boards, upgrades, Cherry WoB, GMK Metaverse Royal, etc","[timestamp](https://i.imgur.com/axm50c3.jpg)  ---  CRP 2551 HAD, light use   $225 shipped  ---  ---  Looking to buy or trade for:  Rama Wilba Thermal Kuro Full + Kuro plate  GMK Black Modi (LZ)  GMK WoB/BoW Extension Kit   GMK WoB  the old GMK WoB extension kit   GMK Missing Keys   GMK WoB Icon mods from other sets (so long as it's not centered)  GMK Metaverse Royal (any round)  other stuff (CRP, ",ELG0onNA,1,2,m56pfl
1615762852,2021-03-14 23:00:52,2021,03,[US-CA] [H] PayPal [W] Banana Split Switches x3,[removed],PikaBewm,2,3,m56o4z
1615762779,2021-03-14 22:59:39,2021,03,[Artisan] Doohickeys: March Minis #2 Raffle & Giveaway,"# Welcome to the Doohickeys March Minis #2 Raffle & Giveaway!    Round 2! Two heterochromatic colorways today, each with a subtle marbling underneath.    --- **The Caps: https://imgur.com/a/GK9wjXE**   - MX stem   - $45/each   - Made with Z-butt    **The Form: https://forms.gle/aapJvvoSnesh4cL28**   --- **The Giveaway:**   For a chance at a free Aquafresh Kudzu, comment below with a number between",doohickeys,26,116,m56n2i
1615762720,2021-03-14 22:58:40,2021,03,"[US-TX] [H] Nk65 ee beige [W] local cash, nk65 ee smoke","[Time Stamp](https://i.imgur.com/B46g4ju.jpg)  - LOCAL ONLY: 77407  I’ve been owning the board for about 5 months now. It’s still in great condition and the switches are lubed with krytox 205g0. The switches are milky gateron yellows. The keycaps are hkgaming pegaso and I will include all keycaps that came with the set, not just the ones on the board. Im hoping to sell the board all together keyca",Its_Wajeeh,0,6,m56mc9
1615762709,2021-03-14 22:58:29,2021,03,[US-CA] [H] assembled rama works m65-b hotswap yolk with starter set [W] paypal,"timestamp and pics: https://imgur.com/gallery/1hdv87E  **SOLD** 700 + shipping  RAMA WORKS m65-b hotswap yolk, with switches and stabilizers installed from the m65-b starter kit. assembled by me. everything works. used once.  includes some extra switches and stabilizers, keycap puller, tools, box. everything that's in the pictures.",bsdlp,4,15,m56m77
1615761537,2021-03-14 22:38:57,2021,03,"[US-CA] [H] Custom Cables, JellyKey Artisan, GMK Botanical Base Set [W] PayPal","[Timestamp](https://imgur.com/a/vnYSeBE)  Hope everyone is having a good weekend!  All cables USB C to USB A, all tested and working.  If you have any questions feel free to PM me.  Free shipping CONUS only.  |*Black w/ Black TechFlex (4 ft, White Accented, Gold Plated Connectors)*|*$20*| |:-|:-| |*Black w/ Carbon TechFlex (4 ft, Gold Plated Connectors)*|*$20*| |*~~Black w/ Clear TechFlex (4 ft, G",Envynot,3,7,m5681y
1615761368,2021-03-14 22:36:08,2021,03,"[US-CA] [H] Ergodox White & Black, Moonlander Black, x72 Factory Kailh Box Red, x 89 Kailh Speed Gold, x75 Cherry MX Blues [W] Paypal","timestamp: [https://photos.app.goo.gl/KuChBRnACH6ro8Q48](https://photos.app.goo.gl/KuChBRnACH6ro8Q48)  Howdy, I have the Ergodox EZ Glow w/ Tilt Kit & Wing Rest in White(Standard White Keycaps) and Black(With the limited edition Altitude Keycaps). I also have a moonlander as well.  Ergodox EZ Glow White\[$350\]:-  * Factory Zeilios V2 62g\[+ 4 extra switches\]- Standard Key Caps * Has sound dampen",GolangGang,3,5,m5661b
1615761359,2021-03-14 22:35:59,2021,03,"[US-CA][H] Artisans, Switches [W] PayPal, Artisan Trades"," \~Timestamp\~  # (EDIT : I've reposted unsold items to a newer post, ignoring further asks about this one. )  **Artisan Wants (WTB/WTTF) -** Can buy with Paypal or trade.  Anything from [Wishlist](https://docs.google.com/document/d/1Xb1wBR3j5vOnQylqHJ_-LgrZBXTga9W5mESBael6itM/edit), but especially:  * Poro Bongo * Hollow / Espada / Chuu Totoro Keyporas * GMK Striker Fuji * Winger Keypora: WTT Tig",monkeymajic,5,13,m565wk
1615761258,2021-03-14 22:34:18,2021,03,"[EU-FR] [H] WKL PC E6.5 + extras, LZ-St by LifeZone 65%, GMK Pulse BNIB bundle, H1 Switches [W] Paypal","[Timestamp](https://imgur.com/a/8NAZERc)  Hello mechmarket !  All prices are OBO, **do not hesitate to shoot any offer.**  Prices do not include shipping, they will be calculated on a per-case basis.  &#x200B;  Additional imgur albums are available for most items.  &#x200B;  (Metropolis and switches can be seen on timestamps but aren't available anymore)  &#x200B;  **ITEMS FOR SALE**  |[Polycarbon",Xampov,2,2,m564le
1615761041,2021-03-14 22:30:41,2021,03,[UK] [H] DZ60/Tofu60 Aluminum Plate [W] PayPal,"[Timestamp](https://imgur.com/gallery/xJ3FjX0)  [H] DZ60/Tofu60 Aluminium Plate  Used for about 10 minutes for a single switch test. Type B (I believe). 60% Layout.  [W] £15/€17/$20  UK-based (Pref: UK->EU->ROW), but I have no problems with international shipping. Shipping calculated based on location. Price conversions have been done with google, so apologies if they are slightly incorrect.  Plea",FazedSoldier,2,3,m561y8
1615760848,2021-03-14 22:27:28,2021,03,"[USA-NC][H] Paypal, Local Cash [W] DSA Mystery Keycap Set",[removed],[deleted],1,3,m55zla
1615760702,2021-03-14 22:25:02,2021,03,[US-PA] [W] Alix 40 [H] PayPal,[removed],[deleted],1,1,m55xsv
1615760663,2021-03-14 22:24:23,2021,03,"[US-CA] [H] Switches (NEW, NEVER MOUNTED, STOCK) [W] PayPal",[removed],[deleted],3,8,m55xcv
1615760619,2021-03-14 22:23:39,2021,03,[US-MI] [H] Aether x Ungodly Design Aluminum Artisans [W] PayPal,[deleted],[deleted],1,2,m55wt4
1615760584,2021-03-14 22:23:04,2021,03,[US-OR] [H] Artisans [W] PayPal,"[Timestamp](https://imgur.com/a/MxeOn7f)  ***Please comment before PM, all Reddit chats will be ignored. The prices below are CONUS shipped, I am open to international shipping, but at cost + shipping and only via FedEx Express as I get discounted rates (usually three days shipping time anywhere around the world). I can send more detailed pics of anything upon request. If an item is not crossed ou",Kenjiroshe,6,17,m55wbb
1615760537,2021-03-14 22:22:17,2021,03,"[US-CA] [H] Hotswap Boardwalk Ortho, 50xBoba U4 switches, 50xDrop Holy Panda r1 switches, Hotswap/QMK Filco Majestouch 2 TKL [W] PayPal","[Timestamp](https://imgur.com/a/W7XWtH2)  I'm selling a few keyboard things to free up money and space for more keyboard things!  ~~50x Boba U4 silent tactile switches, unused $30~~  ~~50x Drop Holy Panda r1's, some inserted (hot swap, not soldered) and used for a day or two $35~~  ~~Boardwalk keyboard: Includes RGB underglow PCB with millmax sockets for hot-swap goodness, steel plate, clear plast",brickbots,5,8,m55vq3
1615760362,2021-03-14 22:19:22,2021,03,"[US-MA] [H] Verified Paypal [W] H87a PCB with mini b port (willing to pay well since need it in a hurry), Plates compatible with Jane V2, GMK Jamon, GMK Ceresia Mods, GMK Handarbeit","Hi, all,  As the title states, looking for those stuff to complete my build.  Comment below before PM  Chats will be ignored  PM with a price  **PCB are no longer needed.**",TypicalOdyssey,0,6,m55tk8
1615760306,2021-03-14 22:18:26,2021,03,[US-CA] [H] Gothcaps Cornelius RiP [W] PayPal,"[TIMESTAMP](https://imgur.com/gallery/fn1zKYc)  ~~-US ONLY-Hello everybody!(:I'm selling Gothcaps Cornelius RiP(Unmounted) and 1 GC wood coaster.  Selling together only. $205 SHIPPEDAlso willing to trade for Project Key Void Mask Cyber Pink or Space Skull v2 Rage. ( Coaster not included when trading, unless paying an additional $20 )~~  PM only",fxkn_charlie,9,3,m55sto
1615760219,2021-03-14 22:16:59,2021,03,"[US-CA] [H] Pizza65 Keyboard, Savage65 PCB, Instant65 PCB [W] Paypal","[timestamp](https://imgur.com/gallery/HVgb1WF)  |Items|Description|Price| |:-|:-|:-| |Blue Pizza65 Keyboard **(Case + Alu Plate only**) Learn more about Pizza65 [here](https://keyboards.pizza/pages/discover-pizza65).|Brand new, some scratches on the inside of case from factory, but will not be visible when built. Comes with O-rings for burger mount. [Additional photos here.](https://imgur.com/gall",fujihara_tofu,4,5,m55rot
1615760148,2021-03-14 22:15:48,2021,03,"[US-NY] [H] NK65 Milkshake w/ Lubed Holy Pandas [W] PayPal, Local Cash",[deleted],[deleted],0,6,m55qqg
1615760111,2021-03-14 22:15:11,2021,03,[US-TX] [H] Paypal [W] Anne Pro 2,"I was a huge ape and borked my own Anne pro 2 whilst attempting the hotswap mod (lifted a pad, tried bridging no dice). So i'm looking for a replacement. Preferably black, with non-clicky switches but i'll consider any offer if the price is right.",PistolPetah,3,1,m55qbf
1615759986,2021-03-14 22:13:06,2021,03,"[US-NY] [H] Artisans (Fraktal Kaps, Gothcaps, and Tim Caps), Hineybush H87c TKL PCB [W] PayPal, Silver Tofu 60, 60% PCB, 60% Plate, ePBT or HK Gaming 9009","[Timestamp](https://imgur.com/a/PKJRZN7)  **Artisans**  |Have|Want| |:-|:-| |Fraktal Kaps Dubiously Dolch Aweigh!|~~$55 + shipping OBO~~| |Gothcaps Evangelion Brimcap|$100 + shipping OBO| |Tim Caps Jack -O'- Devilish|~~$65 + shipping OBO~~|  **PCB**  |Have|Condition / Details|Want| |:-|:-|:-| |Hineybush H87c TKL PCB|Used - soldered and desoldered switches from this PCB once. Yes, this PCB is in st",TWENTYONESOLO,10,10,m55ore
1615759965,2021-03-14 22:12:45,2021,03,[US-CA] [H] PayPal [W] Gmk Night Runner,just wanting to buy a gmk night runner base kit for 270 or lower brand new,V1CK007,0,1,m55oi2
1615759799,2021-03-14 22:09:59,2021,03,"[US-CA] [H] Percent PC Canoe Gen1, 70x Zealio V2 62g [W] PayPal",[Timestamp](https://imgur.com/a/irgKlWQ)  CONUS only. Also willing to do local (cash); I live in the Bay Area (Sunnyvale). Local buyers will get priority.  Can send more detailed pictures at request.  &#x200B;  |Item|Condition|Price| |:-|:-|:-| |Percent PC Canoe Gen1|Case brand new; PCB brand new; plate has scratches; comes with original packaging + spare diodes + screws|$325 Paypal + SHIPPING| |7,Level-Tap-4594,3,4,m55mdf
1615759688,2021-03-14 22:08:08,2021,03,"[CA-BC] [H]Duck Unicorn x Legend, Infinikey PBT Islander [W]Local Cash, Paypal","Item | Description | Price ----|-----------|----- Duck Unicorn x Legend | [Timestamp](https://i.imgur.com/ZSYWp4X.jpg) / WKL. Built with the FR4 plate, lubed 63.5g ZealPC Zilent V2 switches, and GMK stabilizers. Includes an extra STS plate and desoldered Snow Pro PCB. Does not include the keycaps. | $875 USD shipped CONUS/Canada Infinikey PBT Islander Keycaps | [Timestamp](https://i.imgur.com/zTtb",dirtygoldfish,1,9,m55kyn
1615759483,2021-03-14 22:04:43,2021,03,"[US-CA] [H] PayPal/Local Cash [W] Switches: Fei Matcha, Okomochi, Marshmallow, Konpeitou","Looking for 90 or more of each switch stock. Will not consider lubed switches. Local to CA zip 93001 for cash. Please comment before PM.    Also I know that the Konpeitou is just reaching some people, but still wanted to put feelers out there.",AkDoxx,2,2,m55ib6
1615759310,2021-03-14 22:01:50,2021,03,[US-NC] [H] PayPal [W] Praxis Valor PCB,[deleted],[deleted],3,1,m55g4u
1615759180,2021-03-14 21:59:40,2021,03,[US-NY] [H] PayPal [M] Mode 80 WKL,[removed],PreparationWeekly168,1,1,m55eeg
1615759137,2021-03-14 21:58:57,2021,03,[US-TX] [H] Infinikey Dark Mode + Icon Mods Mega Kit [W] Paypal,[Timestamp](https://i.imgur.com/7GrC81z.jpg)   Selling these as a bundle only. Not Splitting as I have mixed both sets a fair bit. Both sets were used for about a month.  - [Infinikey Dark Mode Set](https://cdn.shopify.com/s/files/1/0279/3426/1330/products/DarkModeGR1Legends_Master1_09f2b7d2-478e-4429-bc73-8e8b22d3c0c2_1600x.png?v=1607657666)  - [Icon Mods Mega Set](https://cdn.shopify.com/s/files,Phelix007,3,5,m55dw6
1615759119,2021-03-14 21:58:39,2021,03,"[EU-DE] [H] ePBT blank black (color 3) + EXTRAS [W] PayPal, Bank Transfer","[~~Album/Timestamp~~](https://imgur.com/a/GFZ2Uct)  ~~Used modestly for about a year, but still look very good.~~  * ~~120 black keys (one R4 cap damaged, see pictures)~~ * ~~1 black ISO Enter~~ * ~~1 black LED cap~~ * ~~4 red R1 caps (e.g. Arrow Keys)~~ * ~~10 transparent R4 caps~~  ~~(all caps above were manufactured by ePBT and have the same layout)~~  ~~Asking for 30€ / 38 US$ + shipping.~~  ~",resetLetki,3,1,m55dox
1615759091,2021-03-14 21:58:11,2021,03,[US-MD] [H] PayPal [W] WoB Keycaps,[deleted],[deleted],2,2,m55dcs
1615759065,2021-03-14 21:57:45,2021,03,[USA-TX] [H] Paypal [W] Anne Pro 2,[removed],[deleted],1,2,m55d1n
1615759032,2021-03-14 21:57:12,2021,03,"[US-WA] [H] Switch clean out (Boba U4, Sky, etc), Gateron switch puller [W] Paypal","[Timestamp](https://imgur.com/a/9BWwlET)  Prices include shipping in CONUS.   Cleaning out some switches I don't need anymore.   Switches have never been soldered unless stated in the notes.  ----  | Switch | Notes | Count | Price | |---|---|---|---| | Boba Silent Tactile U4  | 68g | 90 | ~~$60~~ Sold | | Outemu Sky | 62g, v2.2 | 110 | ~~$45~~ Sold | | Everglide Jade Green | 58g | 158 | $60 | | Ev",mrbogangles,7,20,m55coc
1615758987,2021-03-14 21:56:27,2021,03,[US-ME] [H] Paypal [W] Infinikey or epbt keycap set,[deleted],[deleted],0,2,m55c1o
1615758613,2021-03-14 21:50:13,2021,03,"[US-HI] [H] 60% aluminum case, various artisans [W] Paypal, Trades","[TIME STAMP](https://imgur.com/a/QqhrGn7)  &#x200B;  60% Light Edge case -  never used, looking for $60 + shipping   ~~Kylo and Stormtrooper artisans - $22 shipped~~ **- SOLD**  ~~Baby Yoda artisan - $30 shipped~~**- SOLD**  ~~BB8 artisan - $40 shipped~~**- SOLD**  ~~Dinosaur Ages artisan - $40 shipped~~  **SOLD**  No name purple skull artisan - $10 (or I'll throw it in with any other purchased it",frankie_wan_kenobi,3,13,m5576i
1615758601,2021-03-14 21:50:01,2021,03,[Service] Elmo Builds Keyboards - EU Build and Lube service,"Hey everybody  After over two years in the hobby and lots of keyboards built and switches lubed I decided to offer a build service for other people.   So far I have built around 20-25 keyboards, most of them soldered builds and almost always with lubed switches.   I am located in northern Germany.  Examples of my soldering work:   [https://keyboards.elmo.space/work-examples](https://keyboards.elmo",_vastrox_,9,2,m55707
1615758483,2021-03-14 21:48:03,2021,03,"[US-CA] [H] Hammer Fidget Spinner, Hako Royal Clears, Box Royals, M0110 wrist rest [W] Paypal",[timestamp](https://imgur.com/a/zYaP29k)  Please comment before PMing. All items are OBO and including shipping to CONUS unless noted otherwise. I can ship internationally but will cost extra.  # Artisans  * [Hammer fidget spinner blue + pink (purchased from Massdrop)](https://imgur.com/6f9Qzuz) - $20  # Switches  All switches can be split up into smaller batches on request.  * [65x Hako Royal Cle,heroyjenkins,4,3,m555ix
1615758309,2021-03-14 21:45:09,2021,03,[US-CA] [H] PC Dolinger RE [W] Paypal,[timestamp](https://imgur.com/a/jvif4OQ)     Hi All - Looking to sell my PC Dolinger RE built with Moss switches. $900 USD shipped conus obo.      Comment before PM. Thanks!,johnny__whitewalker,0,4,m5539e
1615758306,2021-03-14 21:45:06,2021,03,[US-GA] [H] NIU MINI full keyboard [W] Paypal,"[timestamp](https://imgur.com/6cYnsA5)  [cleaned under the keys](https://imgur.com/1MKWChu)  Selling fully built and functioning silver aluminum top and bottom NIU mini from kdbfans with cherry mx brown switches. Also has full RGB, but not hotswappable. Bought about 2 years ago, but decided I needed a  bigger keyboard so I could learn to code without having to switch between layers too often. The ",12-24_neverforget,1,1,m55381
1615758097,2021-03-14 21:41:37,2021,03,[USA-GA] [H] NIU MINI full keyboard [W] Paypal,[removed],12-24_neverforget,1,3,m550is
1615758062,2021-03-14 21:41:02,2021,03,[Artisan] Dreadkeys - Wormhole Debut sale and Giveaway!,   Hey fellow Redditor let's go on an adventure!   2020 has been a crazy year for all of us. Personally I went  through a full professional and personals roller coaster only to arrive here where I think is a pretty damn good place in my life at the moment. I have been teasing this new sculpt for a while and here it is in all of its OG 20 minute adventure glory. Sadly Dread has to be left behind on,problader27,45,148,m54zyq
1615757888,2021-03-14 21:38:08,2021,03,[EU-NL] [H] HHKB Professional 2 charcoal & HHKB Professional 2 Type-S [W] Paypal,[Timestamp and photos](https://imgur.com/a/t2k2u6n)  ~~**HHKB Professional 2 charcoal** ‎- **€200**~~ **SOLD**  ~~Manufactured in 03-2020 but bought last summer. In great shape. Stabilizers and sliders have been lubed. The board is [silenced with Deskeys #3 silencing rings](https://www.youtube.com/watch?v=grdvJQWf0yk). Comes with the original box and cable.~~  **HHKB Professional 2 white Type-S** ,e4109c,6,2,m54xrx
1615757703,2021-03-14 21:35:03,2021,03,[Artisan] Premium Mechanical Keyboard Bags,[deleted],[deleted],0,1,m54vgr
1615757378,2021-03-14 21:29:38,2021,03,"[US-MO] [H] HHKB Pro2 black, blank caps [W] PayPal", HHKB Pro 2 black with blank key caps. Will come in original box and with custom micro usb cable (don’t have the original).  $150 plus shipping  [timestamp ](https://imgur.com/a/yBp6S5U),bardo2014,4,10,m54r87
1615757341,2021-03-14 21:29:01,2021,03,"[USA-MO] [H] HHKB Pro2 black, blank caps [W] PayPal",[removed],bardo2014,1,2,m54qpw
1615757286,2021-03-14 21:28:06,2021,03,"[US-NH] [H] KeyCravings Uruks Artisans (BoW + WoB + Bloodspice latte), KBD Fans 5 degree frosted acrylic case [W] Paypal, trades","Timestamp: https://imgur.com/a/abG3umR  KBD fans frosted acrylic 5 degree case - **50 USD + shipping**. Frosted acrylic, honestly diffuses light pretty well (pic included in timestamp). Previous owner dremmeled the back usb port (not so graciously) to allow for bigger cables. Obviously you can't see this while in use at all but still should be considered.  Key cravings Uruks-  * Monochrome (BoW + ",Jack066,4,2,m54q0j
1615757232,2021-03-14 21:27:12,2021,03,"[USA-MO] [H] HHKB Pro2 black, blank caps [W] PayPal",[removed],bardo2014,1,3,m54pba
1615757083,2021-03-14 21:24:43,2021,03,[CA-ON] [H] PayPal/Etransfer [W] Hotswap Space65,Looking for a Space65 R2 with hotswap/mill-max PCB. PM me!!,srbAN9,0,2,m54ne6
1615757049,2021-03-14 21:24:09,2021,03,[US-OR] [H] PayPal [W] Tofu 65% with hot swappable pcb,[deleted],[deleted],1,2,m54mxp
1615756957,2021-03-14 21:22:37,2021,03,[US-IN][H] Built Canoe Gen 2 with L&F HaluHalos [W] Paypal,"**Timestamp**: https://imgur.com/a/RfjKnro  Got a new board so clearing out my old collection. Canoe is in excellent condition and built with JWK HaluHalos lubed and filmed. Colorway is svart: space gray + black. The board is built with a polycarbonate plate, and lubed durock v2 stabilizers. The board also comes with an extra aluminum plate.  **Sound test**: https://vocaroo.com/1iskNeG5kNbT  ~~**$",FreshHamster,5,3,m54lq8
1615756932,2021-03-14 21:22:12,2021,03,"[UK] [H] GMK Fuyu, GMK Coral, GMK Crimson Cadet, GMK Peaches n Cream, GMK Analog Dreams [W] PayPal",[deleted],[deleted],0,3,m54lcx
1615756819,2021-03-14 21:20:19,2021,03,"[US-TX][H]Cajal (space gray, staggered, hotswap) [W] Paypal/local cash","Sold for asking price.  Looking to sell my Cajal, space gray, staggered hotswap PCB unassembled.  I did a quick dry fit to make sure everything fits, but I did not flash the PCB or fit everything together.  [Album](https://imgur.com/a/vJcwntz)  Asking $550 shipped to CONUS.  Local to north DFW ($500)  Please leave a reply before sending me a private message (not chat).  Additional pictures can be ",sithlord0121,3,7,m54jw6
1615756613,2021-03-14 21:16:53,2021,03,"[US-CA] [H] Duck Octagon v2, MGA Standard build, CYSM Keyby #999999 [W] Paypal, functional Arisu pcbs","Hey yall, just got back and I am offloading some things  [Timestamp](https://imgur.com/a/hbUtZST)  &#x200B;  |Item|Description|Price| |:-|:-|:-| |Duck octagon v2|built with retooled blacks (lubed with Krytox 205g0, 65.5g GON springs) on SS plate - extra Alu plate - custom engraved brass weight - 1/4 stripped screw in bottom right of case, but it is loctighted (from previous owner) : custom korean ",OneSaltyBigBoi,1,8,m54h8q
1615756513,2021-03-14 21:15:13,2021,03,[US-SC] [H] PayPal [W] Tofu65 E-White,[removed],modify246,1,0,m54fzu
1615756513,2021-03-14 21:15:13,2021,03,"[US-CA] [H] paypal [W] Keycult 1/65, Vega or any high end 65% board.",Preferably in Black or white.  DM me what you have and the price  Local 91803,OppaKim,0,3,m54g00
1615756297,2021-03-14 21:11:37,2021,03,[US-LA][H] Singa V3 PC [W] Paypal,"Hello r/mechmarket ,  I have here my [Singa V3 PC](https://m.imgur.com/gallery/JWg6Dg8) up for sale today. No, metaverse is not included.  It is built with alpaca's lubed with 205g0 and TX films and durock stabs with dialectric grease + 205g0 in a split backspace layout (I can change that if requested).  &#x200B;  **Issues**  1. A few small scratches from use that you can see in the timestamp pics",kingelvyn,1,5,m54dar
1615755998,2021-03-14 21:06:38,2021,03,"[US-CA] [H] Artisans (Bongo, Keypora, Latrialum, GAF, Keyby, JamJams, Ursa), PayPal [W] PayPal, No Face JamJams, Catbus Keypora, Haku Keypora",# [Timestamp](https://imgur.com/a/I9eByDL)  # [Artisan For Sale/Trade](https://imgur.com/a/EhAzF7H)  ||1|2|3|4|5| |:-|:-|:-|:-|:-|:-| |A|~~Gothcaps EVA-001 Evangelion Brimcap V2 - $30~~|Latrialum Xmas Mistletoe ESC|Latrialum Xmas Mistletoe FN|Latrialum Immortal Heat ESC|Latrialum IImmortal Heat FN| |B|Alpha Keycaps Synkodrogo Keypora|Alpha Keycaps Bushido Keypora|Alpha Keycaps Dystopia Keypora|Alp,orzhenry,1,4,m549h9
1615755915,2021-03-14 21:05:15,2021,03,"[US-TX][H]Cleaning out sale (Drop Alt, keycaps, Anne Pro 2, misc.) [W] PayPal","Posted 3/15/21 Thanks for all the interest! Having trouble keeping up with it all though so if you haven't messaged me yet please send chats! Looking to clean out a lot of stuff that doesn't get much use anymore. Pretty flexible with everything. Domestic Shipping Included.  * ~~DSA Dolch set (got from Amazon and haven't even put on a board. Keycap tray not included, will be shipped in bags) $40~~ ",sly_zucchini,5,13,m548dz
1615755727,2021-03-14 21:02:07,2021,03,[MX] [H] PayPal [W] Gazzew Boba U4t switches,I need like a pack of 70 asap  Pending.,dearaprilgoodnight,3,2,m545xl
1615755641,2021-03-14 21:00:41,2021,03,[US-OH] [H] Unbuilt mode 80 monochrome tkl [W] paypal,Sold.,Thellamasong,0,9,m544rd
1615755044,2021-03-14 20:50:44,2021,03,"[CA-ON] [H] Artisans (Deag Bean, Zorb, Salvadors) [W] Paypal",[Timestamp](https://imgur.com/gallery/RocYQdf)  Downsizing the collection a little bit. All prices are in USD and include paypal fees and shipping to ***most***  places in North America. If anything looks totally off please feel free  to PM me and we can sort it out! Local sales (Toronto) can be arranged  and payment can be localized.  I am also selling the display case from Cephalopod Creations (,aaalexdeee,5,15,m53x4g
1615754978,2021-03-14 20:49:38,2021,03,"[US-GA] [H] Paypal [W] Budget/Entry 65% keyboard (NK65, Tofu65, Hotswap 65% w/ RGB)","I'm looking to build my girlfriend a 65% keyboard, so I am looking for a budget/used 65% with RGB-per-key. Ideally, I'd like to buy a Tofu65 or NK65 in any neutral color-way, but I am open to others! My budget is around 150-250 USD , but depending on the offers that could change. Hit me up with the offers!",senorrice,4,10,m53w9x
1615754840,2021-03-14 20:47:20,2021,03,"[CA - ON] [H] Artisans (Deag Bean, Zorb, Salvadors) [W] Paypal",[removed],aaalexdeee,1,1,m53ujh
1615754168,2021-03-14 20:36:08,2021,03,[US-WA] [H] PayPal [W] Invyr UHMWPE V1 Stems and Turquoise Tealios V2,I’m preferably looking for the V1 stems as i’ve heard that the V2s had issues. Thanks!,GavWorks,2,3,m53m8r
1615754115,2021-03-14 20:35:15,2021,03,"[UK] [H] GMK Analog Dreams Novelties, GMK Sandstorm Cable, Gateron Red Switches [W] Paypal",[deleted],[deleted],0,1,m53lmc
1615753976,2021-03-14 20:32:56,2021,03,[EU-FR] [H] Anne Pro 2 CAP Gateron Yellow with aluminium case [W] Paypal,"[Timestamp](https://imgur.com/a/EyLod1f)  Hi i have new unused Anne Pro 2 CAP Gateron Yellow, tested for few minutes in order to check if anything is wrong, i have an aluminium case (new-unused) and keycaps doubleshot backlit in silver color  * Anne Pro 2 **75€** * Aluminium case **55€** * Keycaps **10€**  Whole pack for **130€**  I am based in France and i can ship within EU  Thanks",Topriste,3,2,m53jv0
1615753002,2021-03-14 20:16:42,2021,03,"[US-TX] [H] GMK Nautilus 2 Base Kit, Nautilus 2 Space Cable [W] Paypal"," [Timestamp](https://imgur.com/gallery/iCGc9nC)  &#x200B;  Please comment before PMing  &#x200B;  **Shipping to US only.**  **I will send an invoice through PayPal to the buyer.**  &#x200B;  **If bought in Bundle: $360 + shipping**  &#x200B;  **GMK Nautilus 2 Base Kit ($270 + shipping)**  Brand new, factory sealed  &#x200B;  **Nautilus 2 Space Cable ($110 + shipping)**  USB Connector #1 (Device Si",DarkDule1234,0,3,m537dp
1623714752,2021-06-14 23:52:32,2021,06,[US-TX] [H] Silver KFE (non-CE) [W] PayPal,"[Timestamp](https://imgur.com/a/LPrLHUy)  Selling my KFE from one of the original buys. Currently built on Marshmallows and a CF plate. Compared to the KFE CE, this board has internal instead of external weights and is technically more rare.  **Asking ~~$875~~$825 shipped CONUS OBO**",madergaser,0,3,o00j5r
1623714443,2021-06-14 23:47:23,2021,06,[US-MA] [H] TKC Portico (Smoke) [W] PayPal,"timestamp: https://imgur.com/gallery/wHDhmAw  hello everyone! i have this brand new TKC Portico in the Smoke color. It is a gasket-mounted, 65% keyboard.  asking price: SOLD FOR ASKING PRICE ($180)",DootyManF,0,4,o00fmq
1623713786,2021-06-14 23:36:26,2021,06,"[US-OH] [H] Vortex 10 10th Anniversary Edition with silent reds [W] PayPal, DSA Vilebloom, GMK Plum","[https://imgur.com/gallery/IbxS2cY](https://imgur.com/gallery/IbxS2cY)  Bought off another mm user for a upcoming build for a friend but ended up going with another option. Honestly it’s a pretty nice little 60% board, sounds good, has a hotswap pcb with south facing leds and double shot PBT keycaps and doesn’t seem like it’s been used at all. I plugged it in to test it and put it back in the box.",awhiskyneat,1,1,o007ti
1623713673,2021-06-14 23:34:33,2021,06,[GB] Vanana: non-split ergo keeb GB is here!,"Dear keeb friends,  After a long time of preparation, we are pleased to announce our (very small) Group Buy for Vanana. Please read the details below and press the button if you like Vanana! The gallery contains a lot of images and descriptions, so make sure to check it out!  GB form: [https://forms.gle/DnwSUD9QhRxWxnau9](https://forms.gle/DnwSUD9QhRxWxnau9)  GB Gallery: [https://flic.kr/s/aHsmVEN",anoclew,14,12,o006i6
1623713345,2021-06-14 23:29:05,2021,06,"[AU] [H] 3x GMK Future Funk Base Kit [W]Paypal,PayID,Cash",[deleted],[deleted],0,3,o002j0
1623713062,2021-06-14 23:24:22,2021,06,"[US-CA] [H] Clear PC Obliterated 75, Light Blue Aviator Cable, Gateron Switch Puller, PFE Switch Films, 70g springs [W] PayPal, Venmo, Local Cash","[Timestamp](https://imgur.com/a/IpQlg4k)  &#x200B;  |Item|Description|Price|Available?| |:-|:-|:-|:-| |Obliterated 75|This item is B-stock, mainly cosmetic issues, top left screw hole is stripped. Built with L+F 55g H1s (205g0 and Deskeys films) and Durock v1 stabs. It is gummy o-ring mounted and has polyfill in the back. Comes with original carrying case and packaging. Does not have rubber feet.|",ahuh44,3,2,nzzz5b
1623713018,2021-06-14 23:23:38,2021,06,[US-MD] [H] Paypal [W] GMMK Pro,[removed],[deleted],1,0,nzzyn0
1623712946,2021-06-14 23:22:26,2021,06,[US-CA] [H] PayPal [W] OG Cherry Doubleshots,Looking for OG Cherry doubleshots. Only looking for sets with a 1.75u right shift.,Masterz4099,1,1,nzzxs5
1623712906,2021-06-14 23:21:46,2021,06,"[US=CA] [H] Clear PC Obliterated75, Light Blue Aviator Cable, Gateron Switch Puller, PFE Switch Films, 70g Springs [W] Paypal, Venmo, Local Cash",[removed],ahuh44,1,2,nzzxau
1623712894,2021-06-14 23:21:34,2021,06,"[US-CA] [H] Keychron K6, AKKO keyboards, GMK Hennessy, Drop Skylight White, NK65 Fire build [W] Paypal, 44-60x Kiwi switches, 8x stock v1, or 32x lubed v2 Drop holy pandas","[Timestamp (will update soon)](https://drive.google.com/drive/folders/1j6QYIJbXfCEAsiLm9E7Mj25VYIFCKzub?usp=sharing)  This is my second time posting here, thanks.  I'm selling those very nice budget prebuilds and budget keycaps.  Every keyboard is in like new condition, unboxed and used lightly, comes with all stock accessories and packaging, unless noted below. Every keyboards has the stabs relub",caonimagebibi,0,5,nzzx60
1623712751,2021-06-14 23:19:11,2021,06,[Bulk] Handmade cables commissions with Color Combination Guide!,"**Don't be shy and feel free to ask me any questions or if you have any special requests!** Heck it's already JUNE HOW, this is not the way???  * Lead-time is usually less than/around a week, All cables are reverse coiled and come with a GX12 detachable for **$45/$55 Shipped CONUS/CANADA only**!  * https://imgur.com/a/Z8PPe8l smol album of some cables I've made & what other color combinations user",SeansCustoms,6,3,nzzvf3
1623712392,2021-06-14 23:13:12,2021,06,"[US-CA] [H] White Grid650, GMK Dualshot [W] PayPal",[**\[TIMESTAMP\]**](https://imgur.com/a/ltt6FnA)   Clearing out the collection to make room for incoming boards. Please comment before PMing (no chats). Prices include shipping to CONUS. Priority goes to local sales (91776).  &amp;#x200B;  [**Grid650 (White)**](https://imgur.com/a/n2C5EXe) **- $500**  * Hotswap PCB * Silver wired module * 1.5mm plate * L&amp;F OPBLACK 65g * Durock Smokey stabs * K,cheeekywes,1,7,nzzr4f
1623712320,2021-06-14 23:12:00,2021,06,[US-NY] [H] SIRIUS KEYBOARD HHKB Layout built with Tealios V2 67G [W] PAYPAL,[deleted],[deleted],0,9,nzzqaf
1623712293,2021-06-14 23:11:33,2021,06,[US-CA] [H] MelonKeys Momo Dark Magician [W] PayPal,"[Timestamp](https://imgur.com/EEg7NlJ)  Hello, I’m selling a Momo Dark Magician artisan keycap by MelonKeys.  $200 shipped obo  CONUS ONLY  comment before pm, thank you!",Dear-Stand-6382,0,2,nzzpzo
1623712279,2021-06-14 23:11:19,2021,06,"[US-NY][H] NK65 EE Clear [W] Paypal, Local Cash",[Timestamps](https://imgur.com/a/x12Oqbr)  Was used as a testing board mainly.  The spacebar stabs were clipped and sanded a bit to flatten out the bottom. I applied a bit of a small visible bandage mod to help secure the stabs and lessen the rattle.  All stabs were applied lube.  Spacebar sound test is included in time stamps. $125 shipped $110 local cash.  Local to Suffolk County New York.  Can ,OpenMidGG,2,3,nzzptg
1623712211,2021-06-14 23:10:11,2021,06,"[Bulk] Lubed Novelkeys Cream, Lubed & Filmed Gateron Black Ink V2, Lubed Durock 67g T1",[Timestamp](https://imgur.com/A59nSTv)  Looking to sell lubed and filmed switches. I want to provide switches to those who don't want to lube their own switches but also get them at a decent price.  These have never been soldered or mounted.  ***\*\*Please note you cannot confirm the sales here as this is considered as a bulk purchase under mechmarket rules\*\****  |Item|Quantity|Description|Price,PamperSpammehs,6,11,nzzoyd
1623712182,2021-06-14 23:09:42,2021,06,"[US-NY] [H] White Bakeneko60 [W] Paypal, Local Cash",https://imgur.com/gallery/nS2L3n2  White bakeneko60 I just received.  Can see the inside marks but none I can spot on the outside.  Taken out just for photos. Brother decided he wants a bigger layout.  $200 + shipping or local to NYC $200  Can ship out tomorrow morning if paid today.  SOLD to u/tylercary34,pchoii,1,4,nzzokk
1623712154,2021-06-14 23:09:14,2021,06,[US-CA][H]Planck acute keycaps set[W]PayPal,"Timestamp: http://imgur.com/a/hD8BVsy   Acute keycapset from drop for planck, used a bit but I think I like cherry profile keycaps better.  $20  shipped",abhixec,1,1,nzzo7m
1623711962,2021-06-14 23:06:02,2021,06,"[US-FL][H] Think6.5 V2 1U Poly top/ ewhite bottom, GMK Sandstorm , Doohickey Kudzu, PayPal [W] Trades, PayPal, local cash","https://imgur.com/a/NYWKptB  Hey guys, got some stuff for sale/trade. Excuse the formatting, doing this from my phone. Only looking to ship in CONUS, and will be prioritizing trades somewhat. Local is 33196 down here in Miami. Comment before PMs please.  -Think 6.5 V2: I bought an e-white and polycarb to mix and match the cases, the poly top and white bottom is what’s leftover. It’s new/unbuilt bu",FluxOdin,2,3,nzzlu7
1623711955,2021-06-14 23:05:55,2021,06,"[USA-NY][H] NK65 EE Clear [W] Paypal, Local Cash",[removed],OpenMidGG,1,2,nzzlqp
1623711645,2021-06-14 23:00:45,2021,06,"[CA-ON] [H] RAMA KOYU Kuro w internal dampener, lubed stabs, mist bottom [W] Paypal","Timestamp: https://imgur.com/gallery/mHR4yjJ  Selling my keyboard, comes with internal dampener, lubed stabs, and mist bottom  (extra) — NOT CURRENTLY FOR SALE",Karakeys,0,7,nzzhv6
1623711402,2021-06-14 22:56:42,2021,06,[GB] DSS 420 - Invoice Has Been Paid!! Let's Go!!,"#**I just paid the invoice from SP. The estimated ship to me date is set for 8/31/2021.**  DSS 420 is a 40% keyset that supports most staggered 40% keyboard layouts, as well as Planck/Ortho. The set uses stock green ABS colors from Signature Plastics.  [ALBUM](https://imgur.com/a/4Ojr7nE)  The Group Buy runs May 7th - June 6th  * Base kit: $100 (MoQ 75) * ~~Normie kit with Preonic/60%/65%ish suppo",mikethetiger_,8,9,nzzeuw
1623711130,2021-06-14 22:52:10,2021,06,"[US-MI] [H] Paypal [W] Rama artisans (redline, thermal r4 any color, Striker Fuji, Umbra, Vaporwave, Wavez, KAT Cyberspace), Space65 back weight any color",PM and comment please. Title says it all. I want:  **Rama artisans**   redline  thermal r4 any color  Striker Fuji  Umbra  Vaporwave  Wavez  KAT Cyberspace)  &#x200B;  **Space65**   back weight any color,breddyvk,4,8,nzzbot
1623710976,2021-06-14 22:49:36,2021,06,[US-MO][H] gmk darling rama [W]Paypal,[timestamp](https://imgur.com/a/3zeDeB2)  gmk darling rama x + helix $200 usd each or $370 for both shipped conus  condition is new never mounted some markings on the back flawless on the surface,Icemage1337,0,1,nzz9tu
1623710950,2021-06-14 22:49:10,2021,06,[US-HI] [H] GMK Future Funk Icon Mods [W] PayPal,[~~Timestamp~~](https://imgur.com/a/Q0Ezcrx)  ~~Decided not to use the icon mods. Still new in plastic.~~  ~~$95 shipped CONUS~~  SOLD,slzzzpy,2,4,nzz9iw
1623710794,2021-06-14 22:46:34,2021,06,"[US-ID] [H] GMK RGB Add-on Kit, UHMWPE Gateron Robins, UHMWPE Gateron Milky Tops, Mill-maxed AN-C [W] Paypal",[Timestamp](https://imgur.com/a/RlQCL7T)  **THESE ARE MY MOST COMPETITIVE PRICES IF YOU CAN'T AFFORD $35 THEN PLEASE DON'T MESSAGE ME!!! BUY FOOD OR SOMETHING MORE IMPORTANT INSTEAD!!!**  &#x200B;  |~~GMK RGB Add-on kit~~|~~42 pieces. Includes R4 and R5 of each.~~|~~$115 OBO~~| |:-|:-|:-| |70x UHMWPE-stemmed Gateron Robins|UHMWPE stem from 415keys rev.4 / 205g0 / 105 oil / 62g tx spring|$60| |~~70,stewfayew,3,6,nzz7mz
1623710755,2021-06-14 22:45:55,2021,06,[CA-BC] [H] NK 65 ee Cartridge Gold [W] PayPal,Looking to sell nk65 as I just have no use for it.  [TimeStamp!](https://imgur.com/a/v6sVQKf)  Never used and only taken out for pictures.  ~~$180cad+shipped via Paypal. $160cad Local. Shipped within Canada~~  SOLD,Jam_caught22,1,4,nzz76k
1623710436,2021-06-14 22:40:36,2021,06,[US-NY] [H] INK Jelly Epoch [W] PayPal,"**SOLD TO** u/BERAWH for $1120 [~~Timestamp~~](https://imgur.com/a/9VSDtHm)  ~~Selling an Ink Jelly Epoch, brand new with hotswap PCB. Only opened to check.~~  ~~Asking $1200 shipped. Thanks for looking.~~",AlienWasHere,0,5,nzz3bw
1623709839,2021-06-14 22:30:39,2021,06,"[US-TN] [H] F1-8x Navy WK[W] Paypal, Trades for Built Boards", [Imgur: The magic of the Internet](https://imgur.com/a/wcgLz66)   Comes with millmaxed pcb and extra h88c pcb and fr4 plate.   Looking for $920 Shipped CONUS or trades for 65%/TKL boards. (Preferably already built),VijvalN,0,15,nzyvy5
1623709740,2021-06-14 22:29:00,2021,06,"[UK] [H] GMK Metropolis Blocks and Signs, GMK Striker Spacebar Kit, GMK Dark Deviant Kit (40s), GMK Darling Deskmat, Drop + Marvel Keycap [W] Paypal",[deleted],[deleted],0,4,nzyump
1623709493,2021-06-14 22:24:53,2021,06,"[US-CA] [H] BNIB Clarabelle E-White, Built Clarabelle Black. Clarabelle Extras [W] Paypal, Infinikey Musubi Space Cable, Rama Kara 01 Internal Weight","Hi all,    \[[TimeStamp](https://imgur.com/a/x2RzVVr)\]   **Have:**   Clarabelle E-White (BNIB) $585 Buyer pays Shipping -Opened only for inspection, Never used. Includes case, PCB, plate, screws, cannon keys case  Clarabelle Black (BNIB) $585 Buyer pays Shipping - Built with Gateron Black Inks (L, no F), Stabs Lubed and Holee Mod, Includes PVC Foam Dampener. Key caps not included.   Clarabelle Ex",FerrisHaven,1,3,nzyrlj
1623709418,2021-06-14 22:23:38,2021,06,[US-NJ] [H] Custom MK Genesis Macropad 5x4 [W] PayPal,"https://imgur.com/gallery/0hg12gf    |Item|Price|Description|Disclaimer|Status| |:-|:-|:-|:-|:-| | Custom MK Genesis MacroPad 5x4 | $70 + shipping | This is a 5x4 macro pad from custom MK that is fully assembled, milmaxed, and compatible with via through downloading their ""JSON"" file on their website. but if you cannot find it on their | comes with original packaging. there is nothing wrong with t",dudeforrea,1,1,nzyqnp
1623709097,2021-06-14 22:18:17,2021,06,"[US-TX] [H] E-White Satisfaction 75, NK65 milkshake edition, KCK Ky-01, EPBT Kon Momo [W] Paypal","http://imgur.com/a/lnujaDD  I have the following for sale:  1- E-White Satisfaction 75 w/ millmax pcb, laser brass plate, brass plate from laserboost, and durock stabs. Also comes with a pcb soldered with OG holy pandas (real original invyr housing w/ halo stems). There is a miner scuff at the bottom right corner as the picture shows. My ewhite is mostly even as you can see from the pictures. Will",spressa,3,17,nzymk1
1623708952,2021-06-14 22:15:52,2021,06,"[US-NY] [H] GMK Honey, Alt, Novelties, RAMA, Novelkey Creams Switches [W] PayPal","[Timestamp](https://imgur.com/a/l8x50X5)  &#x200B;  |Item|Condition|Price (shipping included CONUS)| |:-|:-|:-| |Novelkey Cream Switches Lubed krytox 205g0 x61|Used \~6 months (not sure if that's enough time for them to be ""broken in"", but figured I would mention it nonetheless)|$48| |~~GMK Honey Base & Alphas (Bundle)~~|~~Brand New In Box~~|~~$380 sold for asking~~| |~~GMK Honey Novelties~~|~~Bra",breadboy679,0,5,nzykq6
1623708718,2021-06-14 22:11:58,2021,06,"[EU-FI] [H] Gmk metaverse Base kit, Rama kara Soya, Lck75 white [W] paypal",**Prices do not include shipping.** [Timestamp](https://imgur.com/a/kA285dA)  | Selling  | Condition    |  Price    | |:-----------|------------:|:------------:| | GMK metaverse Base kit | Opened but never used or mounted. Like new. | 400€   | ~~Rama kara soya~~ | ~~Opened never built. Like new.~~ | ~~250€~~ sold. |LCK75 White Kit Smooth Encoder |Opened but never built. |150€   Mainly shipping wit,beez_in_da_trap,0,1,nzyhs8
1623708615,2021-06-14 22:10:15,2021,06,[US-CA] [H] Leopold FC980C w/ Topre 45g [W] Local Cash,"[Timestamp](https://ibb.co/album/BqqcVD)  Full disclosure: I spilled some tea in the numpad area and since then, the numpad `0` and `.` keys are a little sticky. They are not super slow to come back up, but there is a difference vs unaffected keys. The `0` is the most affected key while you can feel a slight difference between the `.` and other keys. The rest of the numpad feels fine. I didn't ope",bluebeansoup,2,1,nzygen
1623708513,2021-06-14 22:08:33,2021,06,[US-NY] [H] Lots of Artisans [W] Paypal,"[Timestampooo](https://imgur.com/JtnVZgU)  &#x200B;  Hello!  Have some artisan keycaps for sale :) Open to offers! Discounts on bundles are available!  Free shipping to CONUS. May consider international.  \*\*Please comment below first, and then send PM. Thank you <3  Chats will be ignored.  &#x200B;  &#x200B;  |Artisan Maker|Name- Sculpt|Price (CONUS Free Shipping)| |:-|:-|:-| |Sludgekidd|Heartac",tenshiyoshi3,3,8,nzyf1e
1623708498,2021-06-14 22:08:18,2021,06,"[US-NC] [H] Tokyo60 v4, x90 Pewter Switches [W] PayPal","[TIMESTAMP](https://imgur.com/a/nnukX7f)  x90 Pewter Switches - **$75 shipped** First Class (CONUS Only)  *Stock, never mounted. No longer own the board I was going to put these in.*  ~~Take the bundle for~~ **~~$200 shipped~~** ~~priority, OR...~~  **~~\*\*\*\*SOLD\*\*\*\*~~** ~~Tokyo60 v4 -~~ **~~$135 shipped~~** ~~priority mail (CONUS Only)~~  *~~Owned for about a week and then I got my hands o",dtyrewilliams,1,3,nzyetn
1623708352,2021-06-14 22:05:52,2021,06,[Vendor] New Husky Linear Switches | Giveaway! | Kinetic Labs,"**====== CLOSED ========**  **Congrats to /u/SuperZestyWaifu**    Thanks all who participated! <3  **======================**  Hello all!  For those that haven’t heard of us, we’re [Kinetic Labs](https://kineticlabs.store/shop), a small team of 2 based in Jersey City, NJ.  We just launched [Husky Linear Switches](https://kineticlabs.store/switches/kinetic/huskies?utm_campaign=06-14-husky-launch&ut",Keybonbon,418,1618,nzycwz
1623708295,2021-06-14 22:04:55,2021,06,[Vendor] New Salmon Tactile Switches | Giveaway! | Kinetic Labs,[deleted],[deleted],1,0,nzyc42
1623708265,2021-06-14 22:04:25,2021,06,[US-CA] [H] PayPal [W] Infinikey Hive with Novelties,Particularly interested in the 6.25u hex spacebar. Prefer the Core kit but will also consider the Mega. Interested in the deskmat too. Open to GMK Spirit or GMK Lux also,limeade_,1,4,nzybpg
1623707952,2021-06-14 21:59:12,2021,06,[US-NY] [H] artisans [W] PayPal,"[Artisan Timestamp](https://i.imgur.com/D4uKpQQ.jpg)  Bonjour,  I have the following items for sale - **taking offers** on everything listed.   |Item Name|Price (shipped USA)|Available?| |:-|:-|:-| |Artkey Iron Set (Sirius, Bull, Devourer)|$2000|Yes| |Salvun Cu GMK Copper|$350|Yes| |YH (YoungsterHarris) Nightmare - Jams Wurst|$160|Yes| |YH (YoungsterHarris) Nightmare - Sludge|$160|Yes| |YH (Youngs",merciermonsieur,2,1,nzy7bo
1623707866,2021-06-14 21:57:46,2021,06,"[US-CA][H] OA Switches, Cobalt POM Switches [W] PayPal","https://imgur.com/a/265Dcw7  Have two sets of switches for sale:  Cobalt POM switches x70  Lubed with 205g0. Never used. Spring swapped to 67g. $60 (shipping included)  OA linear switch x69 Lubed with 205g0, filmed, 67g spring lubed with 105. Never used.  $65 (shipping included)  (((OA’s SOLD)))",steezerker,1,2,nzy68r
1623707827,2021-06-14 21:57:07,2021,06,[US-CO] [H] PayPal [W] Sol 2 or Dygma Raise Split Keyboard,[deleted],[deleted],1,1,nzy5q2
1623707815,2021-06-14 21:56:55,2021,06,"[US-NY] [H] BNIB Navy 7V [W] Paypal, PC Maja","[Timestamp](https://imgur.com/a/IWb9RgZ)   Looking to sell this BNIB Navy 7V. Comes with black aluminum plate, PCB, and everything in original packaging. Keyboard itself is still sealed.   **Asking for $1150 shipped/$1100 local**. Ready to be packaged up and shipped the next day with insurance & confirmed signature delivery.  Also looking to buy a unbuilt/like new PC Maja hotswap. Not looking to t",jacketjacked,3,1,nzy5k1
1623707376,2021-06-14 21:49:36,2021,06,[US-FL] [H] GMK Ashes + all kits & mat [W] Paypal,"[Timestamp](https://imgur.com/2NiXVQ0)  **Everything (except cable, only 1 month use) is sealed and brand new.**  **OBO! Priority goes to asking price, bundles.**   **US only, unless proxy.**  Have | Want :-: | :-: ~~[GMK Ashes bundle 2](https://imgur.com/MOYazPI)~~ | ~~$500 obo~~ sold ~~1x Base kit~~ | ~~$300 obo~~ sold ~~1x Ghost kit~~ | ~~$150 obo~~ sold ~~1x Lahar kit~~ | ~~$60 obo~~ sold  ~~1",Dropouter,1,7,nzxzpb
1623707187,2021-06-14 21:46:27,2021,06,"[US-MI] [H] Rama Jules (Ouro, hotswap) [W] PayPal","[Timestamp](https://imgur.com/a/UkXdgiM)  &amp;#x200B;  Was one of the first boards I ordered before realizing I much prefer 1800 and TKL.  Board is Ouro (Gold top, black bottom) with hotswap pcb, and isn't part of the issue they had with previous stock plate alignment.  Opened only to inspect for dings or scratches.  Sold for 475",danlab09,1,6,nzxxb7
1623707060,2021-06-14 21:44:20,2021,06,[US-CA] [H] PayPal [W] Gmk darling spacebar kit,[deleted],[deleted],1,1,nzxvmy
1623706863,2021-06-14 21:41:03,2021,06,"[KR][H] think6.5 le 2u, [W] PayPal","[timestamp](https://imgur.com/a/0SZggC8)  &#x200B;  |think6.5 le 2u|no build, extra solder pcb 1ea| $700 including shipping cost| |:-|:-|:-|",evolkey,1,3,nzxt4n
1623706797,2021-06-14 21:39:57,2021,06,[CA-ON] [H] PayPal [W] Infinikey Hive,"Looking for the Hive keycaps, preferably the mega set. Open to any other black with yellow text sets too. DM with offers!",BearATK,1,3,nzxs92
1623706632,2021-06-14 21:37:12,2021,06,[CA-ON] [W] Infinikey Hive [H] PayPal,[removed],[deleted],1,1,nzxq4x
1623706631,2021-06-14 21:37:11,2021,06,[EU-AT] [H] PayPal [W] GMMK Pro or Tofu65 with Switches,[removed],k_bo_flub,1,0,nzxq4d
1623706566,2021-06-14 21:36:06,2021,06,"[US-WA][H] Unbuilt Hex6C (Black, alu plate) [W] Local cash/Venmo/Zelle",~~[6C Timestamp](https://imgur.com/a/utYhWIx)~~   &nbsp;   ~~I am no longer in this hobby and am trying to sell off things that are finally delivering from past GBs. I am selling for actual cost **only locally** at this time. Total cost to me was [504 SGD (420 SGD for kit + 84 SGD for shipping)](https://imgur.com/a/9S8JzMf) which is [$380](https://www.google.com/search?q=sgd+to+usd&source=hp&ei=v8,nguyedt,5,11,nzxp9w
1623706410,2021-06-14 21:33:30,2021,06,"[US-NJ] [H] GMK Classic Blue Base + Ramas, Rama Internal Weight, 68x L/F Desoldered 67g Tangerine Switches [W] Paypal","[Timestamp](https://imgur.com/a/zAUOo0S)  ~~GMK Classic Blue Classic Base + Matching Rama X and O~~ **~~$400 OBO~~** ~~(not splitting the bundle) bnib unopened and sealed~~ Sold for $370  Rama Internal Weight **$120 OBO** (it was from an M60-A but I am almost certain it is the same as W01-A, comes with screws)  68x C3 Equalz x TKC Tangerine Switches (Desoldered with hakko desolder gun, 67g, spring",RelativeChance,2,4,nzxn8r
1623706178,2021-06-14 21:29:38,2021,06,"[EU-IE] [H] Foam inserts, Assembled DZ60 keyboard, Ink Painting keycaps, Dolch Keycaps, Brass plate, Sprit Springs [W] Paypal, Local cash"," [Timestamps.](https://imgur.com/a/pHUpoZp)  Hello everybody,  I am offering a few items for sale today. **I can only ship to Europe/UK**. For anybody in Ireland, local pick-up is possible in Limerick City. **Shipping is 10€.**  F**oam insert.** => **10€**  Foam inserts from from KBDFans. New package plus a few extras I had lying around.  **Assembled DZ60 keyboard.** => **50€**  The keyboard comes",Ickule,3,1,nzxk6o
1623706125,2021-06-14 21:28:45,2021,06,"[US-CA][H] ZTE x AE Boards Afternoon White, King Monarch Grey, TxKeyboards TX-66, Maja Polycarb, SquareX 60, GOK 7v PCB [W] Paypal, Primus PC Plate, ePBT Momo BAR3 Kit","# [TIMESTAMP!!](https://imgur.com/a/Wrrs2JW)  Shipping only to CONUS for now unless you want to pay the extra for international. Please PM- **no Chat** as I do not get it on mobile.  Local pickup in the OC/LA (92867) area available. Everything is OBO. Also interested in trades, so feel free to shoot me an offer.  WTB or trade for the following:  * Primus PC plate * ePBT Momo Spacebars BAR3 Kit  &#",FallenCow,0,6,nzxjif
1623706036,2021-06-14 21:27:16,2021,06,"[US-CA] [H] Think6.5 v2 Stormtrooper with Extras [W] PayPal, Zelle, Venmo","I have a Think6.5 v2 in the Stormtrooper colorway with accessories. Would like to sell the keyboard with all the extras - can part out if there are buyers lined up for everything.  &#x200B;  \- Think6.5v2 Stormtrooper (new, unbuilt - original bag is still sealed)  \- Solder PCB  \- RGB Kit  \- Noise Reduction Kit  \- Vibration Reduction Kit  &#x200B;  [Timestamps](https://imgur.com/a/pVqDZcA)  &#x",_My_st_,2,9,nzxibl
1623705761,2021-06-14 21:22:41,2021,06,"[US-NY][H] 7V, Keycaps (CRP R3, GMK, SA, ePBT) [W] Wish List, Zelle/Venmo/Paypal","[EVERYTHING](https://imgur.com/a/TCQHLaz) Timestamp  PLEASE READ  \*\*\* Please see Wish List below for WTB items \*\*\*  \*\*\* Items are available unless otherwise noticed or ~~Striked thru~~. \*\*\*  \*\*\* PAYMENT:  Local cash , Venmo, Zelle or Paypal. Payment for $75 and under via Venmo/Zelle only.  \*\*\*  \*\*\* SHIPPING:  I am not heading to PO and will give packages to my mailman. Please ",Audiobs,2,40,nzxeku
1623705512,2021-06-14 21:18:32,2021,06,[US-MA][H] Project Kepler FC65 - Price Drop [W] PayPal,"[Timestamp](https://imgur.com/a/U0XfvKQ)  CONUS only, no trades.  Contents: Kepler FC65 w/ 6.25u Aluminum plate and 3ft cable   extra 6.25u Aluminum plate   2x 6.25u Carbon Fiber plates   2 PCBs  ~~**$1800 Shipped**~~ **SOLD**  Plates are 6.25u so they won't work with the current PCB due to an [error](https://imgur.com/qZaTEfe). I can contact Project Keyboard to change the shipping address of repl",Stark002002,0,2,nzxb5y
1623705476,2021-06-14 21:17:56,2021,06,[US-CA][H] U80-Moon Hotswap PCV [W] Paypal,[https://imgur.com/a/xS7HAhh](https://imgur.com/a/xS7HAhh)  Rama U80 Moon - Hotswap PCB  Used very lightly for 3 months. The aluminum ano is in fantastic condition with a few signs of use/light scratches on brass plate. There are no scratches on brass weight or on the aluminum case. Came with slight ano imperfection inside of the board but is in no way visible. Comes with all original packaging.  ,stringbeanporksoup,2,2,nzxap3
1623705152,2021-06-14 21:12:32,2021,06,[US-CT] [H] GMK Honey Base Kit [W] PayPal,[removed],Omg_No_Whey,1,0,nzx6g7
1623705126,2021-06-14 21:12:06,2021,06,"[US-CA] [H] Jelly Epoch, GMK Alter[W] PayPal, Trades", [timestamp](https://imgur.com/a/D0kYFxH)  Item | Desc | Price ---|---|---- ~~Jelly Epoch~~| ~~Dewdrop w/ solder pcb and pc plate~~| ~~$975 shipped and insured OBO~~ sold ~~GMK Alter~~| ~~No shine Base+Falter+spacebars~~ | ~~$600 shipped and insured OBO~~ sold  or tkl trades,novafish520,0,4,nzx63j
1623705113,2021-06-14 21:11:53,2021,06,[CA-ON][H] PBT Amethyst Keycaps [W] Cash or Paypal,[deleted],[deleted],2,7,nzx5xi
1623704957,2021-06-14 21:09:17,2021,06,"[UK] [H] GMK Hyperfuse Origins, GMK Oblivion V1, GMK Bingsu Deskmat, BOB (B.O.B) Gengar Keycaps, RAMA Artisan Keycaps - GMK 9009 Swirls, ePBT Ivory [W] PayPal","[Timestamps!](https://imgur.com/a/ajm2F39)  &#x200B;  |Item|Condition|Price| |:-|:-|:-| |RAMA x ePBT Ivory PVD Brass Keycap|New, unused.|£80 + shipping| |RAMA x GMK 9009 Pink Swirl Keycap|New, unused.|£50 + shipping| |RAMA x GMK 9009 Beige Swirl Keycap|New, unused.|£50 + shipping| |GMK Bingsu Pattern Deskmat|Brand new, unused.|£50 + shipping| |GMK Oblivion V1 Base with White Alphas|Used, in bag.|£",Flyinglemon256,5,4,nzx3rl
1623704882,2021-06-14 21:08:02,2021,06,[US-CA][H] Rama Jules (Kuro); Jacky Bear 65% (e-White); Jacky Bear 65% (polycarbonate) [W] PayPal,"Timestamp: https://imgur.com/a/BhVxp1O  Hi,  I'm selling a few boards. These are brand new. The Rama x Zambumon Jules in Kuro (black top/gold bottom) is sealed as you can tell from the photos. The Jacky Bear 65% boards don't have seals so I opened to show the contents.  Prices below do not include shipping. I will be shipping from 90293 and a $25 discount will be given for local pickup.   Name | P",flashcats,3,3,nzx2p4
1623704863,2021-06-14 21:07:43,2021,06,"[US-WI] [H] Obliterated75 Built, T1 Switches, Kiwi Switches, Seal Linear Switches, Penguin Tactile Switches, Purple Panda PME Switches, INVYR UHMWPE Stems v2 batch v2 [W] PayPal",[T~~imestamp~~](https://imgur.com/a/hvyMihg)  ~~Cleaning out some items that I haven't been using or planned to use but never got around to it.~~  ~~Keyboard~~  * **~~Obliterated75~~** **~~Keyboard (Aluminum) -~~** ~~Slate Blue / A Stock - Built with Boba U4T 68g (Lubed with Tribosys 3203 / Not legs) and c3 stabilizers- Poron foam + shelf liner inside. - Used for a few days. -~~ **~~$390 Shipped~~,jthoms1,1,13,nzx2gq
1623704811,2021-06-14 21:06:51,2021,06,"[US-MA] [H] E-White Top/PC Bottom Think6.5v2 2U Schrodinger [W] Paypal, Trades","[Timestamps](https://imgur.com/a/qqHURXP)  SOLD for $600 shipped!  ~~EDIT: The top is cream, not e-white, just had to recheck with better lighting and I can now confirm it is cream.~~  ~~Hey everyone!~~  ~~Looking to offload my schrodinger think6.5v2 I got. Purchased an ocean one, so no need for 2. Faster sale preferred, so feel free to offer.~~  &#x200B;  ~~The board config is an cream 2U top, pc",eliblumkin,2,7,nzx1r7
1623704718,2021-06-14 21:05:18,2021,06,[US-CA][H] ETF and ProjectKey Artisan [W] Paypal,https://imgur.com/a/ryHOUXK  Thank you for checking out my post! Times have been rough and I’m hoping to sell these two. Preferably as a bundle. They are both new and never have been used.   Star Skull - sold  ETF Golden Saffron Fugkotsu - $120  Both - $180,Bsd-,3,3,nzx0g6
1623704618,2021-06-14 21:03:38,2021,06,[CA-BC] [H] NK 65 ee Cartridge Gold [W] PayPal,[removed],[deleted],1,0,nzwz1u
1623704547,2021-06-14 21:02:27,2021,06,[US-WA][H] Entry + Mid level boards/switches [W] Paypal,[timestamp](https://imgur.com/a/7xE5q1E)     Prices do not include shipping         Item | Price | Available ---|---|---- L+F Gateron black inks x87| $70 | yes GK61 + ePBT sushi + L+F gateron black optical switches | $100 | yes Kemove snowfox + Taihao cubic miami + Lubed tealios/UMWHPE stems | $100 | yes Monstargear alu xo v3 + GMK Dots + L+F alpaca switches | $850 | yes Lin Montage + GMK Botanica,Earlgreysaxophone,2,14,nzwy1x
1623704127,2021-06-14 20:55:27,2021,06,[US-FL] [H] GMK Alter Deskmat [W] PayPal,"[Timestamp](https://imgur.com/a/PMt6YkH)  Hello all, I will be selling the GMK Alter Deskmat that served as a desk mat for my other desk mats (I had it stacked beneath my other desk mats for some reason).   GMK Alter Deskmat - $100 shipped.   I tried including as many pictures as I could to show off the condition of the mat. I will ship it with the Bolsa Supply Deskmat wrapping (Included in the ph",Lexmacchiato,0,3,nzws2m
1623703961,2021-06-14 20:52:41,2021,06,[US-CA] [H] 2x HHKB Hybrid Type S [W] PayPal,"[timestamp](https://i.imgur.com/znaibJ8.jpg?1)  &#x200B;  Brand new HHKB Hybrid Type S (Left)  Price: 300 shipped  Info: This is a brand new HHKB Hybrid Type S. Never been unwrapped. Comes with box and everything as if you bought it brand new  &#x200B;  HHKB Hybrid Type S (Right)  Price: 280 shipped **\[SOLD\]**  Info: This HHKB has been taken apart and lubed, thats it. It comes with some keycaps ",CherryMXBlue,1,9,nzwps6
1623703751,2021-06-14 20:49:11,2021,06,[US-TX] [H] Navy RAMA Jules [W] Paypal,[removed],FNBlank,2,3,nzwmxp
1623703639,2021-06-14 20:47:19,2021,06,[US-FL] [H] GMK Ashes (Base) - $300 Shipped [W] PayPal,SOLD for $280 * ~~Timestamp: https://imgur.com/ENxG2oK~~ * ~~GMK Ashes Base Set (unopened) - $300 Shipped~~ * ~~Items will ship next day with insurance via USPS.~~ * ~~Please let me know if you have any questions!~~,mondren,1,5,nzwleb
1623703485,2021-06-14 20:44:45,2021,06,"[US-NY] [H] GMK Red Samurai, L+F Tangerines, L+F Black Inks, Random Frank P Black + White Deskmat, GMK Modern Dolch Deskmat [W] PayPal","Hey everyone,   [TIMESTAMP](https://imgur.com/gallery/7fETAoE)  Selling a bunch of items, Cleaning out the draws as we know.   &#x200B;  |Item|Description |Price| |:-|:-|:-| |GMK Red Samurai |Used, Mounted for 2 weeks, No Shine. Comes in GMK Box |$90 Shipped | |Random Frank P Deskpad - Black (2 Available)|Brand New in Box|$60 Shipped | |Random Frank P Deskpad - White|Brand New in Box|$60 Shipped |",PreparationWeekly168,2,8,nzwj9w
1623703288,2021-06-14 20:41:28,2021,06,"[US-CA] [H] Grey 45-ATS, Frosted Switch Couture Alice, PC Neuron [W] PayPal","[Timestamp](https://imgur.com/a/gjzBh1N)  # [Switch Couture Alice](https://imgur.com/7PjkDpp)  **$200 shipped CONUS**  * Frosted Clear, with Feet * Mechlovin Adelais En Ciel Rev.2 (Per-key RGB) USB-C PCB  # [45-ATS Gunmetal Grey](https://imgur.com/xMFrf7y) SOLD  **~~$530 shipped CONUS~~** **SOLD for asking**  * FR4 Plate * 1 PCB * PC Plate Extra * Plate Foam  # [Neuron Polycarbonate](https://imgur",brandonschlack,2,12,nzwgp9
1623703231,2021-06-14 20:40:31,2021,06,[US-MA] [H] Bear 65% Black [W] PayPal,"[Timestamp](https://imgur.com/a/qGQfGYK)  Gaskets already installed, 2 hotswab PCB's, plate x1. **Mint** condition;   **820.00** shipped USCON only.   Please comment before pm!   Thanks!",S2k2007,1,1,nzwg0b
1623702489,2021-06-14 20:28:09,2021,06,[US-CA] [H] Space65: Cybervoyager; Creamy White-Black Gold [W] PayPal,"Whats up mechmarket,  [T I M E S T A M P](https://imgur.com/gallery/PIrG7Pf)  I have here a creamy white-black-gold Space65: Cybervoyager in its original box and tools used for about a couple months. Starting a new keeb build and hopeful to sell this to someone who will love it and put it to good use.  Timestamp for keyboard and extras: [Timestamp](https://imgur.com/gallery/GPrv3Gh)  * **~~Built w",childish_ada,1,3,nzw5xt
1623702479,2021-06-14 20:27:59,2021,06,[Vendor] GMK Zooted Cerakote Cables now available at PEXON!,[removed],p3xon,1,1,nzw5sq
1623702419,2021-06-14 20:26:59,2021,06,[VENDOR] GMK Zooted Cerakote Detachable Kits now available at PEXON!,[removed],p3xon,1,1,nzw4ym
1623702140,2021-06-14 20:22:20,2021,06,"[US-CA] [H] 65%/75% Keebs (D65, Arisu Gothic70, LCK75), Keycaps (GMK Dualshot R1, EPBT Miami Nights), Switches (OpBlacks, Lavenders, Boba U4T Black), $50 All Artisans, Aviator Cables [W] Paypal / Local Cash","[TIMESTAMP](https://imgur.com/gallery/zomlp25)  Hello MM! Looking to get rid of some old stuff that's no longer being used. Price included are based on CONUS shipping, I'm open to shipping International but would like to keep things CONUS if possible. I'm local to 91733 Area Code in Socal if you want to save money and do a local meetup.  &#x200B;  **KEYBOARDS**  |ITEM|DESCRIPTION|PRICE| |:-|:-|:-|",Sonbry517,2,18,nzw1aj
1623701825,2021-06-14 20:17:05,2021,06,[US-NY] [H] Artisans [W] Artisans,"[Timestamp](https://i.imgur.com/NllyKDz.jpg)  **Looking to trade:** Not selling any of these!  - Deag: matte moon bean  - Latrialum xmas mistletoe arrows  - Bowbie bearbie: jingle girlbie  - Tokkipee sakura blanks: dianthus, amsonia, lavender butterfly, draconis serrulata  - JAK keymaker: island time cuddles, reflecting pool peek  - Alpha keycaps keyporas: mounting dread, crystal fatale  - Arcana ",grey_lin,3,1,nzvx1x
1623701589,2021-06-14 20:13:09,2021,06,[CA-ON] [H] PayPal [W] PBT Notions,"Hey, I'm looking for a PBT Notions set. Please DM if interested!",MissingPlatypus,2,2,nzvtsi
1623701457,2021-06-14 20:10:57,2021,06,"[US-MD] [H] Artisans [W] Trades, Paypal","[Proof](https://imgur.com/a/famomFW?s=sms)  Selling all artisans at retail (or what I paid) + shipping! If you're interested in trading, I am currently looking for: DSA Encore collab artisans, Poro Bean, 99c Bean, purple artisans.  KapCave  * Pearl CrimsonWeave - $55 * Actinic Pretender CrimsonWeave - $60 * ChocoWaffle CrimsonWeave - $55 * Cyprus CrimsonWeave (Copper Cold Cast) - $60 * Niji Crimso",umdtortuga,2,3,nzvrvi
1623701281,2021-06-14 20:08:01,2021,06,[US-AZ] [H] white vast 60 [W] paypal,"https://imgur.com/a/kmCdvE3  Hello! Received this the other day  and decided I don’t need it since I just built a new keyboard last week and need some extra cash. It’s brand new out of the box, and not in a hurry to sell so that plays a factor in the price. The price is negotiable possibly just send me a message.  Vast 60 Ansi - $200 shipped",TunezUS,2,5,nzvpbm
1623701164,2021-06-14 20:06:04,2021,06,[US-GA] [H] Glorious GMMK PRO White Ice [W] Paypal,"Thanks everybody, it's gone!     ~~Selling freshly built silver aka white ice GMMK PRO with nicely tuned Everglide stabs, polycarbonate plate without screws for a tiny bit of flex and consistent feel and Cherry Hyperglide MX black switches and foam taken out for richer sound. Asking $300+ shipping for everything. It still comes with all screws, foam and stock alu plate, it is built the way it is t",Pennywise359,0,10,nzvnqu
1623701117,2021-06-14 20:05:17,2021,06,"[UK] [H] Hex.6C A Southpaw Fullsize Keyboard in Black [W] PayPal, Revolut, Offers",[deleted],[deleted],1,2,nzvn2s
1623701069,2021-06-14 20:04:29,2021,06,[US-VA] [H] Rama x Minimal R2 [W] PayPal,[deleted],[deleted],1,2,nzvme7
1623700910,2021-06-14 20:01:50,2021,06,[US] Like new: Das keyboard 4root [paypal],[removed],[deleted],1,0,nzvk5h
1623700824,2021-06-14 20:00:24,2021,06,[EU-DE] [H] SA Dreameater [W] PayPal,"[timestamp](https://i.imgur.com/Qpg7GY4.jpg)  Selling SA Dreameater base kit, brand new and unused.  Item | Details | Price ---|---|--- SA Dreameater Base | New and unused | €130 plus shipping.  I'm prioritizing EU buyers because of the taxes/duties situation with the UK.  Please comment before sending a PM. Questions welcome. :)",anotherrrta,2,1,nzvivx
1623700555,2021-06-14 19:55:55,2021,06,"[CA-ON] [H] Black Maja, Silver Duck Orion v2.5 [W] PayPal","[Timestamp](https://imgur.com/a/6Df4DOW)  |[~~Black Maja Desoldered~~](https://imgur.com/a/YpwAv0v)|~~No addons, just the desoldered board and all of its original content. (The board itself, desoldered pcb, brass plate/weight, foam and all the screws). Will come with brand new feet Soundtest:~~ [~~https://soundcloud.com/flash-on-memes/maja-retooled-blacks~~](https://soundcloud.com/flash-on-memes/m",DanielsDraven,2,2,nzvf0t
1623699938,2021-06-14 19:45:38,2021,06,"[US-TX] [H] coiled mini xlr cables, Artisans [W] PayPal","https://imgur.com/a/TkhmCl1  Looking to clear space   Coiled cables are brand new and tested, 6” coil, 4ft detachable end, double sleev, usb C to usb A $54 shipped each or both for $100 shipped  Dissected spongebob $45 shipped  Prismatic aweigh $55 shipped   Can ship tomorrow",Fer-NanD,3,1,nzv6lf
1623699708,2021-06-14 19:41:48,2021,06,[US-MA] [W] GMK botanical base + novelties [H] paypal,[removed],carpear,1,1,nzv3ie
1623699609,2021-06-14 19:40:09,2021,06,"[US-NY] [H] MT3 WoB, x70 L&F Durock POM Linears [W] PayPal",[deleted],[deleted],3,5,nzv25l
1623699577,2021-06-14 19:39:37,2021,06,"[CA-ON] [H] Alpine 65 black mint condition [W] 450$ Local pick up, local trades, cash, EMT","[Timestamp](https://imgur.com/gallery/cOjQeUP)  **PLEASE READ BEFORE PMING!** Currently only looking for sales and trades that are local pick up in Waterloo, ON. Not looking to ship currently! Keycaps will be removed before all sales and are not included!  * ~~Alpine 65 Black hotswap~~    * ~~Basically brand new in mint condition, assembled and used for less than an hour~~    * ~~Built with hotswa",Hot-Sign7998,2,9,nzv1pp
1623699316,2021-06-14 19:35:16,2021,06,[US-IN][H]PayPal [W] 70 LF Lavender Switches,Lubed with 205/105 on springs. I’m not too particular on film.   Thanks!,Schrute-Valorant,1,2,nzuy64
1623698959,2021-06-14 19:29:19,2021,06,[US-MD] [H] Polaris WKL Grey w/extra POM plate [W] Paypal,"[Timestamp](https://imgur.com/gallery/qYiB6Ju)  Asking $580 shipped  Grey Polaris in perfect condition, brass weight in perfect condition too. Built on original plate with Lubed and filmed Gat Black Ink V2's, function key has a cherry lock key. Includes brand new still in packaging Green Door Geeks POM Plate from the latest buy. Bought this and never had time to use it.",ImAmnestey,3,5,nzutcq
1631663277,2021-09-14 23:47:57,2021,09,[deleted by user],[removed],[deleted],0,4,poekkd
1631663219,2021-09-14 23:46:59,2021,09,[US-NY] [H] PayPal [W] NK65 Entry Edition Beige,"looking for an nk65 ee in beige, preferably with lubed stabs",bryanay1,1,3,poejyc
1631663216,2021-09-14 23:46:56,2021,09,[US-TX][H] Paypal [W] Unikorn,"Hey! I’m looking for a unikorn either round 1 or 2.1! I don’t really care about color, but I don’t want pc though! I’m preferably looking for unbuilt, but I don’t mind built too! PM me with offers!",hungrypandas8,1,2,poejx2
1631663035,2021-09-14 23:43:55,2021,09,"[US-CA] [H] Return60, Oxalys, Revo RJ, Salamander, Klippe S, BSP, retools (l&f), Jelly Key Zen Pond III [W] Paypal, ETF PS1 caps","[Timestamp.](https://imgur.com/a/IkT9Ung) If something is in the timestamp but not listed below, it is not for sale/trade.  All prices are USD and include conus shipping.  I can ship internationally and shipping will be added to the listed price. Please let me know if any of my prices are off.   As always, please comment and pm.  **My stuff**:  Item | Price | Description ---|---|--- Return 60 | 37",higgga,7,3,poei44
1631662848,2021-09-14 23:40:48,2021,09,[EU-AT] [H]4 * 2 Architeuthis Dux PCBs [W] Paypal,"Timestamp: [https://imgur.com/a/i79D743](https://imgur.com/a/i79D743)  I'm looking to sell 4 \* 2 Architeuthis Dux PCB's. Price per pair is 12€ + Shipping ofc  Beware, this is a Kailh LP switch board.  2 Pairs sold to u/snooze107  1 Pair sold to u/alterecco  1 Pair sold to an irl friend.  Please comment before you PM me.",ISO-DE-User,2,5,poegad
1631662426,2021-09-14 23:33:46,2021,09,[deleted by user],[removed],[deleted],1,8,poeby5
1631662244,2021-09-14 23:30:44,2021,09,[US-CA] [H] Paypal [W] Lilac switches,"hey everyone, i’m looking for at least 12 lilac switches. can be either stock or lubed and filmed. i’m also open to local pickup in 92841.",BumptiousPlywood,1,4,poea3m
1631661971,2021-09-14 23:26:11,2021,09,[deleted by user],[removed],[deleted],1,6,poe7cc
1631661557,2021-09-14 23:19:17,2021,09,"[US-CA] [H] Rama Kara Iced SEQ, Keycult Keycap [W] PayPal","[timestamp](http://imgur.com/a/1WSkMpi)  $250 shipped - BNIB Rama Kara Iced SEQ1 (brand new, never used)   $75 shipped- Keycult Keycap (brand new, sealed)   PM if interested. Shipping is for CONUS only.",liceaben,1,2,poe34p
1631661426,2021-09-14 23:17:06,2021,09,"[US-TX][H] GMK Classic Blue Base, Voice 65, Black WKL Polaris, Black WKL Sangeo 60, Switches, and PayPal [W] PayPal, PBT Darling base kit, Stock Lavenders, and Banana splits",[deleted],[deleted],0,7,poe1t5
1631660017,2021-09-14 22:53:37,2021,09,[US-KY][H] GMK Apollo base kit and deskmat [W] Paypal,"[timestamp](https://imgur.com/n7RrVwY)  ~~sealed gmk apollo base kit - Sold for $275~~  unopened lost in space deskmat - $65  Prices are conus and obo. please put ""pm"" here first and send message not chat. thank you.",EvilCarni,0,9,podn6j
1631659985,2021-09-14 22:53:05,2021,09,[US-NY][H] Paypal [W] Voice 65 FR4 Plate,"LTB voice 65 FR4 plate, pref split backspace & stepped caps compatible but stock hotswap layout is also fine.  Please comment before PM",ranqr,1,2,podmsz
1631659735,2021-09-14 22:48:55,2021,09,[US-IL][H] E-White 7V w/ Extras [W] PayPal,"[Timestamp](https://imgur.com/a/FqT5wSb)  Inquiries regarding splitting up any extras will be ignored. PM is preferred over chat.  &#x200B;  |Item|Cost|Description| |:-|:-|:-| |SS/E-White 7v + extras|~~$900 + Shipping CONUS~~ Sold for asking|Total kit includes two polycarbonate plates with plate foam, and two PCBs, one of which has been cleanly de-soldered and tweezer-tested. Additional PCB has al",TheDoctorWhoXI,1,5,podk8a
1631659541,2021-09-14 22:45:41,2021,09,[deleted by user],[removed],[deleted],2,3,podi6b
1631659455,2021-09-14 22:44:15,2021,09,[deleted by user],[removed],[deleted],1,0,podha4
1631659421,2021-09-14 22:43:41,2021,09,"[US-AL][H] KBDfans E-Gray D45 with FREE mystery Artisan, KBDFans Black D45 with FREE mystery Artisan, & Vortex Vibe [W]Paypal/Trades","CON-US Shipping ONLY  TIMESTAMP:  [https://imgur.com/gallery/hjotSTs](https://imgur.com/gallery/hjotSTs)  &#x200B;  |~~E-Gray KBDFANS D45~~  PENDING|~~$320 SHIPPED~~ PENDING|E-Gray Color, Brass Plate, Hotswap, Both pieces of foam; original box included. Used for one month. FREE mystery artisan included!| |:-|:-|:-| |~~Black KBDFANS D45~~  SOLD|~~$300 SHIPPED~~  SOLD|Anodized Black Color, Brass Pla",Enigmatologists,0,4,podgwo
1631658771,2021-09-14 22:32:51,2021,09,[deleted by user],[removed],[deleted],2,2,poda4t
1631658730,2021-09-14 22:32:10,2021,09,"[US-MI] [H] Paypal, local cash [W] Lubed Bobagum RGB or U4 RGB",Looking to build a sofle rgb. The RGB is just for key backlight for dark conditions at home.  But I need something silent for work so don't get told not to bring it back. I am possibly open to other silent switches as long as feel/sound and price are similar.,MaddWolfgramm,2,3,pod9pt
1631658717,2021-09-14 22:31:57,2021,09,"[US-CA] [H] Mercutio, Discipline 65, GMK Godspeed Columbia, /DEV/TTY/, Tofu 60 [W] Paypal","Imgur:  [https://imgur.com/a/1B9MpTZ](https://imgur.com/a/1B9MpTZ)  * Mercutio - Built with JWK linear switch lubed with tribosys 3204, durock v2 alpaca edition stabs, and xda keycaps from kbdfans. $120 + shipping. SOLD * Tofu 60 - Built with alpaca switches ( filmed and lubed with tribosys 3204 + krytox 105 on springs), Alpaca edition durock v2 stabs on the spacebar and c3 stabs on the rest. Keyc",Kss98031,1,15,pod9ke
1631658516,2021-09-14 22:28:36,2021,09,[US-MA] [H] Paypal [W] KAT Artic,[removed],_wrd_,1,4,pod7f8
1631658378,2021-09-14 22:26:18,2021,09,"[US-MI] [H] Paypal, local cash Lubed Bobagum RGB or U4 RGB",[removed],MaddWolfgramm,1,2,pod5yv
1631658364,2021-09-14 22:26:04,2021,09,[US-IN] [H] Paypal [W] KBD67 Lite Kit,"Looking for KBD67 Lite (R1 or R2), preferably kit but will consider just case, pcb, ect.",AlsoBenji,1,3,pod5sg
1631658258,2021-09-14 22:24:18,2021,09,[US-VA][H] Tokyo 60 silver w/ Tealios v2 67g and KDB67 gray w/ Okomochi [W]PayPal,[removed],[deleted],2,5,pod4n2
1631658162,2021-09-14 22:22:42,2021,09,[deleted by user],[removed],[deleted],1,6,pod3kr
1631658031,2021-09-14 22:20:31,2021,09,[TH] [H] PayPal [W] Artisans CYSM Coconut Avo,"Hello,  I'd like to buy CYSM Banana, Coconut, Cucumber Avo.  Thank you very much!  http://imgur.com/gallery/UZzdovY",EstablishmentFew8568,2,2,pod26a
1631658020,2021-09-14 22:20:20,2021,09,[US-NY] [H] PayPal [W] Matrix 2.0add light grey,Looking for a 2.0add in light grey.   Let me know if you have one!,lirtle,1,2,pod21s
1631657822,2021-09-14 22:17:02,2021,09,[US-CA] [H] GMK Frost Witch Base [W] Paypal,"\-GMK Frost Witch $400 shipped   Brand new and sealed, local to 91605.   Timestamp: [http://imgur.com/a/83rrPlZ](http://imgur.com/a/83rrPlZ)",Doomed_est,0,13,poczwo
1631657798,2021-09-14 22:16:38,2021,09,"[US-MI] Paypal, local cash [W] Lubed Bobagum RGB or U4 RGB.",[removed],MaddWolfgramm,1,2,poczmx
1631657670,2021-09-14 22:14:30,2021,09,"[US-TX] [H] Artisans [W] PayPal, Lolas & Pilgrims",[**Timestamp**](https://imgur.com/a/1zyoDpc)  Looking to sell the following items or trade for wish list items. Prices include CONUS shipping and PayPal fees. Priority will go to bundles. Let me know if you would like to see more photos.  **Comment before PMing. No chats.**  [Click here to send a PM](https://www.reddit.com/message/compose/?to=kakiharaOne)  ## Items for Sale or Trade  |**Maker**|**,kakiharaOne,5,4,pocy7u
1631657579,2021-09-14 22:12:59,2021,09,"[US-CO] [H] 87x L+F Lavenders + 1 L+F Alpaca, 110 Mauves [W] Paypal, Local Cash","[Timestamp](https://cdn.discordapp.com/attachments/642523468390465540/887901008209014784/image0.jpg)  CONUS ONLY  |[Hotswap FB60 PCB with poron case foam that can fit 80% and pcb foam](https://media.discordapp.net/attachments/642523468390465540/887546588401135656/image0.jpg?width=331&height=441)|works all perfectly fine, didn't end up using sadly|60 Shipped OBO|Available| |:-|:-|:-|:-|   &#x200B; ",TTCRampage,2,14,pocx7m
1631657446,2021-09-14 22:10:46,2021,09,[US-TX][H] Built KBD lite and switches[W]PayPal,"[https://imgur.com/a/wDMsB0E](https://imgur.com/a/wDMsB0E)   I have a V1 transparent KBD lite in good condition, it's built with lubed Gateron Milky tops and Mistel WoB. Will come with all the accessories.  Asking SOLD SOLD SOLD  Switches  120x Stock TECSEE Purple pandas - $45 shipped  90x Stock Mode Signal tactiles - $30 shipped",Rizmass,1,7,pocvqg
1631656621,2021-09-14 21:57:01,2021,09,[UK] [H] Paypal [W] SA Godspeed: Lunar Milky Way,"Hello,  I'm looking to purchase a set of the Lunar Milky Way keycaps from the latest SA Godspeed round on Drop.  Please comment then PM!",Tommmo456,1,2,pocmgw
1631656257,2021-09-14 21:50:57,2021,09,[Bulk] Super Switch Sampler,# [Click here to build your own custom switch sampler!](https://forms.gle/5U8FxHCdz1Dc9nuw6)  Please comment and PM me before/after submitting a form. Thanks!  CONUS shipping included. Unfortunately I will not ship internationally atm due to the rising shipping cost and odds of losing packages. Sorry about that.  The switch sampler will be offered in the following sets at a **flat rate** (you can ,dcvan24,2,19,pocigc
1631656049,2021-09-14 21:47:29,2021,09,"[US-CA] [H] Lubed Durock POM linears, L/F Gat Yellows KS-3, Black KBD67 V3 Alu case, EPBT WoB [W] Paypal","[Timestamp](https://imgur.com/a/ZSkCyZt)  Switches and keycaps will be shipped in bags. Keycaps can be shipped in original box/tray for extra;  Primarily shipping to CONUS, but will consider shipping to Hawaii but there will be extra fee to account for shipping  Comment before PM  **ITEMS for sale**  |**Item**|**Description**|**Price**| |:-|:-|:-| |21x Durock POM linears|lubed all parts of stem, b",SoCal_Sentient_966,2,11,pocg55
1631655974,2021-09-14 21:46:14,2021,09,"[US-FL] [H] PayPal [W] GMK Mizu Base, Novelties, Bars, White Mizu RAMA, GMK Apollo RAMA","Comment before PM, please. :)",MegaMan_Gaming,0,3,pocfbf
1631655738,2021-09-14 21:42:18,2021,09,"[US-NV] [H] Initial D themed Planck, Tofu HHKB build w/ brass weight, Lubrigrante [W] PayPal","[timestamp](https://imgur.com/a/4pojR7m) __________ **Initial D Planck** with F10 keycaps  This is the DROP Rev 6 Planck (plays music; currently have a few songs keybound. Will share the file with you. Songs included Linkin Park, Crystal Theme from FF, Mario, Zelda, and a Nier Automata song.)  Soldered on a rotary encoder with a thick anodized aluminum knob. I programmed it to scroll up and down p",Koenigspiel,7,2,poccqb
1631655673,2021-09-14 21:41:13,2021,09,"[US-IA][H]Space 65 CV Ocean, Amalfi Bundle, MOOE, Korby, Bricked Rama M10 C , other artisans, HolyPandas [W] Paypal","Hey MM,[Timestamp](https://imgur.com/a/gEGzi2v)  &#x200B;  It's with a heavy heart that i come to you today. I need to let go one of my boards to help offset costs of my future wedding(there's some good). So I'm Letting go of my Space 65 and some other things to offset future costs. Feel free to ask questions or for more photos.  So here is the list:  Board with spare pcb\*:\*  * Space 65 CV Schro",Ayeohhhhhhh,2,41,pocc1d
1631655638,2021-09-14 21:40:38,2021,09,[US] [H] Paypal and venmo [W] keycaps,[removed],[deleted],1,4,pocbnd
1631655552,2021-09-14 21:39:12,2021,09,"[US-WI] [H] Canoe Gen 2 Hotswap (Panda Black/White), Rekt 1800 (eWhite Hotswap), GMK Apollo (Base, Novelties, Deskmat) [W] Paypal","[Timestamps/Pics](https://photos.app.goo.gl/6FDM6gSxqtpbs2X69)  ___   _____ **Have:**  **~~Canoe Gen 2 Panda edition: $410 shipped CONUS~~**: **Sold for $400 shipped**  * ~~Includes all accessories and extras of normal Panda Edition canoe. So Silver plate, midframe, white top case, black bottom case, silver weight, etc.~~ * ~~Comes with original box and accessories.~~ * **~~EXTRAS~~**~~ Including ",fifasarajevo,2,6,pocapf
1631655537,2021-09-14 21:38:57,2021,09,[US-OH] [H] Ducky One 2 SF [W] Paypal,"Have a used ducky sf (cherry blues), great condition, no damage, works fine. Ships in original box with extra keycaps and cable. Asking $70 shipped.  [https://imgur.com/a/MUmPw4o](https://imgur.com/a/MUmPw4o)",Competitive_Party742,3,2,pocaja
1631655501,2021-09-14 21:38:21,2021,09,[US-GA] [H] Stellar65 [W] PayPal,"[Timestamp](https://imgur.com/mbDrepR)  Hi mm, I'm selling my Stellar65 today. :)  |**Item**|**Price**|**Info**| |:-|:-|:-| |Stellar65 [(pics)](https://imgur.com/a/nEg7J6Q)|$290 shipped|I'm the 2nd owner. It is built with 62g Alpacas lubed with 205g0 and filmed (70g on spacebar), and durock v2 stabs lubed with 205g0. PCB has per-key and underglow RGB. There is a slight [crack](https://imgur.com/a/",Destroyerduck123,0,2,poca63
1631655483,2021-09-14 21:38:03,2021,09,"[GB] MFR case for Minivan PCBS, open now :D","[Here's an image](https://assets.bigcartel.com/product_images/315543276/mfrgud.png?auto=format&fit=max&w=2000)  [Link to purchase](https://www.rainkeebs.mx/product/mfr-case-groupbuy)  Hey friends :)MFR is a tray mount aluminum case compatible with Minivan and minivan-compatible pcbs. It's made from bead blasted and anodized 6061 aluminum and offered in 4 different colors: Silver, Blue, Gold, and P",GeniuzGames,59,8,poc9za
1631655311,2021-09-14 21:35:11,2021,09,[deleted by user],[removed],[deleted],2,8,poc81x
1631655233,2021-09-14 21:33:53,2021,09,"[US-VA] [H] built budget board [W] PayPal, local cash",[removed],Willlikestech,1,12,poc75m
1631655049,2021-09-14 21:30:49,2021,09,"[UK] [H] Hex.6C A Southpaw Fullsize Keyboard in Black [W] PayPal, Offers","[~~Timestamp~~](https://imgur.com/a/O5e4q0g)  ~~Hex.6C (hex6c) A Southpaw Fullsize Keyboard in Black~~  ~~Brand new just unboxed for pictures, open to various offers~~  * ~~Aluminum Case~~ * ~~1 of 300ish made~~ * ~~Gasket mount~~ * ~~6.9 degree typing angle~~ * ~~PCB included, USB C~~ * ~~Black~~ * ~~Plate material: Aluminum~~ * ~~It can be ISO or ANSI you can pick when soldering~~  ~~Price: 465 ",Demon4932,7,2,poc50z
1631654723,2021-09-14 21:25:23,2021,09,"[US-CA] [H] KBDX8 MKII Polycarb Black Built, U4T L/F x70, GMK Kaiju [W] Paypal","[Timestamp](https://imgur.com/a/J0zcWBk)  &#x200B;  |Item:|USD Shipped CONUS:| |:-|:-| |KBD8X MKII WKL Polycarb Black (Built with MakerKeyboards Hotswap PCB, Stupidfish plate foam, Poly Plate, Durock L7's L/F 205g0/deskey, Durock V2 stabs with Stab pads. will also come with extra screws, torx driver, brass plate.)|$430| |~~Gazzew U4T 68g x 70 L/F Tribosys 3203, donut dipped springs, deskey films~~",GodLeeBarnes,1,8,poc13s
1631654558,2021-09-14 21:22:38,2021,09,"[EU-SE] [H] Bauer 2 Cyan/PC [W] f1-8x, Matrix 2.0add, Matrix 1.2og","[~~Timestamp~~](https://imgur.com/a/GbMX4iA)  ~~Looking to trade for above mentioned boards. Might also want some cash in-between to make it fair, but if you have a nice colorway and lots of extras, I could be interested in a 1:1.~~  ~~Other TKLs in the same price range~~ *~~might~~* ~~be of interest. HMU with your offer, no Time80's or Jelly's though.~~  ~~EU trades preferred.~~  &#x200B;  SOLD F",eliber14,2,6,pobz4t
1631654248,2021-09-14 21:17:28,2021,09,"[UK] [H] Boba U4 Switches, GMK Penumbra [W] PayPal","[Timestamp](https://imgur.com/a/X4eVMNE)  &#x200B;  Hi there,  &#x200B;  ~~I have for sale 110 x 68g Boba U4 Silent Tactile Switches in the RGB variant. This means they have a clear top housing and a large gap for SMD LEDs. These are completely stock. I'd like £45 + shipping for these.~~ SOLD  &#x200B;  ~~I also have for sale a GMK Penumbra Keycap set that I purchased second hand. See the pictures",m00ds,1,8,pobvm4
1631653800,2021-09-14 21:10:00,2021,09,[EU-DE] [H] Moonlander ZSA white w/ Cherry MX Brown Switches [W] Paypal,[Timestamp](https://imgur.com/Oxix59q)  Hey there!    I am selling my 3 weeks old ZSA Moonlander. I was coming from a standard Apple Keyboard and it was just too big of a switch for me. And it’s not worth just having it laying around as I am planning to look into a Planck keyboard that might fit my needs better.    It is a white ZSA Moonlander Mark 1 with Cherry MX Brown switches. It includes all ,lejboua,1,6,pobqc6
1631653701,2021-09-14 21:08:21,2021,09,[US-MI] [H] PayPal [W] GMK First Love Deskmat,"Hi everyone,  Decided to go on the hunt for gmk first love deskmat to go with my set, if anyone has one, please let me know. Leads would also be appreciated as well. Take care and stay safe out there!  Please comment before sending a dm",ABash11,7,2,pobp7g
1631653698,2021-09-14 21:08:18,2021,09,"[US-CA] [H] RAMA KARA Iced, W02-A Internal Dampener, KARA Noct Backplate, Modern Dolch Light Circles Deskmat, Konpeitou Switches with matching Stab, Coiled Cables [W] Paypal/local cash","See newer post:  &#x200B;  Imgur timestamp: [https://imgur.com/a/CQSvAvH](https://imgur.com/a/CQSvAvH)  &#x200B;  * [RAMA KARA Iced](https://imgur.com/XQqUvUY)**: $200.** Got it new, built it with care, built for the photoshoot. Used for 30 min for soundtest. Like New. Hotswap PCB and comes with Durock v2 clear stabs lubed with 205g0 and band-aid mod this clear [First Aid Tape](https://www.amazon.",jovehu19941031,2,2,pobp5o
1631653416,2021-09-14 21:03:36,2021,09,[US-WA] [H] Built Silver Frog TKL F12 [W] PayPal,"[Timestamp and Pictures](https://imgur.com/a/qnF644Z)  I got a built silver F12 Frog TKL from the very first drop that I am looking to sell to recoup money from building my endgame keyboard.  It has a scratch/chip (?) on the front side of the keyboard but other than that there are no scratches/etc anywhere else  It's built with Xelus solderable PCB, Aluminium plate, 50a Tadpoles, Holy Bobas with (",wonkiewonko,22,10,poblte
1631653279,2021-09-14 21:01:19,2021,09,[EU-IE] [H] PayPal [W] KAT Drifter,"Howdo,  Looking for KAT Drifter sets. Specifically the following items:  ~~- Dark Alpha's~~  ~~- Mods~~  ~~- Dark Spacebars~~  \- 40s / Ortho  &#x200B;  Comment before PM, no chats.  &#x200B;  Thanks!",holy_foot_fingers,1,3,pobk5k
1631653258,2021-09-14 21:00:58,2021,09,[US-WA] ]H] Built Silver Frog TKL F12 [W] PayPal,[removed],wonkiewonko,1,2,pobjw6
1631652927,2021-09-14 20:55:27,2021,09,[US-CA] [H] PayPal [W] GMK Perestroika Base + Usual,"As the title says, I'm looking for GMK Perestroika Base and Usual kit. Sealed is preferred but any condition is really fine. Please comment before PMing. Thank you!  EDIT 1:  Base purchased, only need Usual kit now. Thank you!",wtfjostin,1,4,pobfsm
1631652742,2021-09-14 20:52:22,2021,09,[US-GA] [H] Paypal [W] GMK Metaverse or GMK Alter Novelties,"Title.  pp g & s.  conus preferred, but open to international.",ProblemNo8376,1,2,pobds0
1631652621,2021-09-14 20:50:21,2021,09,"[US-GA] [H] Paypal [W] Nixie/nixdorf black switches, nixie/nixdorf white switch, Jane V2 CE, OTD 356 Mini, Jelly Epoch","hey mm, looking for the following things  ~~90 Nixie black switches, willing to pay $11 per switch~~  ~~1 Nixie white switch, willing to pay $220~~  ~~Black Jane v2 CE/OTD 356 - $5000~~   **Bought**  Jelly Epoch any color - (not really sure if I want this, just want to see what kind of offers I can get and what people are looking for)  please comment before pm",AlarmSheep,8,9,pobchd
1631652321,2021-09-14 20:45:21,2021,09,[US-NY][H] Paypal [W] Realforce R2 Full Sized,Prefer white and silenced,stolenweapon,1,2,pob93p
1631652010,2021-09-14 20:40:10,2021,09,[deleted by user],[removed],[deleted],5,5,pob5qa
1631651715,2021-09-14 20:35:15,2021,09,[deleted by user],[removed],[deleted],1,2,pob2cb
1631651696,2021-09-14 20:34:56,2021,09,[US-CA] [H] GMMK FR4 ISO White [W] Paypal,Timestamp: https://imgur.com/a/mu9nj5S  I purchased a FR4 Plate with the ISO Layout in error and have ordered the correct ANSI layout for my board and wanted to sell here!   Located in the Los Angeles Area for pickups!   Was looking to sell at retail cost I paid for $25 and to cover S&H!,WhatRShowers,0,2,pob23b
1631651389,2021-09-14 20:29:49,2021,09,[US-PA] [H] Eat the Food ETF Al Bumen B-1000 Artisan Cap [W] Paypal,[deleted],[deleted],3,3,poayfb
1631651368,2021-09-14 20:29:28,2021,09,"[US-VA] [H] Typemachina x TGR Jane v1.5 Silver WKL [W] Paypal, local cash","[Timestamp](https://imgur.com/a/0IJEyYH)  [Pics](https://imgur.com/a/v1BUzFv)  HI, I am looking for a new home for my Jane V1.5 that I barely used since I primarily use my 60% for gaming. I purchased the board on here 9 months ago so I'm just looking to make the money back. My room is a little dusty so if you spot anything that looks like a mark let me know and I will be happy to retake a picture.",Bushiebush,0,2,poay68
1631651169,2021-09-14 20:26:09,2021,09,[US NY] [H] paypal [W] voice65 fr4 plate,[removed],ranqr,1,2,poavwb
1631651159,2021-09-14 20:25:59,2021,09,[US-MD] [H] PayPal [W] Signature Plastics SA PBT Keycaps,"Decided I just don't like ABS keycaps. Looking for Signature Plastics PBT keycaps. IIRC they only make SA profile, but I'm open to other good PBT caps as well.     Comment before PM. Thank You.",NovaForceElite,1,4,poavs0
1631651113,2021-09-14 20:25:13,2021,09,[deleted by user],[removed],[deleted],1,10,poav7y
1631651062,2021-09-14 20:24:22,2021,09,[deleted by user],[removed],[deleted],1,1,poauns
1631650799,2021-09-14 20:19:59,2021,09,"[US-CA] [H] Charcoal Grey Eniigma Vertigo, Navy Hex3c w/ extras, Yellow Tofu60, SA Bliss, Black BBOX60 Build [W] Paypal, cash","Hey Mechmarket,  Timestamp: [https://imgur.com/a/CPb5va3](https://imgur.com/a/CPb5va3)  Cleaning up the closet and here is what I have to sell:  &#x200B;  ~~Navy Hex3c -~~ **~~$250 built shipped or $220 shipped unbuilt or OBO~~** **Sold**  \- built pom plate with lubed and filmed soho switches with dz60  \- lubed/clipped/holee modded cherry stabs  \- extras: Brass plate and aluminum plate  \- Keyc",steelbone532,3,20,poarhj
1631650798,2021-09-14 20:19:58,2021,09,"[CA-ON] [H] Cash, Paypal, etransfer [W] NK65 case alu or ee","Looking for a replacement/upgrade case for my NK 65 (don't need any of the other components like PCB/stabs/plate/etc.) Please pm price shipped to Toronto, Ontario, Canada. Ideally looking for within canada but open to north america.",XFlamewithin,1,3,poarhd
1631650273,2021-09-14 20:11:13,2021,09,"[CAN-ON] [H] Cash, Paypal [W] NK 65 Alu/EE case",[removed],XFlamewithin,1,2,poakzn
1631650015,2021-09-14 20:06:55,2021,09,"[US-WA] [H] 7v (Gray), PC Polaris (WKL), Think6.5 V2 (Darth Vader), Extra 7V PCB, Extra Think6.5 V2 PCB (2u) [W] Paypal",[TIMESTAMP](https://imgur.com/a/lmgJ5C5) CONUS Preferred (international pays shipping + any extra fees)  Hey guys! Looking to sell to continue pay off tuition and the phone i dropped in the lake last week 🤢  ~~7v -  $950 shipped Brand New PCB & PC Flex plate \*used but sat on shelf for a few months with not much use. 9.5/10 condition.~~ **SOLD**  ~~Pc Polaris (WKL) - $600 shipped New Hotswap PCB f,ImKindaKev,7,9,poai37
1631649881,2021-09-14 20:04:41,2021,09,[deleted by user],[removed],[deleted],1,2,poagjr
1631649862,2021-09-14 20:04:22,2021,09,"[US-NY] [H] Dwarf Factory Kraken/Gnarly Drakon/Chippy Cookies, Systematik Cheshires, MMCaps Gengar Mutation Artisans [W]Paypal",**Timestamp** [**https://imgur.com/a/Q6EMGTc**](https://imgur.com/a/Q6EMGTc)  More photos are in the album  1. Dwarf Factory Pastry House - **Chippy Cookies** \- $70   2. ~~Dwarf Factory Kraken -~~ **~~Radium SA~~** ~~- $105 SOLD~~ 3. Dwarf Factory Garnly Drakon - **Crambione SA** \- $85 4. Systematik Cheshire - **Heterochromia V3** \- $50 5. Systematik Cheshire - **8Bit V3**  \- $55 6. MMCaps Gen,TheMachyna,4,7,poagby
1631649760,2021-09-14 20:02:40,2021,09,"[US-CA] [H] Artisans (Zorbcap, ETFs, Meof Studio) [W] Paypal",[Timestamp](https://imgur.com/mCunbpm)  Prices includes CONUS shipping.  ~~Deep Sea Flora - 97~~  Meof Studio Pinky Dino - 71  VW4 Menloe - 100  Dynamo Core Fugkotsu - 100,newbatthis,7,7,poaf19
1631649705,2021-09-14 20:01:45,2021,09,"[US-NY] [H] Tengu, SA Dualshot, Infinikey Port [W] PayPal","[TIMESTAMP](https://imgur.com/a/eTGQCqw)  &nbsp;  Prices include fees/insurance/shipping to contiguous US.  Not looking for trades.  &nbsp;  Item | Description | Price ---|---|--- [Tengu](https://imgur.com/a/qb6RBLE) | Not looking to split. Aluminum/brass/carbon fiber plates. Original case. Desoldered brass plate build, PCB was tested afterwards. Basically in perfect condition, didn't use the boar",BANANA_NUT_PANCAKES,3,7,poaeco
1631649476,2021-09-14 19:57:56,2021,09,[deleted by user],[removed],[deleted],1,2,poabgy
1631649306,2021-09-14 19:55:06,2021,09,[deleted by user],[removed],[deleted],1,4,poa9gw
1631649232,2021-09-14 19:53:52,2021,09,[Vendor] Banana Split Extras go live this Thursday!,"[https://imgur.com/a/GYo1fkm?s=sms](https://imgur.com/a/GYo1fkm?s=sms)  Happy Tuesday! The long awaited [Banana Split extras](https://thekey.company/) are happening this Thursday, September 16th, at 3PM EST. Join us for two drop times:  \-Daytime Drop: 3PM Eastern / 12PM Pacific  \-Nighttime Drop: 9PM Eastern / 6PM Pacific  Banana Split Switch Specs:  * Linear switch (smooth keypress with no tacti",TheKeyCompany,0,6,poa8k0
1631649152,2021-09-14 19:52:32,2021,09,[deleted by user],[removed],[deleted],0,2,poa7li
1631648568,2021-09-14 19:42:48,2021,09,[US-NC] [H] PayPal [W] Arisu board,found one! thanks everyone <3,24_hr,1,5,poa0p3
1631648280,2021-09-14 19:38:00,2021,09,[US-TX] [H] PayPal [W] DZ65 RGB v2 or v3 Hotswap,"Hello! Looking for a hotswap only please, DZ65 RGB PCB v2 or v3.   CTRL, Win and ALT randomly stopped working on mine. :|",The_Chunch,1,2,po9x9v
1631648114,2021-09-14 19:35:14,2021,09,"[US-NC] [H] Bloomberg FRE100, Cherry G80 1800 ISO-DE, GMK Space Cadet, KAT Drifter, IFK Port, ePBT Ivory, KAM Starry Night, Ergodox EZ, DSA Ergodox keycaps, PBT Dyesub Cherry ""Granite"" International Layouts (DE, HU, FR), ePBT ABS Olivetti, Domikey SA Graffiti[W] Paypal, GMK Perestroika Unusual Kit","[All Timestamps](https://imgur.com/a/HoeVf0x)  Prices shown include shipping to the continental USA. I accept paypal for payment, and I'm also looking for the ""Unusual"" kit for GMK Perestroika (price negotiable).  # Updated Listings & Prices on my [new post](https://www.reddit.com/r/mechmarket/comments/przp5d/usnc_h_cherry_g80_1800_isode_gmk_space_cadet_ifk/).  Keyboards  &#x200B;  |Item|Notes|Pri",DiplomacyPunIn10Did,2,11,po9v8q
1631648092,2021-09-14 19:34:52,2021,09,[US-UT] [H] Paypal [W] 7V Navy,[removed],thelot_44,1,0,po9uzv
1631648067,2021-09-14 19:34:27,2021,09,[US-TX] [H] Poly/Cyan Bauer 2 + PCB + PC Plate [W] Paypal,"[TIMESTAMP](https://ibb.co/nkxgdHY)  New in box, opened to validate contents and take pictures.   ~~** 1250 USD shipped within CONUS**~~  **SOLD**",hyperoglyphe,0,8,po9unx
1631648006,2021-09-14 19:33:26,2021,09,[US-TX] [H] Bundle: Alice By Switch Couture Case & KAT 9009 + Simpleja Ai03 w/ Ortho Kit [W] PayPal,   [Timestamp](https://imgur.com/a/Ax7GpHz)  &#x200B;   Items included in bundle:  1. Alice BiForst Radiant by Switch Couture 2. KAT 9009 Keycaps 3. Simpleja Ai03 Keycaps  **Price:** ***$420 Shipped***  &#x200B;  **Specs:**  Keyboard: Alice Bifrost Radiant by Switch Couture  Stabs: All stabs are lubed with Krytox 205G0 ..... Left Shift = Durock / All the rest Cherry Clipped  Switches: Silent Alpac,josefquevedo,2,4,po9u03
1631647652,2021-09-14 19:27:32,2021,09,[CA-QC] [H] Paypal (will overpay) [W] Iron165 Original ANSI Brass Plate,"I already have 2x Tsangan original brass plates with my Iron165, I used a custom cutting service and got an ANSI brass plate but the finish is nowhere near the same, it's decent though and I am using it.  To be a happy camper I am looking to get my hands on an original (from the original GB or the extras) Iron165 brass plate in the ANSI layout.  Like I mention I'll overpay for it. Any other extras",codebeetle,1,2,po9pwu
1631647556,2021-09-14 19:25:56,2021,09,"[US-CA][H] GMMK Pro Black Slate, White Ice BNIB, PC plates [W] Paypal",[deleted],[deleted],0,5,po9orb
1631647186,2021-09-14 19:19:46,2021,09,[US-TX][H] Matrix 1.2og wkl blue [W] PayPal,"timestamp: https://imgur.com/a/m1qsSwo   Light blue/teal wkl with silver plate. Completely new/BNIB. Brass weights were coated to avoid patina, includes pcb & all parts for the lightbar.   Looking for $950 + shipping    stay safe, thanks !!",jaysonhuynh,8,6,po9kcn
1631647041,2021-09-14 19:17:21,2021,09,[US-NY] [H] GMMK Pro Fully Built [W] Paypal,"[Timestamp](https://imgur.com/oiaBv1a)  Looking to sell my fully built GMMK Pro built with alpacas lubed with 205g0. Extras also include the keyset currently on it, the carrying case, and a polycarbonate plate.  Looking for 250 plus shipping.  As always, comment before pming",WheresBoris,1,12,po9ip6
1631646995,2021-09-14 19:16:35,2021,09,"[US-Ca][H] GMMK Pro Black Slate, White Ice BNIB, PC plates [W] Paypal",[removed],GunplaAddict,1,2,po9i4q
1631646657,2021-09-14 19:10:57,2021,09,[US-CA] [H] GMK Perestroika Base [W] Paypal,"Hello!  Timestamp: [https://imgur.com/a/usm9Nge](https://imgur.com/a/usm9Nge)  I have a sealed base kit for GMK Perestroika, I had a build planned but it fell through. I'm looking for ~~$365 USD~~ shipped to CONUS, please PM me with any questions!  Edit: SOLD  &#x200B;",diegosimpala,0,4,po9e2y
1631646464,2021-09-14 19:07:44,2021,09,[US-NE] [H] Keebio Nyquist [W] PayPal,"Timestamps: [https://drive.google.com/drive/folders/1PAf2hUM9pkaWGhpspnqMg-8ak0k8Q1Qv?usp=sharing](https://drive.google.com/drive/folders/1PAf2hUM9pkaWGhpspnqMg-8ak0k8Q1Qv?usp=sharing)  $140  Selling my split Nyquist that I built about a year or so ago. Light use, mostly used for my coding classes. Case is in excellent condition and looks great with the RGB underglow through the acrylic diffuser p",grassfedchicken,1,9,po9bqm
1631646311,2021-09-14 19:05:11,2021,09,[deleted by user],[removed],[deleted],1,7,po99vk
1631645949,2021-09-14 18:59:09,2021,09,"[US-MD] [H] GMK Crimson Cadet, FR4 Plate for Jelly Epoch, POM Plate for KFE CE [W] Trades (PCB for Bauer, GMK Jamon, GMK Perestroika, PC Unikorn R2.1), Paypal","[Timestamp](https://imgur.com/a/86Lhy8R)  * GMK Crimson Cadet base set    * Light shine on gamer keys but overall in very good condition    * Looking for trades for other GMK sets (preferably GMK Jamon, GMK Perestroika, or GMK Sandstorm, but open to other offers)    * Or part of a trade for PC Unikorn R2.1. Also open to purchasing the Unikorn. Send offers. * Plates    * FR4 Plate for Jelly Epoch, ",Cyanc3,0,15,po95g1
1631645891,2021-09-14 18:58:11,2021,09,"[US-NJ] [H] Paypal [W] F1-8x (8k or 88) WKL Unbuilt white, silver, or Navy","Looking for a F1-8x (8k or 88) in WKL form in either white, silver or navy. Preferably with both the top and bottom housing in same color. No PC bottom please. Please pm before comment. Thank you.",MinamYB,1,4,po94rn
1631645167,2021-09-14 18:46:07,2021,09,[US-TX] [H] Jane V2 CE with extras [W] PayPal,"**Timestamp: https://imgur.com/a/Gpn41iE**  I am located in the DFW Area and will offer better prices locally if we meet up. Not necessarily FCFS, priority goes to people I have dealt with in the past and local deals. I really only want to do US shipping right now (signature will be required.)  Feel free to let me know if you have any questions or want additional pictures. Price includes shipping.",Chimera_TX,5,9,po8whj
1631645125,2021-09-14 18:45:25,2021,09,[deleted by user],[removed],[deleted],0,9,po8vzv
1631644995,2021-09-14 18:43:15,2021,09,"[US-AZ] [H] PayPay [W] GMMK PRO barebones, white ice","The usual comment before pm, light scratches/imperfections alright, $130 shipped",FatNFuri0us1,1,2,po8ugc
1637798379,2021-11-24 23:59:39,2021,11,"[US-GU][H] ai03 Polaris R1 Black HHKB w/Gold Brass Weight, GMK MoDo Light Standard+Numbers+Addition, Polycarb KBDPad MKII, Keycult ICU [W] PayPal","[Timestamp](https://imgur.com/a/iMsOdrB)  Got some items for sale below. All prices shown below are in USD and include PayPal fees + shipping through the US through USPS. Note that shipping may take longer than a week. If you're interested in having me ship international, it will cost additional shipping - PM me for an updated shipping rate. Also not willing to trade at the moment.  &#x200B;  |Ite",architones,3,11,r1it17
1637798339,2021-11-24 23:58:59,2021,11,[Artisan] Myth Caps Turkey Day Feast,"Happy holidays and enjoy some keycaps! (Not for eating)  [Pictures](https://imgur.com/a/kiPjyTt)  All caps are MX stem, nothing fancy   Price: $35/$25 + shipping (US $5, CA $14, INTL $17)   Sale will be in raffle form.   Form will close tomorrow at 4pm PST  [Form](https://forms.gle/mfKnT8ChYRiRQ3ERA)  Follow me on [Instagram](https://www.instagram.com/myth_caps/) for future sales and updates!  Tha",CookiesR4U,7,1,r1ism2
1637798005,2021-11-24 23:53:25,2021,11,[Artisan] Kō Caps: Ginseng Lucky Cat,[Ginseng Lucky Cat](https://flic.kr/p/2mLFcAV)  [Form](https://docs.google.com/forms/d/e/1FAIpQLSdNcHVP2-T0DlLC7hYogg50F2UbU5sVbstRX2VRDTWyfFwfyg/viewform?usp=sf_link)  ---  Hey everyone! Hope you're all ready for some delicious Thanksgiving dinner! Always a good time to be surrounded by family and reminding ourselves that there is so much to be thankful for. For this sale we've got the Ginseng Lu,ko_caps,12,2,r1ioxw
1637797961,2021-11-24 23:52:41,2021,11,[US-CA] [H] Black Tofu 65 freshly built [W] Paypal/Local Cash,"   Hey Mechmarket! I have a freshly Built Black Tofu 65 in excellent condition: Black Tofu 65 case, comes with lubed and filmed durock t1 tactile switches, Custom POM plate, Durock V2 Stabs tuned and lubed, DZ 65 hotswap pcb, and Kinetic Labs whale keycaps(or drop MT3 WOB)! Looking for 350 shipped or 300 local. (95132 or Pomona area after 11/30!)   [https://imgur.com/gallery/fVJx9bT](https://imgur",awesomepandabear123,2,9,r1iogt
1637797820,2021-11-24 23:50:20,2021,11,"[US-RI][H] Kuro/Black Zenith, WK pink Kei, Polycarbonate Leaf60, Dracula + nightmode [W] Paypal","[Timestamps](https://imgur.com/a/smYkXGI)  Selling Leaf60 with original box, built with Kiwis, durocks stabs, on a CF plate. Comes with the original box. The threads on the top of the keyboard spin and the screws don't fully tighten, but the board still stays together perfectly fine. I know people aren't going to like this however, so I'm pricing to sell. **230 Shipped**  Ion Zenith, comes with lu",KebsPls,1,8,r1imvs
1637796889,2021-11-24 23:34:49,2021,11,"[US-CA] [H] Think 6.5, GMK Dracula Err!, PC Tmo50v2, PC Prime Elise, LP Corne, Iris (GMK 9009 Ortho), Niu Mini [W] Paypal/Trades","[Timestamp](https://imgur.com/a/ZRaHnRv)  � Want Round 2 IMK Corne.  Want future funk 40s  [~~Schrodinger Think 6.5~~](https://imgur.com/a/aT4gxCw) \- 785 + Shipping  * Beige, desoldered PCB tested, beige weight. Comes with the following 2u badges    * ~~Brass~~    * Pink    * Red    * Teal x2    * Bright green    * Dark green    * E-white    * Dark Grey    * Dark gold       * ~~keyboard~~ with on",Oso-q,0,5,r1ibvv
1637796420,2021-11-24 23:27:00,2021,11,"[US-MD][H] Pink KMAC Mini, Eniigma Vertigo SE, Blue-grey Haus, Gray Kikuichimonji, Grey Mech27-TKL v1, NOS 1987 Apple Extended Keyboard (Orange Alps), GMK Dracula & Hyperfuse Origins, L&F Linear Switches, Huge Discounted Stabilizers + Springs Bundle [W] PayPal / Venmo / Zelle / Trades","[Timestamps](https://imgur.com/a/NmDzK1O) **(there are detailed pics for the boards later in the post)**  Hello,  Looking to downsize my collection a little. All items are **OBO** and **include fully insured US shipping** (I can ship international for extra). Open to PayPal invoice or Venmo/Zelle for a discount.  Please comment before PM. Feel free to contact me by Reddit PM (no chat) or **Discord",PigeonsLikeBread,62,39,r1i6zv
1637796133,2021-11-24 23:22:13,2021,11,[Artisan] MOZIcaps x Domikey Ghost collab group buy,"[MOZIcaps x Domikey Ghost collab album](https://www.mozicaps.com/collaborations/domikey-ghost)  [Buy them here!](https://www.mozicaps.com/shop/p/domikey-ghost)     [Get Domikey Ghost over here!](https://cannonkeys.com/collections/featured/products/gb-domikey-ghost)  &#x200B;  Group buy/fulfillment will run for a week (24 Nov through 30 Nov).     * MX stem, Cherry profile * handmade and cast with e",Shreeeck,6,1,r1i3gc
1637795938,2021-11-24 23:18:58,2021,11,[deleted by user],[removed],[deleted],2,3,r1i124
1637795918,2021-11-24 23:18:38,2021,11,"[US-TN] [H] Iron180 E-White WKL Brass Bottom, Primus (W/W/SS), Epbt Kuro/Shiro R2 Base + Jp Mods, GMK Darling Rama ""X"", GMK Red Dragon Rama Red Fire [W] Paypal","[Timestamp](https://imgur.com/a/yvWe6MV)  * [Iron180 E-White WKL Brass Bottom](https://imgur.com/a/HdXzE7v) \- It's been built with L/F Creams on a brass plate with durock stabilizers. There is a slight scuff on the back but it's only really visible in harsh lighting, I tried to show it in the pictures but otherwise, it's in perfect condition. It Will Also come with:    * Sealed PCB + Daughterboar",Bearicorn_,0,5,r1i0tr
1637795416,2021-11-24 23:10:16,2021,11,[US-CA] [H] Artisans [W] PayPal,"[Timestamp](https://imgur.com/a/Yx9WKZI)  Looking to sell off some of my artisans. Prices include shipping.      Binirias- Spyro colorways $65 each #1/15   Mastonon- ChaurKeyBob Og - $75   Lividity - observers $70 each   Lividity - travis scott mystery puppeteer $40   Rascal- Parallax alien - $60  Archetype- Cliff glow in the dark $55  Archetype-  xiros pharoahs, lilac $150 each  Sodiecaps- Elok t",Minimum-Employment94,3,4,r1huhl
1637795376,2021-11-24 23:09:36,2021,11,[US-CA] [H] Rama Kara Haze [W] Paypal,"*SOLD*  [timestamps] - (https://imgur.com/a/P7Jbahk)   ~~Selling my Rama Kara! Still in great condition, been lightly used. No switches, stabs, or keycaps.  Comes in the original packaging with switch puller and manual (no cable). I've included a replacement screwdriver for the case as I've misplaced the original one it comes with. Does not include the internal dampener.  Looking for $160 OBO.  Pl",andrewtirtha,2,7,r1htyb
1637795271,2021-11-24 23:07:51,2021,11,[US-CA][H]HHKB Pro 2 Type S modded + free extras[W]PayPal,"[timestamp](https://imgur.com/a/96X9mJn)  Selling HHKB Professional 2 Type S, very lightly lubed with Krytox 205G0. [another pic](https://imgur.com/a/ztzI3pZ)  Model: PD-KB400WNS has printed original PFU keycaps.  Comes in Original Box with Original Cable.  Includes the pictured Freebies: carrying case, PBT Spacebars, USB port covers, and coiled mini USB Cable.  SOLD for $180  Please comment and m",Cazo19,0,4,r1hsn5
1637795262,2021-11-24 23:07:42,2021,11,"[US-FL] [H] Modo 2, Unbuilt Hex.4b Dreamcore Edition [W] Paypal","[Timestamp](https://imgur.com/a/dLzDqSw)  Up for consideration today is a sealed kit of Modo 2 and a Hex.4b Dreamcore Edition. Both items are BNIB and the 4b was taken out only for inspection and pictures.  |~~Item~~|~~Details~~|~~Price~~| |:-|:-|:-| |~~Modo2 Base Kit~~|~~Sealed, BNIB~~|~~$210 USD Shipped~~ **SOLD**| |~~Hex.4b Dreamcore Edition~~|~~Unbuilt BNIB. PCB has been tested. Purple is beau",ericmarcos76,7,10,r1hsja
1637795111,2021-11-24 23:05:11,2021,11,[US-NJ] [H] PayPal[W] Think 6.5 v2 2u,[removed],zorgex,1,5,r1hqmz
1637795061,2021-11-24 23:04:21,2021,11,"[US-IL][H] Rama M65B Moon [W] Paypal, local cash","Hello!   [Timestamp](https://imgur.com/a/bx3uMwZ)  I am looking to trade or sell (prioritizing trade) my Rama M65B.  - All original packaging  - Hot-swap PCB + New soldered PCB - Brass plate - Internal dampener  WTTF:  - Jelly Epoch - 7V  Price: $700 shipped, willing to do out of US if shipping is covered.   Please comment before PM.  Thanks!",csalas9,2,4,r1hq09
1637794971,2021-11-24 23:02:51,2021,11,[SG] [H] Paypal [W] BN Gmk Metaverse R2 Base + Novelties,Would take no shine conditions also.,Justaspendthirft,1,2,r1houd
1637794367,2021-11-24 22:52:47,2021,11,[Artisan] Dalgona and Umbrella Corp Keycap Sale,"Hello all, Hungry back again! Just finished Resident Evil 3 (reboot) and absolutely loved it! 🧟‍♂️ Played it 5 times over even lol. I know there are Resident Evil Umbrella keycaps but hopefully this one stands out with its glossed logo and translucent/matte/UV reactive base 🧟‍♀️  The second keycap is also exciting! I'm sure everyone is familiar with Squid Games by now? Episode three has a Dalgona ",CattiDaddi,10,1,r1hhb3
1637794349,2021-11-24 22:52:29,2021,11,[US-TX][H] PayPal [W] GMK Hammerhead Keylabs Artisan,Looking for GMK Hammerhead Keylabs Artisan. Thanks!,RAINBL0W,2,2,r1hh35
1637793865,2021-11-24 22:44:25,2021,11,"[US-AZ][H] GMK Classic Blue base+Spacebars+Ramas, Artisans. [W] PayPal, Think 6.5 v2 1u badges.","[Timestamp](https://imgur.com/a/DPCSzmP)  Im looking for Think 6.5 v2 1u badges,  looking for any colors except black or gold. Let me know what you have and your asking.  I’m also looking to sell some stuff today:  GMK Classic Blue BNIB(white base)+Spacebars. 320$ +shipping.  Classic Blue Rama:  X: 80$  O: 80$  If you get all Classic Blue stuff: 450$ +shipping. for the bundle.  Artisans:    JellyK",DgdubSEA,1,5,r1hb1u
1637793562,2021-11-24 22:39:22,2021,11,[US-MI][H] Paypal [W] Gk68xs barebone kit and Boba u4 70x,[Timestamp](https://imgur.com/a/DHyK1md?s=sms)  Gk68xs barebone kit- Aluminum kit with an fr4 plate. Great starter board and with a few mods can compete with mid range boards. The middle standoffs are drilled out so it has a few scuffs on the inside and 1 small mark on the outside. The pcb has certain keys that don't work so the price has been reduced. STabs are tuned $100 + shipping  Pbt keycaps-,TheEnd725,1,11,r1h79n
1637793176,2021-11-24 22:32:56,2021,11,[UK] [H] PayPal [W] blue or white artisans,I would like to buy some blue or white artisans preferably but I’m open to others so just send a picture I have a budget of around 60$. Thanks for reading!,alxxxxxxxxxxxx,1,2,r1h2gr
1637792991,2021-11-24 22:29:51,2021,11,[US-CA] [H] NK65 AE in Midnight Purple [W] PayPal,[removed],Hayden_Carroll22,1,0,r1h03v
1637792891,2021-11-24 22:28:11,2021,11,[US-CA] [H] TOFU 65 Black [W] Paypal/local cash,[removed],awesomepandabear123,2,0,r1gytl
1637792861,2021-11-24 22:27:41,2021,11,[UK] [H] BOB Gengars [W] PayPal,Timestamp: https://imgur.com/a/LKlDpFn  My Gengar collection has got out of hand and I'm realising that the ones I have aren't going to fit any of the builds I currently have so scaling down the collection a bit. I will include a sticker and identity card with every keycap. All keycaps (except green + orange + clear resin) will ship in the pictured protective metal tin.  Keycap | Price (£)  :--|:-,FrostCorp,2,3,r1gygh
1637792779,2021-11-24 22:26:19,2021,11,[EU-UK] [H] BOB Gengars [W] PayPal,[removed],FrostCorp,1,3,r1gxh1
1637792702,2021-11-24 22:25:02,2021,11,[deleted by user],[removed],[deleted],3,5,r1gwgi
1637792681,2021-11-24 22:24:41,2021,11,[UK] [H] White OEM PBT keycaps + UK-ISO kit [W] Bank transfer/PayPal,[deleted],[deleted],1,4,r1gw6m
1637792294,2021-11-24 22:18:14,2021,11,[US-OH] [H] PayPal [W] GMK Lux,I am looking for a sealed core kit of GMK Lux. Preferably in the US.   Please comment and then PM. Thanks!,jlisic5,1,6,r1grcl
1637792214,2021-11-24 22:16:54,2021,11,[US-CA] [H] PayPal [W] GMK Dracula Minify,I desperately need the small space bars for my ergo build.   Thanks in advance.,zumu,2,2,r1gqbt
1637792133,2021-11-24 22:15:33,2021,11,"[US-CA] [H] Jelly Epoch SE, Tofu60 w/ WT60-D PCB, Built Zealio White KBDPad, Tons of Switches, Keycaps, Deskmat, Artisans (Artkey, Alpha Keycaps, Archetype, Nightcaps, PrimeCaps, Keyforge) [W] Paypal, Artisan Trades, Local Sales","[Album with timestamps and mediocre cell phone photography](https://imgur.com/a/p4VmmHO)  *Edit: Apologies for ""PrimeCaps"" in title, as I mistakenly left that in there from a previous MM post. 🤦‍♂️ I do not have any PrimeCaps available at this time.*  Selling off a bunch of stuff that I’ve accumulated and don’t use. Hoping to get some money for the holidays as well as help folks get what they need",hourouheki,3,59,r1gpa9
1637791979,2021-11-24 22:12:59,2021,11,[US-TX] [H] White ai03 Vega [W] PayPal,[deleted],[deleted],0,6,r1gnab
1637791421,2021-11-24 22:03:41,2021,11,[deleted by user],[removed],[deleted],0,3,r1gfzl
1637790923,2021-11-24 21:55:23,2021,11,"[CA-ON] [H] Keycult No.1 Rev2 TKL [W] PayPal, EMT","[Timestamp](https://imgur.com/a/JP8fkpr) [Flaw](https://imgur.com/a/rcCiZfR)  ~~Keycult No1. Rev2 WKL (B-stock)~~ **SOLD**  * BNIB * Burgundy brass sandblasted * 1x PCB * 1x Burgundy Alu plate * 1x PC Full plate  ~~Looking for **~~2100 USD~~ 2050 USD + shipping**~~ **Sold for 1900 USD shipped**  Much prefer local trade, located in Scarborough. Will have an extra **50 USD** discount if traded local",cyruspilai134,0,14,r1g9ku
1637790679,2021-11-24 21:51:19,2021,11,[US-CA] [H] PayPal [W] GMK Café bundle,"Hi all, I'm looking to buy GMK Café base+spacebars+both RAMAs.  I will not buy unless I have all these parts. You may offer individual kits, but I won't buy unless every piece has a confirmed seller.  I would much prefer for everything from one person.  Comment before Pm please!",Eilferan,0,3,r1g6gw
1637790647,2021-11-24 21:50:47,2021,11,"[US-NH] [H] Paypal [W] KAM Little Pilot: Alphas, 40s",Will also buy other kits if you have them too.,TriticusLev,1,4,r1g61h
1637790190,2021-11-24 21:43:10,2021,11,"[CA-ON] [H] Unbuilt ZT Boards Burgundy 'After' (premium 65% w/ knob) [W] Paypal, Local Cash",[deleted],[deleted],2,4,r1g04e
1637789746,2021-11-24 21:35:46,2021,11,"[US-NJ][H]Artisans, Keycaps[W]stabs, bobagums, Paypal","[timestampy](https://imgur.com/a/KSVGfaT)  Hello! Selling some stuff I do not need :) Comment then PM please. Will be looking at offers based on comment order!  Shipping (add to all prices) - $5  Keycaps - $12 each or $20 both Dont need these anymore if someone want to take the off my hands. Great condition, little to no shine. If you want pictures of how they look pm me!  Spoops - $20 each (-$2 f",angelixa,2,5,r1fuhg
1637789530,2021-11-24 21:32:10,2021,11,"[UK] [H] Gateron Black Ink V2 Switches, OPBlack Switches [W] PayPal","[Timestamp](https://imgur.com/a/SqqnjBJ)  Selling both of these for less than I paid.  &#x200B;  |Item|Condition|Price| |:-|:-|:-| |~~Gateron Black Ink V2 Switches (x110)~~|~~Brand new, these have never been used.~~|~~£65 + shipping~~ **Sold.**| |~~OPBlack Switches (x100)~~|~~Brand new, these have never been used.~~|~~£60 + shipping~~ **Sold,**|  &#x200B;",ScaredMix1,4,4,r1fru2
1637789322,2021-11-24 21:28:42,2021,11,[deleted by user],[removed],[deleted],4,5,r1fp4d
1637789258,2021-11-24 21:27:38,2021,11,"[EU-DE] [H] Frog TKL with many extras, GMK Nautilus 2 Base, Spacebars and Novelties, JTK Suited Assassin base, mozi caps Neissus Bryo, Rotala Mint [W] Paypal",[deleted],[deleted],2,6,r1foch
1637789036,2021-11-24 21:23:56,2021,11,"[US-CA] [H] KAT Milkshake bundle, IFK WoB Cyrillic + mods[W] PayPal","Hello there,  [Timestamp](https://imgur.com/a/GOITJA1)  ##KAT Milkshake bundle - $250 shipped within US in trays  **SOLD SOLD SOLD**  - Mods, weirdos, and spacebar kits  - Barely used.  - Price is firm. Won't split the set.   ##IFK WoB - $120 shipped within US in trays  **SOLD SOLD SOLD**  - Cyrillic Alphas + Text modifiers",radmedov,1,5,r1fljt
1637788967,2021-11-24 21:22:47,2021,11,[US-WA] [H] Paypal [W] Bob Gengar Artisan (Hyperfuse/Ice Blue),[removed],SavageYamez,1,0,r1fkpi
1637788525,2021-11-24 21:15:25,2021,11,[deleted by user],[removed],[deleted],1,4,r1ff4f
1637788241,2021-11-24 21:10:41,2021,11,[US-WI] [H] PayPal [W] 10 or so Silent Alpacas,"I'm moving to a slightly larger board and need the extra switches. I would be willing to purchase more than 10, but I still want to keep the quantity low. Comment and PM, thanks!",[deleted],2,2,r1fbfi
1637787547,2021-11-24 20:59:07,2021,11,"[US-MI] [H] Kei R2 Silver WKL B-Stock with extras, MGA Alice Black with Hotswap USB-C [W] Paypal",[Timestamp](https://imgur.com/a/LfXpIVC)  ~~Hello MM I have a few keyboards for sale today the price is  SHIPPED CONUS ONLY:~~  ~~Kei R2 Silver WKL B-Stock this board has light use and was purchased off extras.  It is in good working condition but was B-Stock from Monokei.  Small blemish in the ano on the top part of the case as seen in the picture.~~  ~~It is built on a hotswap PCB with lubed and,iTrenton,2,6,r1f238
1637787394,2021-11-24 20:56:34,2021,11,"[US-GA][H] Ai03 Navy Vega (hotswap, stupid fish foam, alu and FR4 plates), Ai03 Ziricote Wrist Rest [W] Paypal",[removed],GrifNK,1,4,r1f03n
1637787157,2021-11-24 20:52:37,2021,11,"[CA-ON] [H] PC Hotswap Maja with extras, Keycaps, Deep Deskmat [W] PAYPAL","[Timestamp](https://imgur.com/a/PbJVSZv?fbclid=IwAR2jpUEiS-_rUHDiKehCKmV68CpmmCecx8GdnidHfx_MKginS-4r6_yKilc)  WTS  ~~PC Maja w/ hotswap pcb, lubed durock stabs, maja wrist rest + extra solder pcb $400US Shipped~~ sold  \-Brand new unused Keyreative Cherry Blanks in Red & Olive Green : $20 USD shipped each or $30 USD for both  \-Brand new unused Epomaker Akko ASA EVA-01 keycaps : $40 USD shipped  ",Hellenic94,1,4,r1ex24
1637786719,2021-11-24 20:45:19,2021,11,[Artisan] hellbent caps - Green Drop,"Hello all,  [Raffle Form](https://forms.gle/e8Zg5wtbndCXqN7M9)  Up for grabs this time around is   \- whistlin' willie - MODular (collab with Mechs on Deck)  \- whistliin' willie - Wasted (design from SMOKEY Keyboards)  \- the golden boy - Wasted   [Photos of Caps](https://imgur.com/a/o0eqcGA)  Welcome to the green drop, in this drop you'll see a design from SMOKEY and a collab with Mechs on Deck ",__hellbent,14,1,r1erji
1637786351,2021-11-24 20:39:11,2021,11,[EU-FR] [H] E-White WK E8.5(+Extras PCB/Plate/Accent) + Grey WK KBD 8X MII(PCB+Plate) [W] Kei / KFE CE / 7V / Paypal,"[Timestamp](https://imgur.com/a/zhSdALQ)  Hi [u/mechmarket](https://www.reddit.com/u/mechmarket/), How are y'all doing today?  I have some things to get rid of today hoping they'll find the love they deserve elsewhere  I'll favor Eu shipping there, but you can still hit me up via PM maybe we can find an arrangement on a product  **BNIB E-White E8.5 WK with ton of extras** : ([pristine condition](h",Espada42,1,4,r1emy5
1637785149,2021-11-24 20:19:09,2021,11,[CA-ON] [H] Mr. Suit FR4 Plate (sealed) [W] Paypal,"**SOLD**  ~~Just have the FR4 plate to sell, the board is gone.~~  ~~FR4 plate never used.~~  ~~[Timestamp and gallery](https://imgur.com/a/6ksGSDb)~~  ~~Looking for $28 USD shipped w/ tracking to CONUS / Canada.~~  ~~Comment before PM. Thanks.~~",ChickenFlavoredCake,1,9,r1e7ak
1637785106,2021-11-24 20:18:26,2021,11,[US-CA] [H] WKL Built Black Polaris [W] Paypal,"[Timestamp](https://imgur.com/a/Z0CXnIW)  WKL Black Polaris  \----------------------------  Built  with Lilac Linears, L/F with 205g0/spring swapped to 65g and lubed with  105g0, Deskey Films, Morgrie Pom Stabilizers lubed with 205g0, Built  with PC half plate, black brass weight, also comes with different color  brass weight screws, and comes with extra brass plate, built without  plate foam (but",digitalxrt,2,2,r1e6qd
1637785063,2021-11-24 20:17:43,2021,11,"[US-GA] [H] Bauer 2 Black/Brass, Think6.5 V2 Pink 2U Badge [W] PayPal","[Timestamps](https://imgur.com/a/VlfmsVX)  ~~Bauer 2 Black/Brass BNIB, unopened. Comes with bag, extra PCB, extra brass plate, extra cyan alu plate, and extra bumpers/feet/etc. $1300 shipped CONUS~~ Sold  Think6.5 V2 2U Badge in Pink. $45 shipped CONUS  Thanks!",TheftScottFitzgerald,3,11,r1e67q
1637784958,2021-11-24 20:15:58,2021,11,"[US-MD] [H] CYBERBOARD XMAS, Alpine65 E-White, Vulcan Maja Black (w/free wrist rest), GMK Modo Light Base & Numbers, Modo Light Deskmat, Artisans [W] Paypal","[Timestamp](https://imgur.com/a/0bDATAq)  Selling the following:  CYBERBOARD XMAS - **$850 shipped**  * BNIB, sealed.  ~~Alpine65 E-White-~~ **~~$500 shipped - SOLD~~**  * ~~Purchased from /mechmarket. Perfect condition. The only blemish is in the screw holes which is normal. The case also has a tear which makes it a little difficult to zip up sometimes. Comes with PCB, POM and FR4 plate, and case",Diligent_Drummer_682,7,15,r1e4xg
1637784600,2021-11-24 20:10:00,2021,11,[deleted by user],[removed],[deleted],1,4,r1e0bu
1637784417,2021-11-24 20:06:57,2021,11,[CA-ON] [H] Iron 180 Graphite/Black Anodized Aluminum/Tsangang (7u bottom row- WinKeyLess)[W] Paypal or Local Cash,[removed],Nek1hc,1,0,r1dxyc
1637784382,2021-11-24 20:06:22,2021,11,[US-CA][H] PayPal [W] KBD75 V2 DIY KIT,"Looking for a KBD75 DIY kit, pref silver case, but may consider other colors as well :)",KEEBkeebkeebKEEB,1,2,r1dxh6
1637784213,2021-11-24 20:03:33,2021,11,"[EU-FR] [H] Singa V3 PC, GMK Unikey C70, GMK Pulse, GMK Laser R1, HP v1 stems, Gateron Clear, NK Creams Housing + Springs [W] PayPal","[TIMESTAMPS](https://imgur.com/a/hAIOBRx)  Hello mechmarket,  Selling the stuff I don’t use anymore. This is not FCFS. I’ll prioritize EU buyers.  Feel free to ask your questions in PM (no chat please, I don't reply to them)  —  **Singa V3 PC**  Very good condition, only little marks at one spot (see photo) and a little crack (see photos also).  Includes :  \- x1 Singa V3 PC case  \- x1 brass plat",Valty,2,3,r1dv4g
1637783967,2021-11-24 19:59:27,2021,11,[EU-ES] [H] DROP CTRL [W] PayPal,[removed],Zwagy,1,5,r1drl6
1637782947,2021-11-24 19:42:27,2021,11,[Bulk] Premium Custom Cables - BFCM Sales Up to 20% Off!!,[removed],Mvrkvss,1,3,r1de1x
1637782583,2021-11-24 19:36:23,2021,11,[US-WA] [H] Monokei Kei [W] Paypal,~~[**Timestamp + additional pics**](https://imgur.com/a/PwTtWKQ):~~  ~~- HHKB Layout~~  ~~- Titan Grey~~  ~~- Brass Bottom~~  ~~- Brass Plate~~  ~~- Solder PCB built with C3 62g Tangerines L&F~~  - ~~Shipping with original packaging and everything included. ~~  ~~The board is in pristine and basically new condition. Typed on for 20 minutes max just to test it out. No blemishes or imperfections any,justeeeno,3,4,r1d99p
1637781794,2021-11-24 19:23:14,2021,11,"[US-TX] [H] Artisans (Sirius, Spacejam, Kepler, Watcher) [W] Trades",[Timestamp](https://imgur.com/a/0B91m8m)  &#x200B;  |Holy Moonlight Spacejam - Nidavellir Sirius |Darkling Jamjam - Trades|Not Eva Jamjam - Trades| |:-|:-|:-| |Tidal Sirius - Colorswaps (Preferably Nidavellir)|Queen Of Hearts Kepler - Colorswaps (Preferably from Wishlist)|Mangaka Kepler - Colorswaps (Preferably from Wishlist)| |Necro Salvador - Trades|Wraith Watcher - Colorswaps|Aqualung Pepekolk ,bulldogvalley,6,8,r1cyvt
1637781198,2021-11-24 19:13:18,2021,11,"[US-NJ] [H] Artisans [W] Trades, Paypal, gmk modo light","# [stampy stamp](https://imgur.com/a/asFKIfS)  # comment down below first and then pm / United States preferred  **wttf:**  * of the dead * bbw (mostly monochromatic colors) * kouhai keypora/ kouhai lats * trash panda bean * appa and november fog rami  [click here to pm](https://www.reddit.com/message/compose/?to=rkang1201)  trying to test techno violet and lavender switches before I buy them, so ",rkang1201,2,5,r1cr48
1637781064,2021-11-24 19:11:04,2021,11,[EU-FR] [H] E-White WK E8.5(+Extras PCB/Plate/Accent) + Grey WK KBD 8X MII(PCB+Plate) [W] Kei / KFE CE / 7V / Paypal,[removed],Espada42,1,4,r1cpd1
1637780835,2021-11-24 19:07:15,2021,11,[deleted by user],[removed],[deleted],0,9,r1cm7r
1637780467,2021-11-24 19:01:07,2021,11,[US-CA] [H] Lubed Gateron CJ switches [W] PayPal,[Timestamp](https://imgur.com/a/queGhf2)  89x gateron cj swiches lubed with krytox 205g0 (housing and rails) SOLD  Inverted Bongo with masks $390 shipped,kennethtroung,1,6,r1ch2x
1637780455,2021-11-24 19:00:55,2021,11,"[US-CA] [H] Artisans (Latrialum Arrows, RAMA Wave, Alpha Keypora, Salvun) [W] Paypal","[stampstampstamps](https://imgur.com/a/qq5Ztsm)  ---  Item | Condition | Price | Available?  |---|---|---|---| ~~Latrialum x GMK Seafarer Royal Voyage Arrows Set~~ | Unused, never mounted | $320 shipped CONUS | **SOLD** ~~RAMA WAVE SEQ2 Brass (Polished and Sandblasted) Bundle~~ | Never mounted, bundle together | $140 shipped CONUS | **SOLD** ~~GMK Red Devils x Salvun (Dokkaebi)~~ | Unused, never m",ra1nnn,2,8,r1cgwj
1637779919,2021-11-24 18:51:59,2021,11,[US-OR] [H] Paypal [W] Stargazing XDA keycap set,"There's a GMK Stargazing XDA profile clone set out there and if by any chance some of you have one and want to sell it, that would be great.",BallisticHazard,1,4,r1c9e4
1637779820,2021-11-24 18:50:20,2021,11,"[US-VA][H]Cow Switches (desoldered), Cherry mx black (ultraglide), drop holy panda, GMK Nautilus Nightmares [W]Paypal",[Timestamp 1](https://i.imgur.com/q1ONEmC.jpg) [Timestamp 2](https://i.imgur.com/WzeJpNA.jpg)  Looking to offload some switches and GMK Nautilus Nightmares  The keycaps has some shine to it on the alphas. Looking to get around what i got for it originally. I am not the original owner. Will be shipped in bags. Not looking to split unless i find buyers for each set.  Item| Price| Available ---|---|-,cloudatlas_,2,10,r1c834
1637779783,2021-11-24 18:49:43,2021,11,"[US-LA] [H] E-white KBD8x, glorious accessories [W] Paypal","[Timestamp](https://imgur.com/gallery/fCqsItL)  **\[KBD8x\]** \- E white, using jwick blacks lubed and filmed with 205g0 and deskeys and durock v2 stabs also lubed with 205g0. Using the addon PC plate and stupidfish case foam.  Used since February and has no blemishes or scratches on the finish. Comes with original packaging, stock brass plate, and stupidfish plate foam (not installed)  **Selling ",Jacobn12x,1,4,r1c7kg
1637779513,2021-11-24 18:45:13,2021,11,[US-NM][H]GMK Mecha-01 base [W]Paypal,[Timestamp](https://imgur.com/a/L5Xh8iM)   GMK Mecha-01 Base sealed - **$260 shipped** CONUS.  Please comment before pm. Thanks.,kloritide,1,6,r1c3wi
1637779091,2021-11-24 18:38:11,2021,11,[US-OH] [H] Paypal [W] Gateron ink reds,I am looking to buy 90x lubed and filmed gateron ink reds. Anyone have any up for grabs? Not super picky about the lube or films used!,Blinky_Is_Here,1,2,r1by6x
1637779056,2021-11-24 18:37:36,2021,11,[US-TX] [H] Satisfaction75 R2 Cloud White (w/ Most Extras) [W] Paypal,[Timestamp](https://imgur.com/a/EkcExmn)  Prices are in USD and includes shipping + insurance in CONUS via FedEx. International shipping is subject to separate pricing.  **Satisfaction 75 Cloud White (unbuilt)** \- Box only opened to confirm parts and QC the Rama knobs  Included:  * Cloud White Sat75 Chasis * 2x PCB * Plates    * Standard 6.25u Brass Plate    * 6.25u FR4 Plate    * 6.25u Carbon Fi,Despuhration,0,12,r1bxq1
1637778767,2021-11-24 18:32:47,2021,11,"[US-NJ][H]Inett Square.X white plus extras [W]Paypal, trades","[https://imgur.com/a/ATorx3f](https://imgur.com/a/ATorx3f)  &#x200B;  Hey mm! I've got an Inett Square 60 in white alu with a ton of extras. These include:  \- Brass HHKB plate   \- White alu WK plate   \- 2 hotswap pcbs   \- 2 brass weights     Looking to sell for $420 + shipping, pretty firm on the price, does not come with switches or keycaps. Comes with durock v2 stabs.  I can also trade for i",OCDsquad1,2,2,r1btru
1637778517,2021-11-24 18:28:37,2021,11,[GB] KAM Sewing Tin - 2 weeks left!,"[KAM Sewing Tin on the Ergodox](https://i.imgur.com/rhuPLis.jpg) - render by [Ltafuri](https://www.artstation.com/lucastafuri)  Hello! We're halfway into the KAM Sewing Tin group buy. Inspired by cookie tins filled with sewing supplies, the set features a delicious butter-yellow numrow and blue gradient. Plus, the base kits are only $79 USD!  I don't have updated sales numbers yet, but after the f",catecholate,17,1,r1bqdv
1637778450,2021-11-24 18:27:30,2021,11,[US-TX] [H] Paypal [W] Rama U80 PCB Only,"One of the keys stopped working on my U80 and I haven't been able to figure out a repair. Looking for a replacement PCB, can be hotswap or not.",urmyokazu,2,4,r1bpj3
1637777862,2021-11-24 18:17:42,2021,11,[deleted by user],[removed],[deleted],1,2,r1bhuk
1637777450,2021-11-24 18:10:50,2021,11,"[US-NY] [H] Smith + Rune Iron180, Duck Lightsaver, Volcano660, Time80 RE, Radiance, TX boards, Singav2, SA Chronicler, Epbt Kuro/Shiro, Artisans(Brewcaps, Phage, JAK, Ko Caps, Nightcaps, CYSM), Paypal [W] Paypal, Artisans","Hello friends, got some stuff to let go of. Here's a [timestamp](https://imgur.com/gallery/1PUYEsG)  PRICES ARE OBO AND DO NOT INCLUDE SHIPPING.  Comment before PM  &#x200B;  Keyboards  |Maker|Model|Color/Specs|Extras?|Price|Avail?| |:-|:-|:-|:-|:-|:-| |Zap Cables|Bumper|Aluminum built with Zealios on a Copper Plate|No|$350|Ye| |Zap Cables|Bumper|Polycarbonate built with Gat Yellows on a Polycarob",singabore,0,9,r1bcdy
1637777298,2021-11-24 18:08:18,2021,11,[CA-AB] [H] Endless80 Mecha purple and green [W] Paypal,[removed],Sleepystanley,1,4,r1baez
1637777237,2021-11-24 18:07:17,2021,11,"[US-CA][H] Bauer 2 PC/Cyan, Ramaworks Jules [W] PayPal","[**Timestamp**](https://imgur.com/6cifaw4)  Hello again, MM!  Price drops! Continuing to clear out space.  **All prices are OBO so feel free to throw out any offers!**  Please read carefully and feel free to reach out with any questions!  Items are **Available** unless **~~crossed out~~**  &#x200B;  |Item|Description|Condition|Price|Status| |:-|:-|:-|:-|:-| |[**~~Bauer 2~~**](https://imgur.com/a/Z",jevau,2,19,r1b9ls
1637776982,2021-11-24 18:03:02,2021,11,[deleted by user],[removed],[deleted],2,16,r1b63z
1637776758,2021-11-24 17:59:18,2021,11,"[EU-DE][H] Wilba x Rama Thermal Bundle with 2 PCBs/Plates | HHKB Hybrid Type-S lubed | Deskeys domes | Topre keycaps | SA Oblivion V2 new sets | new MT3 Sets | Godspeed MT3 Ortho Set | Lubed switches (NK Creams, Cow etc) [W] PayPal",[Timestamp and pictures!](https://imgur.com/a/nKYzsMB)  Everything needs to go. **I gladly offer bundle discounts!** I usually ship soon after receiving the payment and also offer faster shipping options.  Detailed pictures of the items are in the timestamp folder. _________________  ### Keyboards  ~~Wilbatech x Rama Thermal HHKB Mist - 2 Plates + 2 PCBs~~  ~~Unbuilt and good condition. 2 solder P,Artbreeze,2,4,r1b2wj
1637776462,2021-11-24 17:54:22,2021,11,[deleted by user],[removed],[deleted],1,0,r1az0c
1637776025,2021-11-24 17:47:05,2021,11,[US-TX][H] PayPal [W]40% hotswappable keyboard,Hey I’m looking for a hotswappable 40% preferably without keycaps and switches. Leave a comment after you pm me.,RitzBitz2323,1,7,r1at42
1637775957,2021-11-24 17:45:57,2021,11,[US-CA] [H] Paypal [W] Space65,[removed],Key-Refrigerator7964,1,0,r1as71
1637775819,2021-11-24 17:43:39,2021,11,[CA-BC][H] PBT WoB Hiragana [W] Paypal/Local Cash,"[~~Timestamp~~](https://imgur.com/7RTdAIY)  ~~Have a sealed set of PBT WoB Hiragana from Bolsa Supply (Manufactured by MilkyWay), pre-fix so most likely some legend/QC issues.~~  &#x200B;  ~~Looking for $80 shipped within Canada, if outside of Canada we can negotiate~~  ~~Pref Local (Vancouver) > Canada > CONUS~~  Sold for asking  &#x200B;  If you have any questions, feel free to ask  Comment befo",Rp1324,2,13,r1aqe4
1637775605,2021-11-24 17:40:05,2021,11,[US-OR] [H] Paypal [W] Tactile Switch Spares/Singles,[removed],pdails503,1,4,r1anm1
1637775255,2021-11-24 17:34:15,2021,11,[US-MD] [H] Paypal [W] IFK White-on-Black Icon Kit (or similar),"I really love the look of those icons for alt, control, and friends. So often the icon kits only do shift, delete, and company. I'd love to have [icons for the whole mods crew](https://cdn.shopify.com/s/files/1/0265/3169/2649/products/Icon_Mega_Kit_800x.png?v=1610362429)! So, if you have a set of the IFK WOB Icon Mega Keycaps Kit, or something very similar*, please consider selling them to me.   *",dylan_k,1,2,r1aity
1637775116,2021-11-24 17:31:56,2021,11,"[EU-DK] [H] Quasi-Alice, RAMA M6-C ICED & HAZE, MT3 Cyber, SA Mizu, GMK Terra, GMK Taro Boba Alphas, GMK Analog Dreams + bars, GMK Yugo bundle, GMK Boneyard + novelties, GMK Perestroika usual kit, GMK Lux, GMK Classic Red, cables, switches, tons of RAMA & Salvun artisans [W] PayPal","[Timestamp](https://imgur.com/a/kYhq3kK)  Bit of a winter cleaning to part with stuff I am not using to fund other hobbies. Prices are stated in my local currency (Danish Kroner) with the EUR equivalent at the time of posting indicated next to the price. Discounts for bundles, local pickup and whatnot. Prices include PayPal fees but not shipping costs. Listing is not FCFS, as I will give priority ",yourehotwhenimdrunk,7,41,r1agwn
1637775033,2021-11-24 17:30:33,2021,11,[US-GA] [H] Think 6.5v2 2u Stormtrooper with extras [W] Paypal,[Timestamp](https://imgur.com/a/4CGsTkK)  [https://imgur.com/a/A9Ngjfj](https://imgur.com/a/A9Ngjfj)  Built with lubed and filmed Kiwis and C3 stabs  Includes:  1 additional PCB  1 additional white FR4 plate  Red nautical badge  4x4 RGB kit  Extra gaskets  Original packaging and everything that came with the board form Grey Studios  Asking $515 shipped to the US48. May be wiling to trade depending,clay_333,2,4,r1afpy
1637774921,2021-11-24 17:28:41,2021,11,[EU-PT] [H] Rama M60-A SEQ2 Haze + extra PCB [W] PayPal,"[Timestamp](https://i.imgur.com/C8ud64O.jpg?1)  Hello, I am selling my RAMA M60 Haze and an extra PCB since ever since I got my 7V I haven't used it much.  &#x200B;  |Item|Description|Price| |:-|:-|:-| |[~~RAMA M60 SEQ 2 Haze~~](https://imgur.com/a/M0dt259)|~~The keyboard is in good condition.~~ **~~It won't come with the feet~~** ~~since the original owner didn't have them and I didn't purchase a",SeventhSanctum,1,4,r1ae51
1637774836,2021-11-24 17:27:16,2021,11,"[US-CA][H] White Mr. Suit, IFK Cafe [W] PayPal","[Timestamp](https://imgur.com/a/GpmxYsr)  hi mechmarket, it's been a while. I hope everyone is enjoying a nice Wednesday morning ahead of Thanksgiving (and happy Thanksgiving if you're reading this on the 25th). I've just got 2 things to sell today.  As usual, CONUS buyers only, please  Local buyers (Orange County) are preferred, especially for the keyboard  **Mr. Suit**  * Babypowder Golden * WK ",u_s_e_r__n_a_m_e,6,11,r1ad0o
1637774639,2021-11-24 17:23:59,2021,11,[deleted by user],[removed],[deleted],2,2,r1aa8v
1637774451,2021-11-24 17:20:51,2021,11,[EU-DE] [H] Paypal [W] Modern Dolch 2 Addition Kit,"Hi,  i'm looking for the MoDo2 Addition Kit. Please comment before pm",johoice,1,2,r1a7po
1637774438,2021-11-24 17:20:38,2021,11,"[CN][H]Exclusive E7-V2 75%,Fox Time Re,PC Dolphin,Viper V3,Exclusive E6.5,Dolinger PC RE,LZ physix,GMK Dracula,Gmk Modern Dolch Light,GMK Prepress,GMK Bushido,GMK Black Lotus[W] Paypal","[Timestamp](https://flic.kr/s/aHsmXaevFY)  Hey everyone,  This is part of the keyboards and keycaps that I sell with my friends,So if you are interested, please PM  Since I am in China, I need to ship by international express. Please tell me your country and the items needed, and I will calculate the corresponding shipping costs.Also if you have any questions, just let me know!  I think most of th",Gali_gaygay,6,4,r1a7iv
1637774432,2021-11-24 17:20:32,2021,11,"[TW] [H] Iron180 white black, Matrix im+ shining white, Think6.5 v2 2U PC, Think6.5 v2 2U PCBs, Plates, weight and badges, [W] Paypal","[TIMESTAMP](https://imgur.com/a/fckyft3) Price not includes shipping.  Price:  [Iron180](https://imgur.com/a/PG7rUEH), White Alu, WKL, solder PCB, brand new, unbuilt and comes with everything, $850 OBO  [Matrix im+](https://imgur.com/a/yI3cG4o), shining white, Doraemon color matching, hot-swap PCB, brand new, unbuilt and comes with everything, $780 OBO  [Think6.5 v2 2U](https://imgur.com/a/yL6WLVi",harry0522,2,7,r1a7fn
1637774328,2021-11-24 17:18:48,2021,11,[US-PA][H] Percent Studio Skog Reboot Industry Built [W] Paypal,[deleted],[deleted],1,4,r1a5yg
1637774301,2021-11-24 17:18:21,2021,11,[Artisan] 🔵Dogo Squad: Lazurite 🟡 - Crystal Pieces Artisan Keycap, **⏰** [**FORM LINK**](https://crystalpieces.com/product/dogo-squad-lazurite-222)  \- You guys can check out the stunning pics [**here**](https://imgur.com/gallery/ZAmafDZ) 😎  \- RAFFLE TIME: form opens from 9 am ICT/ 2 am UTC Nov 24th and lasts for 24 hours  \- PRICE: $79/ each keycap (freeship worldwide)  \- Quantity: 15 pieces/ each hero    \- Material: Resin casting  \- Profile: SA R3/ Cherry ,CrystalPieces,3,5,r1a5ml
1637774251,2021-11-24 17:17:31,2021,11,[deleted by user],[removed],[deleted],0,11,r1a4x8
1647302316,2022-03-14 23:58:36,2022,03,"[US-NY][H] E6-V2, QXP, TX75 V1, Cheap MDA keycaps, old MX Browns, Vintage MX Blues, Zealio V1, all-black Gateron Yellow, KBDFans foam [W] Paypal","## Absolutely no shipping abroad please don't ask  ## Exclusive E6-V2 R2 -- $440 -	pictures and timestamps: https://imgur.com/a/tYRIzUn -	this sale is only open to those with at least 10 trades -	original price: $450 -	60% from ages ago made by Exclusive -	black top, MAO middle, black bottom, brass weight, brass plate, MAO and brass badge -	all brass parts are thoroughly patina’d -	built with lube",schylarker,11,6,tebhew
1647302235,2022-03-14 23:57:15,2022,03,"[US-CA] [H] Ikki68 Aurora x Dreamscape w/ Brass Weight, TX Stabilizers, Staebies, Owlstabs, Epsilon switches, Puca [W] PayPal","[Timestamp](https://imgur.com/a/moKcCNW)  Hello, I'm looking to sell some stuff today, I have bought too many things for this hobby through this past year and am looking to offload some of my stuff.  If you buy more than one item, I will include a $5 discount on your order.  &#x200B;  |Item|Description|Price|Availability| |:-|:-|:-|:-| |~~Ikki68 Aurora x Dreamscape w/ Brass Weight~~|~~BNIB with al",Cocoa_Puffy,9,18,tebgg9
1647302022,2022-03-14 23:53:42,2022,03,"[US-VA] [H] Kbd67 Lite R3, Hako Royal Clears, Gazzew Springs. [W] Paypal","[Timestamp](https://imgur.com/OV69Vfr)  ~~Kbd67 Lite R3: Transparent purple, Lubed Ktt Mallo's, Japanese BoW keycaps. Kbdfans clear screw in stabs lubed. Perfect condition. $175 + shipping~~ **SOLD**  Other:  78x Hako Royal Clears. $25 + shipping  100x Gazzew Springs 65g. $11 + shipping  \*\*COMMENT BEFORE PM\*\*",Training_Counter_567,6,3,tebdu0
1647301766,2022-03-14 23:49:26,2022,03,[US-PA][H] RAMA Thermal HHKB red beam | Geon Frog F13 WKL black/brass | Blade60 acrylic built with KS3 RGB | mode65 carbon fiber plate | think 6.5v2 1u PCB bnib | novelkeys PBT sand keycap set BNIB | GMK pulse | 100x L&F tecsee ice candy | 100x zeal sakurio L&F [W] paypal,[deleted],[deleted],4,7,tebasp
1647301597,2022-03-14 23:46:37,2022,03,[UK-DU] Looking for a Keychron Q1 Knob version.,[removed],Katamelons,1,2,teb8s2
1647301292,2022-03-14 23:41:32,2022,03,[US-FL] [H] Akko ASA Blue On White Keycaps & Akko Jelly Black Switches x90 [W] PayPal,"Timestamps: [https://imgur.com/a/5dlhr3G](https://imgur.com/a/5dlhr3G)  Hey guys. Impulse buy from Akko and I ended up not needed these.  Everything is new and unmounted/unused.  &#x200B;  ~~The Akko Jelly Blacks are linear switches, not mounted or used. Comes with their original packaging.~~  **~~Looking for $25 shipped for all 90.~~**  &#x200B;  ~~The Akko Blue on White set is ASA profile, never",TheMuffStufff,3,6,teb527
1647301223,2022-03-14 23:40:23,2022,03,[UK] [H] Cyberboard r3 Budapest pink with FR4 Plate [W] PayPal,Timestamp https://imgur.com/a/DYNYZtD  Brand new freshly delivered Budapest Pink R3 Cyberboard.   I have checked the board over as much as I can and left everything sealed.   Comes with a sealed FR4 golden black plate too.   £768 including postage - will post worldwide at your cost,zerotohero,2,5,teb46y
1647301079,2022-03-14 23:37:59,2022,03,"[US-NV] [H] GMK Dracula, GMK Botanical, GMK Nautilus, MG Fishing, DEAG, Artkey, Coconut keycaps [W] Paypal, BBW",[deleted],[deleted],1,1,teb2fp
1647300892,2022-03-14 23:34:52,2022,03,[CA-MB] [H] PayPal [W] Mizu Koi/Mono Dusk or Similar Deskmat,"Looking for a Mizu Koi, Mono Dusk, or similar styled deskmat: somewhat fish/water themed and primarily dark blue coloured.  Thanks for reading!",blAnonAld,3,4,teb04n
1647300646,2022-03-14 23:30:46,2022,03,[US-MD] [H] KWK Colorful and Black Deskmat [W] PayPal,[Timestamp](https://imgur.com/a/W8EmwSi)  &#x200B;  |Item|Condition|Price| |:-|:-|:-| |KWK Colorful Deskmat|Brand New|$100 Shipped| |KWK Black Deskmat|Used|$80 Shipped|  If you have any questions or concerns feel free to message me!,inphablue,3,3,teax58
1647300573,2022-03-14 23:29:33,2022,03,[US-IN] [H] PayPal [W] Complete Builds with SA,"Looking to spend under $300 shipped for a complete SA set and the keyboard.  Prefer browns, reds or blacks but open to anything - esp lubed sets.  Don't really want anything RGB, but I'll take a look.  60% preferred.  Not looking for keycaps alone, an entire build please! :)",LakeIsLIT,0,3,teaw6h
1647300512,2022-03-14 23:28:32,2022,03,[Artisan] Myth Caps Strawberry Matcha,"I'm starting to run out of boba drinks to replicate... I hope you all enjoy one of my most complex colorways to date  [Pictures](https://imgur.com/a/x7ky0Fl)  All caps are MX stem, nothing fancy   Price: $50 + shipping (US $5, CA $14, INTL $17, AUS $18)   Sale will be in raffle form.   Form will close tomorrow at 5pm PST  [Form](https://forms.gle/EfQYvoSN29cRpiRm9)  Follow me on [Instagram](https:",CookiesR4U,42,7,teavf1
1647300394,2022-03-14 23:26:34,2022,03,[US-TX] [H] PayPal [W] NK65 Milkshake Edition,,MrJJangoo,3,4,teatz7
1647300152,2022-03-14 23:22:32,2022,03,[SG][H] Andromeda | Sagittarius | J-01 Red | Pandora 60% | U80-A SEQ 2 | Time 80 RE | GMK Nautilus | GMK Deep Navy | GMK Demon Sword [W] PayPal,"[Cover Image](https://imgur.com/a/O8aMdkZ) | Timestamps and pictures in their respective listings below  All items are from GB and not extras, A-Stock or B-Stock.  Able to ship internationally US, EU, AU with registered and insured priority tracking mail. All prices are negotiable. Feel free to contact me if any additional information is needed.  ## Keycaps  |**Item**|**Details**|**Price**| |:-|:-",Valduric,1,8,tear1g
1647300024,2022-03-14 23:20:24,2022,03,[US-TX] [H] PayPal [W] NK65 Milkshake Edition,[removed],Optimal-Cantaloupe58,1,0,teapdh
1647299918,2022-03-14 23:18:38,2022,03,[UK][H] Cyberboard R3 Budapest Pink [W] Paypal,"[~~Timestamp~~](https://imgur.com/a/4R54aPz)  ~~Hi everyone,~~  ~~I would like to sell my Cyberboard R3 Budapest Pink:~~  ~~Condition: Brand New, opened, never built. Only opened for inspection and photos. Includes all original items, packaging, and accessories,~~  ~~I will ship it with the original box.~~  ~~Price: £700 + shipping.~~  ~~Thanks a lot!~~  Sold to u/kitsune223",WolftWayne,6,9,teao1l
1647299901,2022-03-14 23:18:21,2022,03,"[US-TX] [H] GMK Demon Sword Base, Novelties, Deskmat (Sealed), PayPal [W] PayPal, GMK Red Dragon Deskmats","[Timestamp](https://imgur.com/a/WDf8Ai9)  Looking to sell all three as a bundle, but willing to sell the Deskmat separately, Base set and Novelties sold together.  ~~Full Bundle - $380 w/ Shipping to CONUS~~  ~~Base Set and Novelties only - $340 w/ Shipping to CONUS~~  ~~Deskmat only - $40 w/ Shipping to conus\\~~  **Sold! I'm still looking for the Red Dragon mats so please DM if you're willing to",TheP0keB055,3,4,teantg
1647299352,2022-03-14 23:09:12,2022,03,"[US-CA] [H] BNIB GMK Aurora Polaris, Aurora polaris Rama cap, aurora polaris mini xlr artisan cable, 65% Keyboard sleeve (Aurora Polaris), Keycult 65% Wristrest Brass, 90x hyperglide black, 70x gat ink black v2 [W] Paypal, Local Cash","[https://imgur.com/a/vPbx28X](https://imgur.com/a/vPbx28X)  Local to 94010  ~~BNIB GMK Aurora Polaris - Base, Novelties, Spacebars, Alt Mods - $450 shipped~~  New Aurora Polaris Rama Cap - Never mounted -$85 shipped  BNIB Aurora polaris mini xlr cable - $100 shipped  65% keyboard sleeve (aurora polaris) - never used - $45 shipped  ~~New 65% Keycult Brass Wristrest - never used - $350 shipped~~  ~~",chowder78,0,17,teagt4
1647298941,2022-03-14 23:02:21,2022,03,[US-NY][H] PayPal [W] 1800 Layout keyboard,Looking for one with either tactile or linear switches.  The budget is $200 USD,HaaYc,1,6,teabdk
1647298725,2022-03-14 22:58:45,2022,03,[UK] [H] PayPal [W] Boba U4T,Any spring weight is fine.  Ideally looking for 70 but smaller amounts work too.  Thanks.,AnApacheHelicopter,3,5,tea8hk
1647297570,2022-03-14 22:39:30,2022,03,[US-CA][H] Cloud White Satisfaction 75 R2 (A Stock) & Extras [W] Paypal Selling,"EDIT: SOLD! Thank you for your interest!  [Timestamp](https://imgur.com/gallery/NlFbegT)  Hello, I'm looking to sell my unbuilt A Stock Satisfaction 75 R2 in Cloud White with original packaging with all the Extras included. Can provide more pictures.  Opened for pictures.  Includes:  Satisfaction 75 R2 (Cloud White)  Brass Plate  PCB  Gold Compass Knob  OLED Screen  Rotary Encoder  Extras:  Extra ",mawbeaw,5,7,te9tr9
1647297510,2022-03-14 22:38:30,2022,03,"[US-OK][H] Phoenix 40 Silver/Brass [W] PayPal, Local Cash","[TIMESTAMP](https://imgur.com/a/HkYk5nW)  *Repost* \- Selling my Phoenix 40 from the MechVault GB last summer. It is brand new in box, only opened the box to take these photos. Brass plate and pcb are both sealed in the airtight bags they came packaged in.  Only reason I’m selling is I decided I don’t need a 40% and would rather try to get my money back out of this. That said I’m looking for MSRP ",CCX-S,5,8,te9szt
1647297259,2022-03-14 22:34:19,2022,03,"[CA-ON] [H] BNIB Vega (grey, alu, hotswap), GMK Laser w/ cable [W] Cash, Black Vega","Hi everyone,  https://imgur.com/a/7NK8lCI  Vega as above. Asking for **800 CAD**.  Laser R2 (BNIB). Asking for **180 CAD** (at cost).  Laser-themed cable from Badger Cables (not used, but tested). USB-A to USB-C / 5ft. / 6"" coil. Asking for **50 CAD**.  Will sell the keycap set with cable for 210 CAD.  Open to trade for black BNIB 65/75% hotswap boards.  **Local only**",bzgz,0,17,te9pqk
1647297096,2022-03-14 22:31:36,2022,03,[UK] [H] PayPal [W] Hi-FINGER 7.5,"As per title, preferably in black, thanks!",NNORSE,2,2,te9ni6
1647296982,2022-03-14 22:29:42,2022,03,[EU-UK] [H] PayPal [W] Hi-FINGER 7.5,[removed],[deleted],1,3,te9lvj
1647296977,2022-03-14 22:29:37,2022,03,[CA-ON] [H] Thera75 with PVD coated weight [W] PayPal,[deleted],[deleted],7,2,te9ltk
1647296485,2022-03-14 22:21:25,2022,03,"[US-NY][H]TGR Janes (V2, V2 CE, 03) & OG Dyesubs (G81 SAV, SDU, SAU) [W]Paypal/Local Cash, Trades",[deleted],[deleted],0,7,te9fig
1647296327,2022-03-14 22:18:47,2022,03,"[US-TX] [H] Mammoth75, GMK Frost Witch [W] PayPal","[Timestamp](https://imgur.com/a/wpHr7RA)  **Mammoth75** - $625 - E-White, unbuilt, all pieces in box. Back mirror piece is still wrapped.  ~~**GMK Frost Witch** - $450 - Base Kit (sealed) and Spacebars (unused except for Dark Purple 6.25u spacebar. Slight use but like new)~~ SOLD for asking  CONUS only. Comment before PM. Prices included shipping. All prices are lower than what I paid off MM. Inte",ramwham,2,14,te9ddx
1647296123,2022-03-14 22:15:23,2022,03,"[US-TX][H] Gasket Mount PC Klippe T Kit, Femo Cable [W] PayPal","[Timestamp](https://imgur.com/a/xLppUx4)  - ~~Recently picked up an endgame 60%, so selling my gasket mount Klippe. Will include the case, an unused Merro60 pcb, a brass Mekanisk plate, both a 30a and 50a o-ring, and clip-in stabs. The stabs are vintage cherry clip-ins with durock gold wires. I lubed them with 205g0, but I would suggest touching them up before using them in a build as I used them ",Ensaum,3,6,te9aqd
1647296018,2022-03-14 22:13:38,2022,03,[US-MD] [H] Paypal [W] Glacier80 TKL,[removed],ZeroCool170,1,0,te99c9
1647295936,2022-03-14 22:12:16,2022,03,"[US-FL][H] CherryB Coffee Zanbato 1800 Unbuilt, GMK 9009 Modern And Obscure kits [W]Paypal",[deleted],[deleted],11,3,te98ax
1647295919,2022-03-14 22:11:59,2022,03,[US-MI] [H] 100x Primekb Alpaca v2 Switches [W] Paypal,"[Timestamp](https://imgur.com/a/jmnhygN)  SOLD  Bought from Swabkeys, installed in a Vissles 84 (Hot Swap) keyboard for 1 week. Switches are stock and like new, no soldering, lubing, or opening of any kind.  $55 and free shipping via USPS, price is firm.  Comment + PM only .  EDIT: Shipping to continental U.S.A. only.",ihave3apples,3,6,te982s
1647295840,2022-03-14 22:10:40,2022,03,"[US-MN] [H] GMK Hammerhead Light, GMK Deku, GMK Modern Dolch 2, , Keyhive Absinthe, Jellykey Zen Pond Artisan Spacebar, Zambumon Rama Artisan, GMK Deku Rama Enter Artisan, Lots of switches [W] Paypal","[Timestamp](https://imgur.com/a/nCUL1Xq)  All prices include shipping and are OBO, bundles will be prioritized, CONUS only  &#x200B;  |Item|Condition|Price| |:-|:-|:-| |GMK Hammerhead Light Base Set|Brand new, sealed|$220 SOLD| |GMK Deku Base Set|Brand new, sealed|$320| |GMK Deku Rama Enter|Brand new, sealed|$120 SOLD| |GMK Modo 2 Base Set|Brand new, sealed|$150 SOLD| |Jellykey Zen Pond Goshiki Ru",NickDimOG,5,13,te973l
1647295805,2022-03-14 22:10:05,2022,03,"[US-NJ] [H] GMK Night Runner + Novelties, DSA Magic Girl Core Kit R2 + Stabs [W] Paypal","[Timestamp](https://imgur.com/a/uKfSbvD)  Hi all, looking to sell some unused stuff. CONUS only. Please reply before PMing.  &#x200B;  ~~GMK Night Runner + Novelties: Factory sealed. Bought from someone else last year and never used them. Looking for $300 shipped.~~ **Sold for $250**  &#x200B;  ~~DSA Magic Girl Core Kit R2 + Stabs: Also factory sealed. Comes with themed stabs. Looking for $165 shi",ThePastaPolice,1,7,te96mc
1647295584,2022-03-14 22:06:24,2022,03,"[US-CA] [H] PayPal, Venmo [W] Type Array Fridge Magnets","Hi **pepe#4044** - 5/15/2022,  Curious to see if anyone who previously bought the Type Array stands has [**these magnets**](https://imgur.com/a/MFs9oH0) they're not using and may want to sell.  I'm interested in chatting and picking these up if they're available. Open to all colorways. Any leads would be great as well. Thanks!",weebae,1,10,te93n8
1647295531,2022-03-14 22:05:31,2022,03,[CA-ON] [H] Used GMK Frost Witch + Novelties [W] Paypal,[Timestamp](https://imgur.com/a/lX8uPap)  &#x200B;  For sale is a used (only used for a few days) GMK Frost Witch + novelties. Please see pics.   &#x200B;  $500 + Shipping or best offer.,duppyy77,0,28,te92vr
1647295357,2022-03-14 22:02:37,2022,03,[US-FL][H] -PRICE DROP- Custom KBP V60 Bundle (Hiragana keycaps + Wood Wrist Rest + Coiled Mini USB by Kriscables) [W] PayPal,"  [Timestamps/Pics](https://imgur.com/a/RAWWRDI)  Selling a keyboard that hasn't seen as much love as I'd like it to. As such I'm bundling with all the other accessories.  **----------------** ***KBP V60 Bundle*** **-------------------------**  * KBParadise 60% keyboard (Cherry MX Black) * Hiragana keycaps - Grey w/ Pink accents (Slight gloss, was my daily for a while. Have disinfected.) * Aluminu",ArtyomtheRanger,0,2,te90bk
1647295298,2022-03-14 22:01:38,2022,03,"[US-UT][H] E-White WKL Polaris, CC Zero BNIB, L&F Cobalt Pom, KAT Mizu RAMA, Treasure Type-9 [W] Paypal","[TIMESTAMP](https://imgur.com/a/oH7oSet)  Prices include CONUS shipping, **Zelle highly preferred with new 2022 tax laws** and I have 50+ confirmed trades:  * E-White WKL Polaris: $530 Paypal / $510 Zelle; Never-soldered PCB, PC & POM (greendoorgeeks) plates, plate and case foam, extra original gaskets - [more pics](https://imgur.com/a/EK0iwtq) / [sound test](https://soundcloud.com/user-847258575/",ZooperDD,2,12,te8zhd
1647294918,2022-03-14 21:55:18,2022,03,"[CA-ON] [H] Rama M65B, GMK Olivia ++ [W] Paypal, GMK Burgundy","\[Timestamp\]([https://imgur.com/a/wtKIUZQ](https://imgur.com/a/wtKIUZQ))     Hi, I'm looking to sell some of the stuff I don't use/need:  \- Used Rama M65B Kuro:     \+ 1 Hotswap Pcb, 1 Brass plate, 1 Internal dampener included     \+ There are 2 small marks on the left side of the board (see in timestamp), otherwise in great condition.     \+ Asking for 580 USD, shipping not included, please PM ",ZereF218,0,15,te8u6b
1647294874,2022-03-14 21:54:34,2022,03,[US-NY] [H] Ikki68 Aurora Charcoal [W] PayPal,[timestamp](https://imgur.com/a/x6lEGdK)  Ikki68 Aurora Charcoal - **$old**  Selling a great condition Ikk68 Aurora. Charcoal color and has only been built once. Comes with lubed Durock v2 stabs and all original accessories and a carrying case. Hotswap PCB.  Please feel free to comment with any questions or concerns. Thanks for looking!  *\*no keycaps or switches included.*,TalkofNY,3,7,te8tkn
1647294781,2022-03-14 21:53:01,2022,03,"[US-CA] [H] KAT Hyperfuse Ortho (Icons), Modifiers (Icons), PayPal [W] Accent, ISO, International kits, ISO enter key",[Timestamp](https://i.imgur.com/UjG3Lfx.jpg)  I'm looking for a KAT Hyperfuse ISO Enter Key (any color). I'm willing to buy the key or kit containing an ISO Enter. I will also trade an Ortho or Modifiers kit for a kit with an ISO Enter.  Note: I'm not selling the kits I have. PM only. No chats. Comment before PM.,tornadic,1,2,te8skg
1647294779,2022-03-14 21:52:59,2022,03,"[SG] [H] Keycult No.1 Rev.2 half aluminium plate, Matrix 2.0add PC plate, GHS.RAR Noir/Gold B-stock [W] PayPal, Trades","[Timestamp and pics :)](https://imgur.com/a/KPR7Am8)     Hello!  All prices are in USD and include worldwide shipping (to most places). Invoice will be in USD.  * Custom Keycult No.1 Rev.2 half aluminium plate - $50 shipped * Custom Matrix 2.0 add PC plate - $35 shipped * [GHS.RAR B-stock Noir/Gold PVD, built with zakus and zeal on full alu plate - $800 shipped](https://youtu.be/aUesewMO740)  **OR",moon-byul,2,5,te8sjz
1647294719,2022-03-14 21:51:59,2022,03,[US-TX] [H] NK65 Aluminum Modded (black) [W] Paypal,[removed],Goldenmonkey089,1,0,te8ryj
1647294326,2022-03-14 21:45:26,2022,03,"[US-AZ][H] GMK Ashes Base + Ghost kit, Matrix Rubrehose Badges [W] PayPal",[deleted],[deleted],0,4,te8o7w
1647293983,2022-03-14 21:39:43,2022,03,"[CA-AB][H] Drop MT3 WOB, Celestial Deskmat [W] Paypal","[Timestamp](https://imgur.com/a/1Dx6pX6)  All prices included shipping to Canada & CONUS.  Prices are USD  Comment before PM **(NO CHATS)**  |Item|Description|Price (USD)| |:-|:-|:-| |~~Celestial Deskmat~~|~~B Stock, never used.~~|~~$15~~ Sold for asking| |~~Drop MT3 WOB Base Kit~~|~~No shine. Mounted for a month but used in rotation with several other boards.  FYI you can buy this on amazon for $",KingInTheNorth035,2,4,te8k2h
1647293327,2022-03-14 21:28:47,2022,03,[US-CA][H]Paypal[W]Crp Cyrillic bnib,,Ill_Painter_9805,1,2,te8b5t
1647293262,2022-03-14 21:27:42,2022,03,"[CA-ON][H]Mode 80 Viridian, Bakeneko60 PCB, Bakeneko60 Fr4 Plate, GMK Bushido Base, GMK Bleached Base, 67x L + F BCPs, 15x L + F Zealio Stemd Holy Panda, 25x L + F Holy panda, 26x L + F Boba U4ts, 20x L + F Durock Sunflowers, Lubed and Tape Holee Modded Durock V2 7u kit Stabilizers...",[removed],arharhray,1,3,te8aa7
1647293031,2022-03-14 21:23:51,2022,03,[US-GA] [H] Keycult 65%/60% Brass Wrist Rest [W] PayPal,[Timestamp](https://imgur.com/a/2hqeKXl)  Comment before PM. No chats. **CONUS only.**  |Item|Details|Price| |:-|:-|:-| |~~65% Wrist Rest~~|~~Brand new. Just took them out for photos.~~|~~$250 shipped~~| |~~60% Wrist Rest~~|~~Brand new. Just took them out for photos.~~|~~$250 shipped~~|  **SOLD FOR $450 + shipping**,pleasehackme19,0,8,te8729
1647292875,2022-03-14 21:21:15,2022,03,[US-CA] [H] IBM Model F w/ Soarer's Converter [W] Paypal,"#**[Timestamp](https://i.imgur.com/e2ovu02.jpg)**  Comes as pictured, tested and fully working. Never got into it enough to try remapping. ~~Selling for $160 shipped in CONUS (it's heavy as hell, shipping is expensive).~~  SOLD  PMing with your paypal email and buying for asking price guarantees you the item if you're first. Comment before messaging, no chat please.    &nbsp;  Thanks for looking!",fishbiscuit13,7,5,te84zp
1647292600,2022-03-14 21:16:40,2022,03,"[US-SC][H] KBD67 Lite, 72 Kailh Speed Coppers, 110 Hako Royal Trues [W] PayPal, GMMK Pro, Any 65% or 75% Board","[~~TIMESTAMPS~~](https://imgur.com/a/AVpChzE)  ~~Have some things I'm looking to let go and some boards I'm looking to purchase.~~  **~~KBD67 Lite~~**~~: Does not include switches or caps, will remove before shipping. Lubed stabs with Krytox 205g0. Includes carrying case.~~  ~~ASKING $110 SHIPPED~~  **~~72 Kailh Speed Coppers Switches~~**~~: Used for a day. Bag lubed springs.~~  ~~ASKING $20 SHIPP",fvown,4,9,te81ei
1647292428,2022-03-14 21:13:48,2022,03,"[CA-ON] [H] Banana split, Marshmallow, Holy panda [W] Cash, Paypal",Item | Description | Price (USD) :-- | :-- | :-- Banana split | 67 l&f (Krytox 205g0/105 and clear tx films) and 3 stock | ~~$55~~ Marshmallow | 70 stock | ~~$45~~ Holy panda | 68 lubed (Krytox 205g0/105) and 2 stock | ~~$80~~ All of the above | Includes additional 3 random switches I don't need | ~~$185 shipped~~  Thanks :),Look-Time,1,6,te7z9b
1647292219,2022-03-14 21:10:19,2022,03,"[Artisan] 🧋 Bubble Tea Keycaps- Taro, Brown Sugar, Thai Milk, and more!","Hey everyone!  This raffle sale is for all the bubble Tea and/or boba lovers out there! This sale has a total of eight flavors; Taro, Strawberry Milk, and Passion Fruit to name a few. The Thai Milk Tea is my personal favourite. Whats your go-to drink?  &#x200B;  **Raffle Info**: [Form](https://forms.gle/vEaLKysqojkTLd1p6) and [pictures](https://imgur.com/a/lFe2bU4)  These are MX Stems with a 100% ",TaurusTrades,24,9,te7wyh
1647291610,2022-03-14 21:00:10,2022,03,[EU-DE] [H] Paypal/Equivalent [W] Bakeneko60 or Ciel and Irezumi B Deskmat.,[deleted],[deleted],0,4,te7oe2
1647291139,2022-03-14 20:52:19,2022,03,[Service] xokeys' affordable building / lubing service,[removed],[deleted],2,3,te7hyr
1647291078,2022-03-14 20:51:18,2022,03,"[US-CA] [H] Green Pandora60, Burgundy EV-V2 [W] PayPal","[**- T I M E S T A M P -**](https://imgur.com/a/lHkOisr)  Clearing out the collection to make room for incoming boards. Please comment before PM (no chats). Prices include shipping to CONUS. Priority goes to local sales (91776).  &#x200B;  [**Pearl WK Pandora60 (Royal Green) - $625**](https://imgur.com/a/uJmhtdr)  * x1 hotswap PCB, x1 soldered PCB * x1 brass plate, x1 carbon fiber plate * L+F blac",cheeekywes,2,4,te7h5r
1647291048,2022-03-14 20:50:48,2022,03,[US-PA][H] Mode 65 Black with FR4/Copper plates and extra copper back piece [W] PayPal,"Edit: sold.   ~~ Album of timestamps: [https://imgur.com/a/Tz8tent](https://imgur.com/a/Tz8tent) (also includes a photo from when it was built)  For sale is a Mode 65 in black. Assembled once, used for a day or two until I realized I still don't like the 65% layout.  * Top: black * Bottom: black * Backpieces included:    * regular black    * copper * Plates included:    * FR4    * copper * Hotswap",inphinity,0,5,te7gr2
1647290488,2022-03-14 20:41:28,2022,03,"[CA-ON] [H] GMK Demon Sword RAMA, GMK Red Dragon RAMA Red Fire and Gold Fire [W] Paypal","[timestamp](https://imgur.com/a/ZaW689x)  &#x200B;  |Item|Price (USD)|Availability| |:-|:-|:-| |~~GMK Demon Sword RAMA~~|~~75~~|SOLD| |GMK Red Dragon RAMA Red Fire|65|Available x2| |GMK Red Dragon RAMA Gold Fire|65|Available|  Prices in USD and do not include shipping, please comment before PM. Cheers.",seiko905,1,4,te7999
1647290242,2022-03-14 20:37:22,2022,03,"[CA-ON] [H] Maker Scarlet TKL, MiTo SA Laser, 21LP Numpad, Gamakay K66, Ultraglides, Paypal [W] PayPal, Keycult TKL No.1 Rev 2. Hotswap PCB","[Timestamp](https://imgur.com/a/A4vj1bA)  Prices are in USD not including shipping. Local pick up can be arranged downtown Toronto.  |**Items**|**Details**|**Price**| |:-|:-|:-| |~~Maker Scarlet TKL~~|~~BNIB Black B-Stock WKL Hotswap with POM Plate and extra Alu plate~~|~~$300~~ Sold for asking| |2L1P Num (Black version with gold screws)|Still in original shipping box, sealed and never opened.|$45",Yasquatch,1,16,te75uw
1647290051,2022-03-14 20:34:11,2022,03,"[US-MA] [H] Paypal, GMK Grand Prix, Rama U80-A Seq 2 Moon Stealth [W] Keycult 1/65, Latrialum 7V Badge","[GMK Grand Prix Timestamp](https://i.imgur.com/YITfKLT.jpg) [U80 Moon Stealth Timestamp](https://i.imgur.com/qHoEPVL.jpg)  Conus only.  Looking to buy:  * ~~Keycult 1/65, open to different variants~~ * Latrialum 7V badge (prismatic petal)   Selling:  * GMK Grand Prix base kit. Opened to look at, but unused and unmounted. $170+shipping * Rama U80-A Seq 2 Moon Stealth. BNIB, solder PCB. $465+shippin",hawkeye3432,7,3,te73bc
1647289967,2022-03-14 20:32:47,2022,03,[US-NJ] [H] Blush Pink Hidari / brass cover [W] paypal/local,[deleted],[deleted],1,3,te728n
1647289594,2022-03-14 20:26:34,2022,03,[US-WI] [H] Tofu60 Gray Aluminum Case [W] Paypal,"[Timestamp](https://ibb.co/tYGCqD3)  Tofu60 Gray Aluminum Case  Shelf liner in the case to make it less hollow  DZ60 CNC Aluminum 60% Plate (Plate B Version, 2.25u left shift)  DZ60 RGB ANSI V2 Hot Swap PCB  NP PBT Keycaps base kit   Durock V2 Stabilizers Screw-In lubed with Krytox 205g0 on wires and sliders  Lubed Zeal Tealios V2 Linear Switches with Krytox 205g0 and Flimed with TX flims  Also ve",Nebula918,1,4,te6x1x
1647289425,2022-03-14 20:23:45,2022,03,[UK] [H] PayPal [W] CRP windows,"Looking for CRP winkey kit,  Preferably from UK or EU  Comment before PM please :)",Rude_Monitor_1574,1,2,te6urc
1647289230,2022-03-14 20:20:30,2022,03,[US-IL] [H] Singa Unikorn [W] PayPal,[deleted],[deleted],0,39,te6sa2
1647289010,2022-03-14 20:16:50,2022,03,"[US-CA] [H] Infinikey Port Base + Add-on, Infinikey Dark Cyrllic [W] Paypal","[Timestamp](https://imgur.com/a/C0GVmIA)  Not FCFS, priority will be given to bundles > local > everything else. Will have discount for bundles and local buyers. Local to Orange County. All prices 'or best offer'. Comment then PM please.  * Infinikey Port Base + Add-on (Used, no shine, 'A' key legend is slightly scratched) - $90 shipped * ~~Infinikey Dark Cyrillic Base + Fix Kit (Base still sealed",Departures20,1,7,te6phz
1647288832,2022-03-14 20:13:52,2022,03,"[EU-DE] [H] Completley custom, 4.8kg concrete 75%board with 4mm corteen steel plate, handwired Kailh x Novelkeys Thick Click Navys, and Besides Studio Full Alu Caps + Blue Anodized ones with laser etched legends. (buildlog as comment) Costar Stabs. No cable. Finished with OSMO [W] 450€ plus shipping",Timestamp: [https://imgur.com/a/WBlkTRf](https://imgur.com/a/WBlkTRf)  Buildlog: [https://www.reddit.com/r/MechanicalKeyboards/comments/t7x4r4/build\_ready\_thockster\_v40\_48kg\_of\_alucaps\_on\_a/?utm\_source=share&utm\_medium=web2x&context=3](https://www.reddit.com/r/MechanicalKeyboards/comments/t7x4r4/build_ready_thockster_v40_48kg_of_alucaps_on_a/?utm_source=share&utm_medium=web2x&context=3) ,Chrislybaer,10,10,te6n94
1647287766,2022-03-14 19:56:06,2022,03,[US-NM] [H] PayPal [W] GMK Evil Dolch,"~~I'm looking for the Evil Dolch base kit and possibly the spacebars. Preferably a brand new set, but I'd consider lightly used. Please pm offers, thanks.~~  Bought the base kit, however I'd still be very interested in the spacebars.",R1ddl3,8,3,te688w
1647287590,2022-03-14 19:53:10,2022,03,"[US-TX] [H] Blue Grey Portal, 90 x Lubed Black Cherry Pies (BCP) [W] Paypal","[Timestamp](https://imgur.com/a/Rur6A81)  &#x200B;  |Portal Parallel|Blue Grey (desoldered) Mirror-Polished Stainless Steel weight w/alu plate + fr4 plate (40a o-ring that came with base) (caps and switches don't come with the board)|$350 with shipping| |:-|:-|:-| |~~90 x Black Cherry Pies~~|~~Cherry Black Tops, Cream Stem, JWK bottom (seal bottoms), deskey films, 205g0 lube, 68g slow springs (des",Tinatran7t,12,16,te65s7
1647286604,2022-03-14 19:36:44,2022,03,[US-NJ] [H] 8008 base and accent kit and 8008 cable [W] PayPal,Selling 8008 bundle   Base and accent kit -350 8008 cable from swift cables -60 Everything 380 obo [8008 R1 bundle](https://imgur.com/a/PiaUAry),nerds1,1,4,te5skb
1647286579,2022-03-14 19:36:19,2022,03,[US-CA][H]Singa V3 White [W]PayPal,"[Timestamp](https://imgur.com/a/4raPeto)      |ITEM|PRICE| |:-|:-| |~~Singa V3 White~~|~~$325~~ **SOLD**|      ***Includes***: 2 PCBs, Aluminum Plate, POM Plate      PCBs have been de-soldered and QC'd with no issues. POM Plate custom order.   Case has minor scratches on corner and side of case as seen in the timestamp above.      Price + Shipping      Please comment and PM. Thanks!",saki411,5,2,te5s81
1647285538,2022-03-14 19:18:58,2022,03,[EU-FR] [H] AVX Works GMMK Pro FR4 Plate ISO layout [W] PayPal,"https://imgur.com/a/ny8Fq7x  hi im new to the sub so sorry if this post looks like shit  so im selling a gmmk pro fr4 plate iso layout  its brand new, never used  20€ without shipping via paypal  i mean u gotta pay the shipping its just that it depends on the price ye",GalaxyFiish,1,11,te5dwk
1647285532,2022-03-14 19:18:52,2022,03,[US-NE][H]HHKB Classic Black printed silenced [W]Paypal,"https://i.imgur.com/GItbPno.jpg  https://i.imgur.com/Ghmry7j.jpg Selling a very lightly used HHKB Classic here with printer black caps. Comes with brand new cable and no wear or damage to report. Was silenced by previous owner with deskeys #3 rings. Price includes shipping within the ConUS, sorry no international shipping, price is OBO as well.  Price = $140.00 OBO sold for asking",Beaker_McBeakman,5,10,te5dt0
1647285390,2022-03-14 19:16:30,2022,03,"[US-PA][H] PayPal [W] Budget builds 65+, Nk65, Portico, kbd67 lite,Looking for a fully built budget keyboard.",[removed],DifferentProfessor3,1,4,te5bt5
1647285143,2022-03-14 19:12:23,2022,03,"[PH] [H] Jelly Epoch, Artisans [W] Paypal, Botanical Light Deskmat","[Jelly Epoch Ink](https://imgur.com/a/anM4jZ7)  Jelly Epoch Ink in Pristine Condition, Built once, no flaws, scratches or dings, can pass as new, no patina or marks on brass.  PC Plate, Hotswap PCB with box and all foams and accessories with lubed OP-Blacks and Tuned Durock V2’s - $1050 (SOLD for asking)  [Artisans](https://imgur.com/a/qypDpuv)  Keysninja Naruto Baryon Mode -$50 SOLD  Zero Sky Mec",dciruela,3,13,te58gf
1647285029,2022-03-14 19:10:29,2022,03,[EU-FR] [H] AVX Works GMMK Pro FR4 Plate ISO layout [W] PayPal,[removed],[deleted],1,4,te56t4
1647284987,2022-03-14 19:09:47,2022,03,"[US-CA][H] Cyberboard R3, Satisfaction75, E7-V2, Mammoth75 (White, Purple), Gemini TKL, Sagittarius (Black, Blue), Charue Charon, Leaf65, ZTE After, JLabs JP-02 (Navy, Grey), Think v2, Sneakbox Ava, Boop65, Mountain Ergo, GMK Deku, Belafonte, KAT Arctic, MT3 Dasher, J0-1, Extras, Switches [W] Paypal","# [TIMESTAMP!!](https://imgur.com/a/Wrrs2JW)  Click on item links for more pictures.  Shipping only to CONUS for now unless you want to pay the extra for international. Please PM- **no Chat** as I do not get it on mobile.  Local pickup in the SoCal OC/LA (92869) area available. Everything is OBO. Also interested in trades, so feel free to shoot me an offer.  **DISCOUNTS for payment via Venmo/Zelle",FallenCow,0,20,te5670
1647284932,2022-03-14 19:08:52,2022,03,[EU-FR] AVX Works GMMK Pro FR4 Plate ISO layout,[removed],[deleted],1,2,te55fh
1647284601,2022-03-14 19:03:21,2022,03,"[US-MN] [H] Paypal [W] Tsukuyomi keyboard, JER-mini, KL-90, BOCC","Hey y'all building my first keyboard but i'm having trouble finding a high profile case with a left macro column for gaming. I am considering the Ellora65 but its quite a bit more than what I was hoping to spend. If you have any of the listed boards used, or anything similar please let me know!   Thanks,   \-Dan",DanTheBased,1,6,te50z7
1647284487,2022-03-14 19:01:27,2022,03,"[US-TX] [H] Satisfaction 75 Blue SE, CYBERBOARD R3 Black, TKC Kiwi, GMK Nautilus Nightmares [W] PayPal/Cash","NEWER LISTING: [https://www.reddit.com/r/mechmarket/comments/tia461/ustx\_h\_satisfaction\_75\_blue\_se\_cyberboard\_r3/](https://www.reddit.com/r/mechmarket/comments/tia461/ustx_h_satisfaction_75_blue_se_cyberboard_r3/)  &#x200B;  [Timestamp](https://imgur.com/a/JIk1kZY)  |*Board*|*Notes*|*Cost*| |:-|:-|:-| |[Satisfaction 75](https://imgur.com/a/8GZlCnC)|Unboxed to photograph. Deep Ocean Blue SE,",pastelblanca,0,8,te4zbc
1647284402,2022-03-14 19:00:02,2022,03,[UK] [H] Keebwerk Mega. 65% Keeb [W] PayPal,# £140 + Shipping [DM and we could talk about the price]  ITS KIND OF A NO BRAINER IMO  [Timestamp](https://imgur.com/gallery/J9cEfaY)... more available on request I guess  * Mega. by Keebwerk - 65% Keyboard * Black Case - Gold Base - Black Plate * 105 Switches - Gateron Milky Blacks lubed * Cherry MX stabs lubed w/ Krytox 205g0 * Plate Foam + Mute Foam * 1m USB-C to USB-A Cable * No Original Pack,phileezor,3,3,te4xzu
1647283443,2022-03-14 18:44:03,2022,03,[US-CA] [H] GMK Ishtar [W] PayPal,[removed],C4lover1987,0,7,te4kx8
1647283121,2022-03-14 18:38:41,2022,03,[EU-DE] [H] Paypal [W] Jelly Epoch or Mr. Suit with Hotswap PCB,"Update : Purchased Mr Suit from u/nonmemo  &#x200B;  Hey Guys,  i am looking for a Jelly Epoch or a Mr. Suit with a Hotswap PCB.  Keyboard should be in pristine condition without any flaws.  I am open to any colours.  Seller should also be located in the EU to avoid customs.  Please pm me if you can offer me one of those keyboards. Thank you in advance.",Yashi80,1,4,te4gig
1647282776,2022-03-14 18:32:56,2022,03,"[CA-ON][H]Artisans [W] bbw, bongo", Hi [r/mechmarket](https://www.reddit.com/r/mechmarket/)  [Timestamp](https://imgur.com/a/5maIBpQ)  Hope everyone is staying safe. Trading my artisans  Artisans  KrakenKap - Deadpool Brox  T lab - Bananie  Alpha Keycaps - Weebot 01 Keypora  Rubrehose BBW (Motley Chew)  Lemi Berry  Love Drunk Nayru  ~~First love Feeny~~  Posh Little Lad Jamjams  WTTF: [Wishlist](https://imgur.com/m3ReYqH)  Please c,ligongduck,6,4,te4bqr
1647282511,2022-03-14 18:28:31,2022,03,[US-CA] [H] Paypal [W] omnitype modo2 artisan cap,"It was available to those in gb only, so I couldn’t get one. I need one to finish my build. Just that cap itself, I already have all the kits I need. Please pm me! Preferably never mounted.",jonathanguven,1,3,te483s
1647282138,2022-03-14 18:22:18,2022,03,[US-TX] [H] 1/65 Keycult Silver Wrist rest & S+R Salvun Iron White Artisan [W] Paypal,"https://imgur.com/a/16wL6K9  Both brand new, only opened to inspect. Continuing to clear stuff in my collection.  Keycult 1/65 wristrest - ~~240 shipped~~ sold  S+R salvun artisan white - 50 shipped",spressa,0,4,te433s
1647282133,2022-03-14 18:22:13,2022,03,[US-VA] [H] Paypal [W] IFK PBT Islander Expansion Kit,"Hi, looking to buy the expansion kit with 40's support and spacebars for the Infinikey PBT Islander keycaps  Please comment before PM. Thanks",vibyl,1,2,te431n
1647282092,2022-03-14 18:21:32,2022,03,[US-NY][H] Parabola Orochi [W] Paypal,[removed],[deleted],2,3,te42gg
1647281853,2022-03-14 18:17:33,2022,03,[US] McWhale with Xpider base/ just base,[removed],CozyCinder,1,2,te3z5h
1647281679,2022-03-14 18:14:39,2022,03,"[US-OR] [H] L+F Gateron Milky Yellows, DSA Otaku Keycaps, Keycool KC-84 RGB 75% Keyboard [W] PayPal",If you have any questions about anything feel free to leave a comment or send me a message.  ---  ~~**Lubed (Krytox 205g0) + Deskeys Filmed Gateron Milky Yellows** x85 - $50 Shipped~~ **SOLD**  [Pictures](https://imgur.com/a/LD059xX)  Bought from [LoobedSwitches](https://loobedswitches.com/products/gateron-yellows-lubed). Used them for a couple months.  ---  **DSA Otaku Keycaps** - $55 Shipped  [P,xMarok,1,5,te3wru
1647281247,2022-03-14 18:07:27,2022,03,[US-CA] [H] Paypal [W] Coiled Cable (USB-C),"hey there r/mm! i am looking to buy a coiled usb c cable for my new Sat75. I am open to really any type (leemo, aviator, etc). Color: Black, grey, BnW. thank you!  comment pm before dm",PlayboiDink,0,7,te3qrz
1647281227,2022-03-14 18:07:07,2022,03,"[EU-SE][H] GH60 satan 60% w/ keycaps, RoMaC, switches [W] PayPal","[EU-SE][H] GH60 satan 60% w/ keycaps, switches [W] PayPal  [timestamp](https://imgur.com/a/z3dRvfC)  Hi,   Selling some stuff:  * GH60 Satan 60% keyboard. Mounted in a blue alu-case in good condition. Comes with Gateron Blacks, Nordic OEM keycaps (black on grey with some accents. Blue LEDs (except on caps, space and `´)), teal plate. More pics available if need - 100€  * RoMac macro pad, with Elit",budde_,3,5,te3qhg
1647281140,2022-03-14 18:05:40,2022,03,"[US-CA] [H] GMK Frost Witch, KBDPAD E-White, Infinikey Port Base + Add-on, Infinikey Dark Cyrllic [W] Paypal, Local Cash/Zelle/FnF",[removed],Departures20,0,15,te3pas
1647280829,2022-03-14 18:00:29,2022,03,"[US-AZ] [H] Beige sets (CRP Xerox, Black Desko; Epbt 9009, Japanese black legends), Rama artisans (striker, apollo, darling, sydney, future funk) [W] Paypal, trades","[TIMESTAMP](https://imgur.com/a/L7yygpM)  CONUS preferred. Shipping included for CONUS. Discount for bundle.  Discord: TieuNgu#0001  # KEYSETS  These are in pristine condition, no shine as they are mostly for display only.  * [~~CRP Xerox R3~~](https://i.imgur.com/lWoyCsB.jpeg) ~~-~~ **~~$160~~** * [~~CRP Black Desko R3~~](https://i.imgur.com/lWoyCsB.jpeg) ~~-~~ **~~$160~~** * **~~Bundle:~~** ~~CR",TieuNgu,1,8,te3kyy
1647280759,2022-03-14 17:59:19,2022,03,[CA-AB] [H] Paypal [W] GMK Skiidata, 📷[**Buying**](https://www.reddit.com/r/mechmarket/search?q=flair_name%3A%22Buying%22&restrict_sr=1)  Hey all! looking to purchase  bnib or light use gmk skiidata   &#x200B;   Thank you!,cookies1209,1,5,te3jui
1647280677,2022-03-14 17:57:57,2022,03,[US-CA] [H] Paypal [W] GMK Analog Dreams Novelties & Accents,"Hi all, I have the base analog dreams keycaps already, but I want to add onto the collection with the novelties and accents. Can be used or brand new, condition doesn't matter to much for me.",Ethansev,1,2,te3iph
1647280540,2022-03-14 17:55:40,2022,03,[CA-ON] [H] PayPal [W] WK TKL,"Hi everyone, looking to purchase a WK TKL board (preferably white or pink). Tiramisuit, White Mr. Suit, Mode80, etc. Lmk what you have with a price in mind please :)",Rany97,0,6,te3gvo
1647280471,2022-03-14 17:54:31,2022,03,"[CA-MB] [H] E7-V2 SE (Lilac), Artisans [W] PayPal/Trades",[deleted],[deleted],7,4,te3fya
1647280211,2022-03-14 17:50:11,2022,03,[US-CA] [H] GMK Demon Sword Alphas and Spacebars [W] Paypal,[Timestamp](https://imgur.com/gallery/phUDcEw)  &#x200B;  Have GMK Demon Sword Alphas and Spacebars for sale. Please comment before pm.  &#x200B;  |Item|Status|Price| |:-|:-|:-| |~~GMK Demon Sword Spacebars~~|~~BNiB - Sealed~~|~~$80 Shipped~~| |~~GMK Demon Sword Oath Kit~~|~~BniB - Sealed~~|~~$160 shipped~~|  &#x200B;,izzyyyb,1,6,te3cdo
1647279970,2022-03-14 17:46:10,2022,03,[US-CA] [H] Paypal [W] SwagKeys Cat Novelties,"Hey guys, I'm looking for a pack of novelties from SwagKeys  They seemed to have removed them off their webpage for now and would like to buy a pack of sealed/new novelties.  These are the cats I'm looking for, only novelties https://www.reddit.com/r/MechanicalKeyboards/comments/rwlajd/adding_a_little_cuteness_to_my_working_space/?ref=share&ref_source=link",Night_Raid,2,2,te396s
1647279884,2022-03-14 17:44:44,2022,03,"[KR] [H] Keypora Artisans, International Shipping [W] PayPal",[Timestamp](https://photos.app.goo.gl/AzRRdho8KuTAxytv7)  Hi I am looking to sell my Keyporas  1. Vulture 180 2. Angriest Bird 160 3. Arthur Flex 160 4. Jack O Lantern 160 5. Serena 160 6. Sullivan 200 7. Hendrix 180 8. Weedcha 160 9. Yami Marik 160 10. Harlequin 160 12. Diluted Milk 160 13. L 130 14. Straya (includes Matapora) 190 15. Teaplup 210 16. Mr.Mime 210 17. Grookey 130 (No ID Card) 18. M,isaackang7,8,5,te380k
1655250949,2022-06-14 23:55:49,2022,06,[US-CA] [H] Corne v3 pre built [W] PayPal,[removed],conkey_boosted,1,3,vch1a8
1655250911,2022-06-14 23:55:11,2022,06,[US-TX][H] Vertigo & gmk laser [W] PayPal,"[Timestamp](https://imgur.com/a/GK77ucB)  Eniigma Vertigo Byzantine Purple    -Currently built with lubed 205g0 & tx flimed hyperglides 62g long springs, full aluminum plate, durrock stabs 205g0.   -Condition is a-stock with no visible flaws. Can provide more photos upon request  -Looking to sell vertigo bundled with gmk laser (gaijin & blocknet kits). Vertigo will come with oringal accessories an",Xeonty,1,2,vch0tl
1655250655,2022-06-14 23:50:55,2022,06,[IC] Promise87 - The Next Level of Customization in TKL,"Customization was one of the focal points from the very beginning of this design. We've been thinking about ways to offer the next level of customization, not just customization through changing just the plate, switches and keycaps. Our keyboards have always been highly customizable, and we hope we've pushed the options a little further with this new addition - The Promise87  Along with lots of ot",WuqueStudio,176,106,vcgxrr
1655250474,2022-06-14 23:47:54,2022,06,[KR] [H]Geonworks F1-88 Raw alu(F13 version of F1-8x) [W] paypal,[deleted],[deleted],0,3,vcgvm8
1655250023,2022-06-14 23:40:23,2022,06,[US-TX] [H] Black Frog TKL A stock WKL [W] Paypal,[deleted],[deleted],1,4,vcgq94
1655249980,2022-06-14 23:39:40,2022,06,[US-NV] [H] Paypal [W] Built Mr Suit,"Hey all,     Im looking to buy a built Mr. Suit. Preferably with creamsicle switches or such. Please let me know if you have one for sale!     Thanks!",IronicQuote,1,7,vcgpqj
1655249932,2022-06-14 23:38:52,2022,06,"[US-MI] [H] TM680 with JWICK Yellows, durock stabs and 2 knobs [W] PayPal","[Timestamp](https://imgur.com/a/fZCcddP)  Hello, I'm selling my TM680 (wired) with JWICK Yellows included, durock plate mounted stabs (lubed)  and 2 alu knobs.  &#x200B;  I'm asking **$40 shipped.**  &#x200B;  If you have any questions, please let me know.",JulianoBlanc,3,5,vcgp6q
1655249387,2022-06-14 23:29:47,2022,06,"[US-CA] [H] ETF Artisans [W] Paypal, Eggfaces",[removed],[deleted],1,3,vcgirh
1655249280,2022-06-14 23:28:00,2022,06,[US-VA][H] Ion Zenith (Ouro) + Extras [W] Paypal,[deleted],[deleted],1,5,vcghhz
1655249110,2022-06-14 23:25:10,2022,06,"[US-CA] [H] Xelus Pachi Mini, Gateron Mini and Pink, NK Cream, TX Stabs [W] PayPal, Zelle, Fanime Korby",[deleted],[deleted],1,3,vcgfn4
1655248938,2022-06-14 23:22:18,2022,06,"[US-OR] [H] Cloud White Satisfaction 75 SE w/ Mill-Max PCB and Extras [W] Paypal/Venmo, Ruby Jelly Epoch",[deleted],[deleted],0,4,vcgds5
1655248631,2022-06-14 23:17:11,2022,06,[US-MO][H] Unbuilt Black Satisfaction75 R2 [W] PayPal,"[Timestamp](https://imgur.com/a/DgnQrnf)  Selling my used unbuilt Sat75 R2 from the extras a couple months back.  I got the PCB millmaxed by Aerysten but only in a 6.25u so if you plan to use the carbon fiber plate with 7U, you’ll have to solder a little bit. NOTE: the right alt will need to be jumped as I lifted one of the pads but this is only an issue if you use the carbon fiber plate. I can in",kbdjoel,2,4,vcga6v
1655248217,2022-06-14 23:10:17,2022,06,[EU-DE] [H] Paypal [W] GMK Burgundy Hangul Alphas or GMK Red Devils,Looking for red GMK Alpha keycaps with Hangul sublegends. Willingly to cover international shipping.,mintychaewon,1,3,vcg57v
1655248198,2022-06-14 23:09:58,2022,06,[US-OK] [H] PayPal [W] CRP JiPink Alphas,"Hello,   I can currently looking for a set of these alphas. If interested, please leave me a comment and send me a PM!",NurseINeed40CCs,1,6,vcg4y0
1655248091,2022-06-14 23:08:11,2022,06,"[US-CA][H] BNIB Grey Vega Solder, BNIB White Vega Hotswap, BNIB Lilac Whale75, Sealed GMK Honor Dark Bundle, Sealed GMK Demon Sword, RAMA Artisans (GMK Amethyst, GMK Aurora Polaris, GMK Civilizations, GMK Hallyu), ePBT Scandi Narwhal Kei Enter Key, and Mode Parthenon [W] PayPal",[Timestamp](https://imgur.com/a/r03TFhg) ---   Pick up locally in San Jose Area preferred.  &nbsp;  ~~**BNIB Grey Vega**~~ **SOLD** -	Vega Case Color: Grey -	Plate Material: Aluminum -	Vega Plate Style: Universal (Best for soldering PCB) -	Vega PCB Style for universal plate: Soldering -	$475 + shipping  ~~**BNIB White Vega**~~ **SOLD** -	Vega Case Color: White -	Plate Material: Aluminum -	Vega Pla,Chef_Boyar-G,6,27,vcg3ov
1655247800,2022-06-14 23:03:20,2022,06,"[US-NV] [H] E-White Fjell [W] Paypal, Local Cash",[removed],FarhaanSolo,1,3,vcg04z
1655247614,2022-06-14 23:00:14,2022,06,[CA-ON][H] PayPal [W] GMK Boneyard,"Hi all.  I'm looking to buy a set of GMK Boneyard, preferably sealed. I'm interested in the base and novelties. Please let me know if you have one for sale!  Thanks :)",akstee,2,4,vcfxxo
1655247251,2022-06-14 22:54:11,2022,06,[US-NY] [H] Paypal/Local Cash [W] White 7V,"Chat me the specs, condition, and price",ares_vii,1,3,vcftjv
1655247130,2022-06-14 22:52:10,2022,06,"[US-WI] [H] PBTFans WoB Icon Base Kit, XMI Korean sub, 90x L&F Oil Kings, Gok 7v Black [W] Paypal",[Timestamp](https://imgur.com/a/K9gbnIn)   Gok 7v Keyboard Black Excellent condition only issues are fingerprints. Mint. 2x FJLabs x Dallagen Hotswap Plateless PCB ( will sell these seperate )  1x Original wilba millmaxed pcb Alu plate  Plate foam Stupid fish foams  900$ shipped for everything excluding the two FjLabs pcb's.,Flybeck2,0,20,vcfs4t
1655246679,2022-06-14 22:44:39,2022,06,"[CA-ON] [H] Scarlet TKL E-White, Mark65 Black (fully built), Everglide Jade Greens, Red/black lemo cable + case, MT3 WoB, Bushis [W] PayPal, Local Cash",[deleted],[deleted],1,3,vcfmud
1655246442,2022-06-14 22:40:42,2022,06,[Artisan] NibbNubb Keycaps | Ben Mazard: Patina Copper,Hello everyone!  I hope you are having a good week so far!   Pictures of the keycaps: [**Ben Mazard: Patina Copper**](https://imgur.com/a/zT96MtL)  [**Raffle sale**](https://docs.google.com/forms/d/1NvEsXqB1vmaUmycm7L3nZidzGWAqseHht4ZjI-pbTOg)  [**Instagram**](https://instagram.com/nibbnubbkeycaps?igshid=12gwqz2h9a1cc)  [**Discord**](https://discord.gg/ATfDsmRfyE)  Sale info:  \* Limited to one ke,Linnea2103,3,1,vcfk3e
1655245813,2022-06-14 22:30:13,2022,06,[US-CA] [H] E-White Grid 650 [W] PayPal,"Hello all,  I'd like to sell my e-white Grid 650. It's in mint condition and comes with all original box/accessories/packaging. I've barely used it since I built my KBD 67 Lite. See timestamp for photos - also includes photos of it fully built.  E-White Grid 650 with Black 04 Flash Module: $1,000  [Timestamp](https://imgur.com/a/6Cijqky)  Item Description: E-White color, WK variant, Wire/BLE + Hot",aashilr,0,5,vcfcrj
1655245583,2022-06-14 22:26:23,2022,06,"[US-OH] [H] PayPal / Local Cash [W] Sofle v2, Lily58 or similar","Looking for a Sofle v2 or Lily58, or other similar sized split kb. Prefer RGB underglow, per key would be nice, too.",OngoGablogian-_-,1,5,vcfa2s
1655245509,2022-06-14 22:25:09,2022,06,[US-WI] [H]Ducky ONE 3 Matcha Full Size [W] Pay-Pal,"[https://imgur.com/a/yBgRzO8](https://imgur.com/a/yBgRzO8)  Hi, got this one few month back, turns out too big for me, used for less than 10 minutes.  Item: Ducky One 3 with Blue Switches, Price: 100 OBO  &#x200B;",zohannnnnnnn180,1,5,vcf99f
1655245438,2022-06-14 22:23:58,2022,06,[US-NY] [H] Black Vega Hotswap w/ Aluminum & POM Plate; Vega Solder PCB [W] PayPal,"[Timestamp](https://imgur.com/a/JoVZ7KG)  Hello, thank you for stopping by.  It's been too long since the Vega GB and I've been using a TKL so I'm having trouble enjoying a 65% now. So I am going to let this Vega go.    -   I am unfortunately only shipping within the CONUS right now.   Item | Description | Asking Price ---|---|---- ai03 Vega Black w/ Silver Weight | Built for an hour; has been com",XXPAGE4XX,2,5,vcf8fh
1655244875,2022-06-14 22:14:35,2022,06,[US-WA] [H] White WKL Built Sangeo 60 with boba u4t [W] $475 Shipped PayPal or $450 local,"[timestamp and photo](https://imgur.com/a/kl1br7S)  [scuffed sound test](https://www.youtube.com/watch?v=TLH20iRQCY0&ab_channel=DankMelk)  Looking to sell my sangeo to free up some cash for other projects. I bought this brand new right when it came out, and I have used it for the last few months with no issues. There is no scuffs and no damage. The only imperfection is the screw holes which you ca",dankmelk,3,4,vcf1s9
1655244598,2022-06-14 22:09:58,2022,06,"[CA-ON] [H] Paypal/Local [W] Hotswap TKL/75%, prefer built","Hey,  Looking for a Hotswap TKL/75% preferably built. My budget is $300-$400 CAD. Prefer local.",CrinkleDinks,2,6,vceybf
1655244156,2022-06-14 22:02:36,2022,06,"[UK] [H] GMK Shoko, Zoom65 Olivia Light, KBD67 Lite R3 [W] PayPal",Timestamps can be found here: https://imgur.com/a/cH4oCsk  Selling the following due to changing my mind:  Sealed GMK Shoko - looking for £190 + post  Sealed Zoom65 Olivia Light - looking for £190 + post  KBD67 Lite R3 - ISO White - £110 (sealed)  KBD67 Lite R3 - ANSI Black - £110 (sealed)  KBD67 Lite R3 - Blue ISO - £110 (sealed)  Happy to post all items. Payment via PayPal or BT. Thanks,gacres57,3,6,vcestj
1655242644,2022-06-14 21:37:24,2022,06,"[US-NE] [H] GMK Dracula Whitespace, GMK Honor Dark Base, YOK Holy Pandas [W] PayPal","Timestamp: [https://imgur.com/a/8LLYAdF](https://imgur.com/a/8LLYAdF)  Hi MechMarket,  Comment then PM, please no chats.  CONUS Only  Discount if bundled  Thanks!  &#x200B;  |Item|Condition|Price| |:-|:-|:-| |~~GMK Dracula Whitespace~~|~~Sealed~~|~~$80 Shipped~~ Sold for asking| |GMK Honor Dark Base|Sealed|$120 Shipped| |70x YOK Holy Pandas|Unused, lubed 205g0 (not on stem legs)|$60 Shipped|  &#x2",Not_Tix,2,6,vcea09
1655241524,2022-06-14 21:18:44,2022,06,"[US-CA][H] Artisans (Sandun, Archetype), Cheap Keycaps [W] Paypal, Key65 extras","[Timestamp/Gallery](https://imgur.com/a/O9Ed1Mf)  For sale are some artisans and cheap keycaps I’ve collected but don’t really have a board for.  All the artisans are in brand new condition, the only one that was ever mounted was the Alien, and it is in like new condition, absolutely no shine.  The keycaps are all in really good shape, I didn’t spot any shine.  Shipping is $5 First Class, $10 Prio",GangstaOfLove,4,8,vcdw3a
1655241264,2022-06-14 21:14:24,2022,06,[US-CA][H] navy frog wkl [W] paypal,"timestamp: https://imgur.com/a/XNSkL40  hii selling my frog that i only used for a day so everything is still like new!  comes w/ pom plate, alu plate, solder pcb, 80a & 50a tadpoles, and gray feet (switches, keycaps, & stabs not included)  ~~selling for $450 shipped CONUS, $425 local to 91786~~ SOLD  pls comment before pm ty!",versaxeflakes,2,4,vcdso1
1655241135,2022-06-14 21:12:15,2022,06,[US-CA] [H]PayPal [W] Ikki Aurora Trosmo PCB,[deleted],[deleted],2,2,vcdr1d
1655241006,2022-06-14 21:10:06,2022,06,[US-SC][H]Artisans [W] Paypal,"[Timestamps](https://imgur.com/a/kmCbwuL)      Hey everyone, just looking to get rid of a few artisans as they're sitting collecting dust. Shipping will be $7.50 shipped priority, cont. US for the time being. I hope everyone has a great week! Please comment before messaging!             Item | Available | Price ---|---|---- ETF - 420 menloe | Yes | $95   ETF - Monster Echo Eggface | Yes | $70 Slud",Mcinfopopup,3,2,vcdpdu
1655240717,2022-06-14 21:05:17,2022,06,"[EU-DE] [H] GMK Hallyu + Novelties sealed, BNIB EPBTxGok BoW R1, 75 x L&F FFF Switches, 90 x L&F Alpaca V2 Switches [W] Paypal","[Timestamp](https://imgur.com/a/KbPhto4)  Hello alls, i want to sell some stuff:  &#x200B;  |Product|Description|Price| |:-|:-|:-| |GMK Hallyu + Novelties|Sealed GMK Hallyu Kit + Novelties|190 € + Shipping| |~~ePBT x GOK Bow Round 1~~|~~BNIB, this is R1 of EPBT x GOK BoW R1 with the ""bleached"" white colour ( WS2 ) , which is not produced anymore in this colorway.~~|~~100 € + shipping~~| |~~90 x lu",Yashi80,1,7,vcdloh
1655240565,2022-06-14 21:02:45,2022,06,"[US-CA] [H] Lubed NK Silk, Tecsee Carrot, more. [W] Paypal","[timestamp] (https://media.discordapp.net/attachments/447858722497363999/985432241977049128/IMG_5798.jpg)  Selling|Details|Price (Includes shipping) :--|:--|:-- 109x Novelkeys Silk Yellow|Krytox 205g0, Deskeys|70$  90x Tecsee Carrot|Krytox 205g0 (No film due to tight tolerance)|65$ 35x Glorious Lynx|Krytox 205g0, Kelowna Films|25$ 48x Akko Lavender Purple|Stock|12$ 23x Gateron Milky Yellow|Krytox ",aspiration3621,2,4,vcdjht
1655240561,2022-06-14 21:02:41,2022,06,[US-CA][H] Paypal [W] 2x new Later Batch DES Sliders,"Hey all, looking to get just 2x new DES sliders, preferably from a later batch cause I’ve heard there were some issues with the earlier batches.  Thanks!",todayminusyesterday,3,3,vcdjft
1655240346,2022-06-14 20:59:06,2022,06,[US-CO] [H] Millmaxed black wkl half PP angel 380 shipped conus [W] paypal,price is 380 shipped [TimeStamp](https://i.imgur.com/0g3Ambwh.jpg),PomegranateFun5066,3,2,vcdgcb
1655240138,2022-06-14 20:55:38,2022,06,[US-PA] [H] DAS Keyboard Professional 4 (Brand New And Never Used) [W] PayPal,[deleted],[deleted],2,4,vcddks
1655240102,2022-06-14 20:55:02,2022,06,[US-CA] [H] Paypal [W] Topre/Electro Capacitive Board for less than $150,Looking for a Topre or Electro-capacitive board for less than $150. I'd prefer something with 45-55 g domes.   Thanks!,TacBacJack,2,4,vcdd2s
1655240100,2022-06-14 20:55:00,2022,06,[UK][H] Corsair k95 iso [W] just postage,[removed],b3nb3nb3n,1,4,vcdd1y
1655239705,2022-06-14 20:48:25,2022,06,[US-UT][H]BNIB (Sealed) Shoko R2 [W]Paypal,Timestamp: [https://imgur.com/a/KUDIxUD](https://imgur.com/a/KUDIxUD)  Still sealed in its box with the shrink wrapping (BNIB).  ~~$170 shipped CONUS.~~ \[SOLD\],hippohero83,1,4,vcd7pk
1655238939,2022-06-14 20:35:39,2022,06,"[US-CA] [H] GMK Cafe Mega Bundle (Base, Dark Alphas, Spacebars, Salvadors artisans, MOZIcaps artisans) [W] Paypal","##[Timestamp](https://imgur.com/a/rZSWLaL)   ## Please comment before PMing, Reddit chat will be ignored.  ### Have:  Item | Details| Condition | Price | Status ---|---|---|---|---- GMK Cafe Mega Bundle | Includes Base, Dark Alphas, Spacebar, Alphakeys Salvador artisans (Decaf, Brown, Choco Cookie), and MOZI Neissus Cacao arrow key artisans. | The keyset is lightly used with texture still intact a",ekziled,0,3,vccxka
1655238584,2022-06-14 20:29:44,2022,06,"[US-NY] [H] RK61, RK68, FNATIC MiniSTREAK Silent [W] PayPal or Trades",[deleted],[deleted],0,10,vccsl4
1655238529,2022-06-14 20:28:49,2022,06,[US-NY][H] Paypal [W] GMK Peach Blossom NumPad kit,"Hi Mechmarket,  ~~Looking for a preferably sealed set of GMK Peach Blossom numpad kit. Please leave a comment before PMing me any offers, chat requests will be ignored as I am on mobile.~~ bought!",waymut,3,4,vccrt5
1655238172,2022-06-14 20:22:52,2022,06,"[US-NY] [H] Devastating TKL Navy, Mekanisk Fjell Black, PBT Crayon, Boardwalk PCBs + Plate [W] Paypal",Timestamp: [https://imgur.com/a/8TLiliw](https://imgur.com/a/8TLiliw)  Timestamp includes some images from my last timestamp  &#x200B;  **Free shipping CONUS on all keyboards.**  **Buying a keyboard gives you a heavy discount on the keycaps and the PCBs.** Perfect time to try a new set of keycaps or a new layout!  &#x200B;  |Item|Description|Price| |:-|:-|:-| |Devastating TKL Navy\*\*\*|A Stock. B,exoticgg,2,3,vccn2m
1655237704,2022-06-14 20:15:04,2022,06,[US-PA] [H] Ergodox EZ [W] PayPal,[Pic!](https://i.imgur.com/ENKuAdm.png)     **Asking price:**  Ergodox - $100 (free shipping)  ****  I received the ergodox as payment for a debt. It's been in storage for like 2 years. It never had keycaps; I lost the cables. Untested.,doctorescobar,2,8,vccgv1
1655237576,2022-06-14 20:12:56,2022,06,"[US-CA] [H] Banana Splits, Boba U4Ts 62g, Tangerines 62g, Invokeys Matcha Lattes, Lavender Bakeneko60, NicePBT Sugarplum, PBT Doggie [W] PayPal","[timestamps](https://imgur.com/a/u17M7Zu)  Hey, clearing out some stuff that's just been sitting around. Switches and keycaps will all be shipped in bags.  SOLD $80 shipped - 84x Lubed and filmed Banana Splits, 205g0 on stem/bottom housing, springs bag lubed with krytox 105 oil, deskeys .3mm films  SOLD $65 shipped - 83x banana splits, stock  SOLD $60 shipped - 90x Boba u4t 62g stock  SOLD $60 shi",johnsomeMan,12,18,vccf3t
1655237569,2022-06-14 20:12:49,2022,06,"[US-WA] [H] Keysets (GMK, SA), Keyboards (Vega, Aaru), Artisans (various) [W] Trades, Paypal, Zelle","*updated June 28th*     Prices include shipping CONUS. Local pickup will be discounted. Please comment before PM'ing, chats will be ignored. Thank you for your time.  # Keysets:  **GMK Modern Dolch 2 (Standard Base, Aesthetic, Alternate, Modern, Command)**   [Timestamp](https://imgur.com/a/aFycwcj)   Condition: BNIB   Kits: Standard Base, Aesthetic, Alternate, Modern, Command   Price: $275 shipped",mmangchi,4,12,vccf00
1655237537,2022-06-14 20:12:17,2022,06,[US-CA] [H] BNIB Ikki68 Aurora Blue wireless [W] PayPal,"[Timestamp](https://imgur.com/D5ljisb)  **SOLD**   Selling my Ikki68 Aurora Blue, BNIB, only opened to verify contents  - **Does NOT come with carrying case, but includes everything else (cable)** - Comes with wireless PCB - Comes with 1 set of stabilizers  $200 + shipping. Can do local deal to save on shipping, I'm in the bay area. Also open to trades, I'm currently looking for the following:  - ",nikkobautista,0,5,vccelk
1655237453,2022-06-14 20:10:53,2022,06,[CA-QC][H] Black Vega HS PCB [W]Paypal,Timestamps: https://imgur.com/a/xNUlXR3  All prices are in USD. Shipping from Canada Shipping to US and Canada only.   Item |Notes| Available|  Price with shipping ---|---|---|---- Black Vega | Hotswap PCBwith PC plate. Open the box to verify content |Yes | 550$,Olyz,1,5,vccdf6
1655237342,2022-06-14 20:09:02,2022,06,"[UK] [H] GMK Rainy Base (BNIB), Maze (Blue) + Holy Panda, Rama Katana (Sealed) [W] PayPal","[timestamp & photos](https://imgur.com/a/eV8j34S)  &#x200B;  |Item|Description|Price| |:-|:-|:-| |GMK Rainy Base|BNIB|£200| |Maze (Blue) + Holy Panda|Flawless case, Holy Panda filmed and lubed with Tribosys 3204, stabilizer band-aided and lubed, 3 Layers of foam installed in the case and between pcb and plate|£300| |Rama Katana|Sealed unopened|£80|  Shipping cost not included, can ship globally.  ",zhywu,3,2,vccbvt
1655236990,2022-06-14 20:03:10,2022,06,"[US-CA] [H]Paypal, local cash [W] linear thocks/similar","~~Hello everyone~~  ~~I have a 65% inbound that I need some switches for. I currently have linear thocks in my main build and really like them so ideally if anyone has some of those I'd be very interested (ideally lubed but not necessarily). I've also used gateron ink blacks and H1s in the past and really liked those as well. Basically any fairly heavy, deep linear switch I'm open to- ideally pre-",uhwhatisjalapenos,1,6,vcc74y
1655236520,2022-06-14 19:55:20,2022,06,"[US-MI] [H] Iron165 R1 Navy, Tangerines, SOTC Switches, Iron165 R2 PCB, Gazzew Nixdork Tops, 7V PC Flex Plate, Thera75 Badges, Think6.5 1U Nautical Badge [W] PayPal","[TIMESTAMP](https://imgur.com/a/gQFmnWD)  &#x200B;  Looking To Sell Some Extra Stuff Sitting Around - Message If You Have Any Questions  &#x200B;  **Items Will Be Shipped Out NEXT DAY - SHIPPING TO CONUS ONLY**  &#x200B;  Post Before PM Please  &#x200B;  |Item|Description|Condition|Price $| |:-|:-|:-|:-| |[Iron165 R1 (Navy)](https://imgur.com/a/8wJFQRF)|Navy - Includes: 1 Silver Badge, 1 Black Bad",Scytul,0,10,vcc0m9
1655236511,2022-06-14 19:55:11,2022,06,"[UK] [H] GMK Burgundy R3, Blue Vega Keyboard Kit + Extra Aluminium Plate [W] PayPal",[deleted],[deleted],0,2,vcc0ht
1655236408,2022-06-14 19:53:28,2022,06,[US-VA] [H] Iron165r2 Teal &Arkey [W] PayPal,"Tag: https://imgur.com/a/IBz6S8X Price DROP Color: Teal ANSI layout Extra PCB w/daughterboard and JST Cable Looking for 900 invoices shipped in the US, can meet up in VA or NY next week OBO  Artkey brainiac 800 shipped have OG package OBO",hieunovember12,4,5,vcbz4x
1655236277,2022-06-14 19:51:17,2022,06,[US-VA-NY] [H] Iron165r2 Teal [W] PayPal,[removed],hieunovember12,1,2,vcbxhy
1655236118,2022-06-14 19:48:38,2022,06,[US-VA-NY] Iron165r2 Teal [W] PayPal,[removed],hieunovember12,1,1,vcbvch
1655235911,2022-06-14 19:45:11,2022,06,[US-NY] [H] Paypal [W] BKS65 PCB,[removed],ProfessorSloth7,1,0,vcbsip
1655235736,2022-06-14 19:42:16,2022,06,"[US-VA][H] MT3 /dev/tty Elven, Laser Deskmat, 60% Walnut Case [W] Paypal","Hello,   I have a few items up for sale, [Timestamp](https://imgur.com/a/jobuKTE)    Item | Price (shipped) ---|--- MT3 /dev/tty Elven (no plastic case, little use) | $145 OBO ~~Laser Deskmat~~ Pending | $25 OBO ~~60% Walnut Case~~ SOLD | $20  Please comment before any PM's   Thank you and have a nice day!",Redditor_Alex,2,5,vcbq6p
1655235120,2022-06-14 19:32:00,2022,06,"[US-AZ] [H] Neo87 tkl kit, Droplet tkl, GMK Beta JS, metal artisans (rama, salvun copper) [W] Paypal, topre, rama's","[TIMESTAMP](https://imgur.com/a/QpL5tc3)  CONUS preferred. **CONUS shipping included in prices**. Discount for bundle.  Discord: **TieuNgu#0001** (best way to chat)  &#x200B;  [Neo87](https://i.imgur.com/Pphh49N.jpg) | [Back](https://i.imgur.com/Akjsz1z.jpg) (silver, wkl) -  bnib, 2x solder pcb's, 1x red plate - **$350**  [Droplet](https://i.imgur.com/yTJjuWX.jpg) | [Back](https://i.imgur.com/d72k",TieuNgu,1,5,vcbi67
1655234472,2022-06-14 19:21:12,2022,06,[US-NM] [H] Paypal [W] KBDFans Odin Green Hotswap,Looking for green hotswap Odin with brass weight.,MtN_Hunter,2,2,vcb9lm
1655234351,2022-06-14 19:19:11,2022,06,[US-WA][H]PayPal [W] Ai03 Pink Vega,[deleted],[deleted],1,2,vcb7zb
1655233860,2022-06-14 19:11:00,2022,06,[Bulk] Han60 - budget-friendly 60% | In-stock FCFS sale is live tomorrow 12 pm CST!,[Hi everybody!](https://i.imgur.com/G9WBwKx.png)  Hey everyone! Farhandsome (han) here. The Han60 is live in 24 hours! The sale will be hosted on the Han Boards site (first link below) and will continue until the units are sold out! Feel free to check out the Discord for more info!  # [Han Boards](https://hanboards.com/)  (sale is now live!)  # [Discord](https://discord.gg/8rHUHBcWgF)  # [Geekhack,Farhandsome,45,14,vcb1j1
1655233388,2022-06-14 19:03:08,2022,06,[US-GA] [H] GMK honor light + add on + Salvun [W] PayPal,[removed],[deleted],1,4,vcav86
1655233379,2022-06-14 19:02:59,2022,06,"[CA-ON] [H] AE Boards Aegis 1800, Norbaforce MK II K2 Finish [W] PayPal, silver Owl labs spring",[Timestamp](https://imgur.com/gallery/QVuojmb)   Boards for sale   \- Aegis-1800 built with Gat Inks (205g0) Durock V2 stabs   Asking: 800$ + shipping   (I can unsolder the switches (-75$)   No switches and stabs: 725$ + Shipping   [Extra photos](https://imgur.com/gallery/XFJN7v6)  \- Lubed Norbaforce MK II K2   Asking: 800$ + Shipping     I'm looking for a Silver Owlab Spring! :)   Prices in USD ,migbrgd,2,4,vcav40
1655233359,2022-06-14 19:02:39,2022,06,"[EU-AT] [H] KBD67 lite R3 Black, GPBT Arctic White ISO-DE [W] Paypal"," WTS:  [Timestamp](https://m.imgur.com/a/7ZkcEMN)  Black KBD67 lite R3 ISO:  Hotswap PCB  Cable is missing.  All other extras (plate, silicone, etc) included  asking 100€+shipping and fees if G&S  GPBT White ISO-DE keycaps  asking 30€+shipping and fees if G&S  &#x200B;   Comment before PM!",eftynio2,1,2,vcautf
1655233003,2022-06-14 18:56:43,2022,06,"[AR] [H]SKCM Orange Alps, SKCM Salmon alps, Alps keycaps, Apple M0116J/ M0116 Azerty keycaps, Apple M0115 Keycaps [W] Paypal",[deleted],[deleted],0,3,vcaptt
1655232972,2022-06-14 18:56:12,2022,06,"[CA-ON] [H] GMK Yuri R2 with spacebar set [W] Paypal, local cash",[Timestamp](https://i.imgur.com/tMu9Bjv.jpg)  Selling GMK Yuri R2 BNIB. Comes with Spacebar set - $250 CDN  Selling local only. Cash preferred.  Please reply before PM.,Engedi_,0,2,vcapex
1655232827,2022-06-14 18:53:47,2022,06,[CA-AB] [H] GMK Rouge Base [W] Paypal,[deleted],[deleted],3,2,vcaney
1655232793,2022-06-14 18:53:13,2022,06,"[US-NY] [H] Ciel, Alpacas, Linear Thocks, Blue Moon Keysune [W] Paypal, Local Cash, Trades","[Timestamp](https://imgur.com/a/Z3t1fhi)  **Prices include shipping to CONUS, Canada can split ship. Intl will have to cover shipping.**   Priority and discounts go to bundles. Located in lower manhattan for local deals.   |B-Stock Blue-Grey Ciel|Comes with hotswap pcb, aluminum plate, 50a o-ring. Daughterboard and jst already installed. Brass weight is clean, mark on the top left of the board. DM",Retrorai,4,4,vcamyi
1655232554,2022-06-14 18:49:14,2022,06,"[US-NY][H] Portico Smoke, GMMK Compact, Custom Dream Cables Cable, x110 Sheberts, [W]PayPal"," [Timestamp](https://imgur.com/a/M6GB3u1)  Hi everyone! I’m trying to sell off some of my prior keeb stuff so I can get ready for the LW75!  **Portico Smoke Built** w/ lubed Durock v2’s and lubed glorious pandas w/ gmk Olivia clones, comes with everything in the original packaging and its case. $210 or OBO Shipped.  **Fully built GMMK**: Used, has minor scuffs and on the plate. Modded with neopren",Yomiiiiii,0,5,vcajpz
1655232512,2022-06-14 18:48:32,2022,06,"[US-CA] [H] PayPal [W] RAMA x Sandstorm Artisan, Project Keys Lavender Space Skull v2, Rubrehose x Alchemy Artisan Tray, RAMA x First Love, Monochrome x RAMA Black X+O",I'm looking for the following artisans and artisan tray:  &#x200B;  |RAMA x Sandstorm|High Priority| |:-|:-| |Project Keys Lavender Space Skull V2|High Priority| |Rubrehose x Alchemy Artisan Tray|High Priority| |Rama x First Love |Mid| |Rama x Hallyu Rose Gold|Mid| |GMK Monochrome Black X+O|Mid|  Please comment before PM.,morokai_,2,2,vcaj6e
1655232205,2022-06-14 18:43:25,2022,06,[EU-HR] [H] Geon F2 84 Silver [W] Paypal,"\[Timestamp\\\](https://imgur.com/a/naVVKMq)                 Hello all,                 i'm selling Geon F2 84 Silver B-stock. It has 2 impurities on back weight, rest is ok. Comes with alu plate, and pcb.                 Selling for ~~790€ ~~+ shipping (prefer shipping to EU but can ship international)    Edit: new price 700€+shipping  Edit: sold                                 Please reply befor",audiosl4ve,3,6,vcaf7j
1655232172,2022-06-14 18:42:52,2022,06,[US-MI][H] Starlight Owlab Spring w/ lubed Epsilons + lots of Extras [W] Paypal,"timestamp: https://imgur.com/a/mkcmxo0  SOLD for asking  ~~I really hate to do this, but ironically using this keyboard hurts my wrists, and I can't afford to have it sit around and not use it.~~  ~~I do not have the original box, but everything else is packaged except the built keyboard.~~  ~~It's in immaculate condition, as I have always been extremely careful with it and had it either sitting o",internetpornwho,0,4,vcaers
1655231822,2022-06-14 18:37:02,2022,06,[UK] [H] PayPal [W] L + F Switches,Looking for 70 switches lubed and filmed.  Dm switch and price,NuclearBunney,2,6,vcaa33
1655231355,2022-06-14 18:29:15,2022,06,[US-MI][H] Owlab Spring w/ lubed Epsilons + lots of Extras [W] Paypal,[deleted],[deleted],1,2,vca3we
1655231150,2022-06-14 18:25:50,2022,06,[US-IL] [H]GMK MoDO2 Base + Aesthetic [W] Paypal,timestamps: [https://imgur.com/a/ugUgVgp](https://imgur.com/a/ugUgVgp)  |Product|Detail|Asking Price| |:-|:-|:-| |~~GMK Modo r2 Base + aesthetic~~|~~BNIB~~|~~215 shipped~~| ||||  &#x200B;  &#x200B;  plz post before pm,childishabelity,2,4,vca1a6
1655231131,2022-06-14 18:25:31,2022,06,[EU-FR] [H] Ganss GK87 Pro [W] Paypal,[removed],Staovaz,1,0,vca128
1655230791,2022-06-14 18:19:51,2022,06,"[SG][H] GMK Rouge base kit, GMK Fuji landscape deskmat, Hera60 [W] Paypal, Trades for GMK Rouge","[Timestamp](https://imgur.com/a/Yo7pUCF)  Hi all, selling these as they I have no need for them and prefer other items over them. Would prefer trades for the GMK rouge as I need a keycap set to suit my iron165 teal.   Prices are in USD and are inclusive of local shipping, international shipping will occur additional fees.    GMK Rouge ~250 shipped / trades for GMK sets that suit iron165 teal  (BNI",Ghost0parzy,1,2,vc9wkd
1655230744,2022-06-14 18:19:04,2022,06,"[US-CA] [H] Burgundy Ciel Bakeneko, PnC Ikki68 Aurora [W] Paypal","[Timestamp](https://imgur.com/a/z5iKvq8)  **Keyboards:**  *~~Fully assembled Ciel Bakeneko: $300 + shipping~~*  * ~~69 lavender switches, one BCP lubed with krytox 205 g0/krytox gpl 105 on springs and filmed with .15mm tx films~~ * ~~C3 stabs lubed with krytox 205 g0~~ * ~~alu plate~~ * ~~extra 30A o-ring~~ * ~~currently tape modded~~ * ~~bingsu clones~~ * ~~used for 1.5 months, no cosmetic defect",sh4rb,0,9,vc9vz0
1655230438,2022-06-14 18:13:58,2022,06,[US-GA] [H] GMMK Compact Barebones Edition [W] Paypal,"[Timestamp](https://i.imgur.com/vIW7591.jpg)  &#x200B;  GMMK Compact Barebones Edition available. Barely used (was purchased for switch testing when I was early in the hobby).   Kit comes with original cable, accent caps, etc. [Contents pictured here](https://i.imgur.com/Im3JY3y.jpg)  &#x200B;  Asking $47 to include shipping within the US.  (Edit: price)",REDcamp,2,2,vc9rtr
1655230000,2022-06-14 18:06:40,2022,06,[Artisan] Balloondog | Chu C-Head & Loafie keycap raffle, Sculpts: C-Head & Loafie   Colorway: Chu  Price: € 55  Cap pictures: [https://imgur.com/a/ihcDcap](https://imgur.com/a/ihcDcap)  Form: [https://balloondog-store.nl/product/62a78407425dd50024d8f92e](https://balloondog-store.nl/product/62a78407425dd50024d8f92e)  &#x200B;  If you want to stay updated or like my work you should check out my Instagram:[ https://www.instagram.com/balloondogcaps/](https,cheesboy12,3,1,vc9m1y
1655229960,2022-06-14 18:06:00,2022,06,"[CA-ON] [H] Paypal [W] GMK Peach Blossom, GMK Darling.",[removed],MarksmanRifle,1,3,vc9lje
1655229598,2022-06-14 17:59:58,2022,06,[US-TX][H] PayPal [W] 65% Plate (for Gummy O-Ring board),"Hey all, I'm looking to start my Block67 R1 build, but want a different plate than what was included because it does not support 7u space bar (kind of a weird oversight, since the pcb supports it). I could get a new plate made but wanted to check here first if anyone has a spare they're looking to get rid of.  Block67, Parallel's Sequence and Portal, Phantom65, Bakeneko65, and Haus are all gummy o",ymmaz,2,6,vc9ga3
1655229188,2022-06-14 17:53:08,2022,06,"[US-CA] [H] GMK Masterpiece Base Set, Artisans (Latrialum , RAMA , Primecaps , Artkey) [W] PayPal","[T I M E S T A M P](https://imgur.com/a/eITjo1V)  \- GMK Masterpiece : $205  \-  Base set. Used for less than a couple of days, no shine at all. Comes with original trays and sleeve.  \- ARTISANS :   \- Latrialum Exalted Oxidation ESC+FN : **$205**  \-  PrimeCaps (""AI Bumen B-1000"" R1) : **$90**  \-  RAMA WORKS (GMK Modern Dolch 2 Collab, R1) : **$65**   \-  Artkey (""Deepblue Devourer"") **$90**   ",PandaLikesTofu,4,3,vc9atw
1655228549,2022-06-14 17:42:29,2022,06,[US-NJ] [H] black Vega [W] PayPal,Just bought a 3080 so I am Selling my black Vega from the original drop  It comes in the original packaging with a unused hotswap pcb and aluminum plate and fr4  Looking for 520  Please Pm before messaging   [Vega photos](https://imgur.com/a/Q4wG2Gc),nerds1,0,9,vc926o
1655227886,2022-06-14 17:31:26,2022,06,[US-CA] [H] KBDFans75 [W] PayPal,[Timestamp](https://imgur.com/a/yJisHZq) Comes with  SP-Star Blue Marble Soda Lubed Durock V2 Lubed and holee moded  Alu Plate  Barely used  Already built   Asking for $300,VaultBoyDanny,1,2,vc8t3y
1655227879,2022-06-14 17:31:19,2022,06,[US] Razer Blackwidow v3 mini,[removed],Opposite_Necessary51,1,0,vc8t0h
1655227776,2022-06-14 17:29:36,2022,06,[US-CA] [H] Paypal $ [W] Wind X PCB (hotswap preferred but soldered is ok),"PURCHASED Hi r/mm, I am trying to find a hotswap wind x PCB set (main board and numpad) if possible! With the ribbon cable attached. Please lemme know if you can sell me one I will cover all shipping costs along with the PCB cost. If soldered I can also buy as well, tbh any PCB shall do cuz I need it for my build.   Local to 92801, Anaheim so lmk if you would like to meetup and I will cover gas to",emmiex3,2,7,vc8rki
1655227745,2022-06-14 17:29:05,2022,06,[US-CA] [H] Ai03 E-White Vega [W] Paypal,[removed],asdfwaffles,1,10,vc8r4o
1655227725,2022-06-14 17:28:45,2022,06,"[US-TX] [H] Portico 65, BM65, Akko MOD007, Gamesense Clutch, Royal Kludge RK96, Ducky One 2 RGB, Cablemod Coiled Cables [W] Paypal","timestamp: [https://imgur.com/a/QU35pO2](https://imgur.com/a/QU35pO2)  Getting rid of old keyboard stuff I don't use/haven't used. All of my prices are underpriced, but I am willing to negotiate them a bit. Prices don't include shipping btw.  Keyboards:  |Item|Description|Price| |:-|:-|:-| |BM65 Black|MechWild Cardinal Switches, Tape Mod, PE Foam Mod, lubed Screw In Stabs|$90| |Akko MOD007 Dark Ni",prestonsthoughts,0,15,vc8qvh
1655227685,2022-06-14 17:28:05,2022,06,[EU-NL] [H] Corne Crkbd Carbon x Royal Metallic Grey & MX Browns [W] Paypal,Images: [https://imgur.com/a/hubTsfm](https://imgur.com/a/hubTsfm)  Fresh from the Hobby Factory Desk:  Flashed with qmk and **VIA compatible**.  **Pcb**: Royal Metallic Grey crkbd   **Case**: Royal Metallic Grey 3dprinted tented case. IMK style.   **Switches**: \[*HOTSWAPPABLE*\] Gateron Browns  tactile  **Caps**: Carbon PBT Double shot  **Oled**: two 1 inch white tint + Metallic Grey OLED Protec,Mag8Reddit,0,3,vc8qbh
1655227516,2022-06-14 17:25:16,2022,06,"[US-OR][H] Black Frog, Silver Semo[W] PayPal","Time stamp: [https://imgur.com/a/ubErrXI](https://imgur.com/a/ubErrXI)  Prices are shipped ConUS. Only shipping ConUS.  **Have**  Silver WKL Semo (87 key) w/ x1 solder & x1 hotswap PCB, x1 aluminum x1 steel plate| **$425**  \- The board is in great shape. Three small marks on side (refer to photos).  \- Comes with replacement feet and carry case.  ~~Black WKL Frog (88 key) w/ 1 built PCB/plate, x1",Mr_BeastQuake,3,4,vc8o4d
1669333978,2022-11-24 23:52:58,2022,11,"[US-CA] [H] Keyboards, Keycaps, Mats. Switches [W] Paypal",[deleted],[deleted],4,8,z3ybxg
1669333393,2022-11-24 23:43:13,2022,11,[US-CA] [H] Built Bubble75 Premium (Sky Blue) + Extras [W] Paypal,[deleted],[deleted],2,3,z3y4pu
1669332675,2022-11-24 23:31:15,2022,11,"[US-CA] [H] Monokei x TGR Tomo SE + Addons, GMK Bento R2 + Novelties, Drop CTRL [W] Paypal","[Timestamp](https://imgur.com/a/sKKssdM) \- I can send more pictures as requested.  Hey everyone! Looking to recoup as much as I can from these as I am no longer interested in keyboards. Everything is shipped CONUS.  * Monokei x TGR Tomo SE - Originally had plans to build this, but I was bale to get my hands on an iron165. - **~~$725 shipped. - edit: Priced the board accordingly to the market.~~**",karennchunng,1,9,z3xvnv
1669331588,2022-11-24 23:13:08,2022,11,[Artisan] 50% Off on all Keycaps Raffle," Hey MechMarket!  Pic of Keycaps  https://imgur.com/gallery/9B9neqC  Information about the raffle can be found below.  Link for purchase entries:  https://hydrakey.nl/  **Cap price 27,50 euro**  Raffle **information:**  Estimated shipment date: December 17  **Rules**  \-This is a raffle.  \- This raffle has a maximum amount of invoicable entries.  \- This raffle is opened till November 28 11:00 CE",Gamingirlsam,3,1,z3xhax
1669331387,2022-11-24 23:09:47,2022,11,"[US-CA] [H] IK75, 60%, GK64, BOW XDA, Cherry Chalk, MT3 Captain America, Halo Clears, Gateron Yellows [W] PayPal, Local cash",[removed],RandoAnd0,1,3,z3xenf
1669331322,2022-11-24 23:08:42,2022,11,"[UK] [H] GMK Korean Beige, GMK 9009 R3 Kits, GMK Modern Dolch Light (Base, Obscure, Aesthetic, Modern), RAMA Keycaps (Mizu, Oblivion), GMK Olivia++ Light + Spacebar, GMK Oblivion V2 Hagoromo, GMK Masterpiece Kits, GMK Dracula Kits, GMK Modern Dolch 2 Kits, GMK Grand Prix [W] PayPal",[deleted],[deleted],0,2,z3xdu7
1669331314,2022-11-24 23:08:34,2022,11,"[US-CA] [H] Nrd Nest Snow White (White E-coat), Imperial Warlord (Black E-coat/ Sanguine Infill) [W] Paypal",[removed],[deleted],1,0,z3xdqv
1669331224,2022-11-24 23:07:04,2022,11,"[US-CA] [H] GMK Rudy r1, GMK Bingsu r1, GMK Storm [W] Paypal",[Timestamp](https://imgur.com/a/indrOfd)  Hey guys happy thanksgiving\~  Just cleaning out my closet and selling some stuff I don't use anymore :)  prices are shipping included. Only shipping within CONUS  &#x200B;  [https://imgur.com/a/QkkCv7J](https://imgur.com/a/QkkCv7J)  GMK rudy r1  used. was my main keycap set for awhile. shine on alphas. Looking for 190shipped SOLD!  &#x200B;  [https://imgu,davidsfart,0,11,z3xchh
1669330924,2022-11-24 23:02:04,2022,11,[US-MI] [H] PayPal/Venmo [W] Ferris sweep or compact. Need quick delivery.,"Hey all, I’m leaving for a trip on Wednesday and don’t want to lug along my Sofle. I bought a Ferris Compact last week, but seem to have killed it somehow by leaving it plugged in overnight.  No sense crying over spilled milk. I’m looking to replace it with something similar. I have switches and caps on the way and have a trrs and usb cable. I’m just looking for a working board with microcontrolle",mofukkinbreadcrumbz,2,3,z3x8ia
1669329648,2022-11-24 22:40:48,2022,11,"[CA-ON] [H] Satisfaction 75 knob, CRP Desko 2.2, Gateron Box Pink [W] Paypal, local meetup","[timestamp](https://imgur.com/a/HZe4wsx)  Local meetups (and therefore no shipping) preferred!  |~~Satisfaction 75 knobs~~|~~Brand new, Gold & Silver Aluminum~~|~~$15 USD each or $20 USD for both + shipping~~ SOLD| |:-|:-|:-| |[CRP Desko 2.2](https://imgur.com/a/EGw6HjE)|Used, little to no shine, meticulously cleaned and disinfected. Has 1.75U shift for more compact layouts.|$80 USD + shipping| |1",JCkingp1n,2,7,z3wrdb
1669329588,2022-11-24 22:39:48,2022,11,"[CA-ON] [H] White Thera 75, KAT Explosion bundle [W] PayPal, Local Cash","[Timestamp](https://imgur.com/a/efLwlag)  Hello, I'm looking to sell the following (Prices do not include shipping):  ~~Thera 75 v1 - $300 USD~~  * White Thera 75 w/ PVD weight + Burnt TI badge * Built with L+F Marshmallows, Alpaca V2 stabs, PE Foam, and 1 case foam * Extra Santa badge + White badge, Extra jst+daughter board  KAT Explosion Bundle - $235 USD  * Katakana Alphas * Icon Mods * Novelti",DragonRc5120,1,4,z3wqk8
1669329188,2022-11-24 22:33:08,2022,11,"[US-CA] [H] Navy WK Midway60 [W] Trades, Paypal","timestamp: [https://imgur.com/a/ZMWMjrS](https://imgur.com/a/ZMWMjrS)  **\*BOARD IS WKL, I MESSED UP THE TITLE\***  Hello MM, looking to trade this MIdway60 for something interesting! It's an amazing board but just want to try something else. I'd like to trade for other premium boards (TKLs, Tomo, other 60s) but I'm open to anything really, so let me know what you've got!  SHIPPING TO US ONLY  Loc",yeeyt,3,9,z3wlac
1669328644,2022-11-24 22:24:04,2022,11,[US-CA] [H] artisans [W] PayPal,[TIMESTAMP](https://imgur.com/a/tMdqCoC)   These artisans were never mounted.   Ectokolk Auriel - $150  Winger Keypora - $100 Spoopy - $90 (bundle only) Kabuto Rama - $30   Based in Los Angeles  Add for shipping and fees  Happy Thanksgiving!,mn_khtkyw,2,3,z3wdrn
1669328516,2022-11-24 22:21:56,2022,11,[US-NY] [H] Hyperglide Switches w/ 60% Tex Acrylic Case [W] PayPal,[deleted],[deleted],1,2,z3wc4a
1669328241,2022-11-24 22:17:21,2022,11,[EU-DE] [H] Black ai03 WKL Polaris [W] Paypal,[Timestamp](https://imgur.com/a/dEZvO2H)  Built black ai03 WKL Polaris with Brass Weight with SP-Star Meteor Oranges on POM half plate - $400 + shipping obo,mintychaewon,2,5,z3w8be
1669327697,2022-11-24 22:08:17,2022,11,[US-WA] [H] Full Built Purple NK 87 with MX Brown & Drop Mito Keycaps [W] Paypal,[removed],[deleted],1,3,z3w0os
1669327655,2022-11-24 22:07:35,2022,11,"[US-WA] [H] TGR Jane V2 1 of 2 Red, TGR Alice Red Two Tone, TGR Tomo SE Gray, Tomu Nunu Red PC, Burgundy Alu, Ivory Praxis Red Alu/PC Bottom, GMK Crimson Cadet, Satisfaction 75 R2 EWhite, Alice Plates, GMK Trays [W] PayPal","[Timestamps:](https://imgur.com/a/BKuSBGp) [https://imgur.com/a/BKuSBGp](https://imgur.com/a/BKuSBGp) Little black friday cleaning. Prices are at cost or under cost. Local to the Seattle area, open to local transactions. Please contact me on discord @ darian#7777 for inquiries. I highly prefer contact on there.  Mostly looking to sell, but would also be interested in trading for the following:  Ma",nairad15,0,11,z3w053
1669327567,2022-11-24 22:06:07,2022,11,"[AU] [H] Angel65, ePBT 6085 Bundle [W] Paypal","[Timestamp](https://imgur.com/a/loqpBUa)  &#x200B;  Hiya. All prices in AUD and exclude shipping. Happy to discuss anything.  **Angel65** – Brand new unbuilt silver WK, 2 x PCB, 1 x PP plate, 1 x PC plate, carrycase – **$500**  **ePBT 6085 Bundle** – Base, Cyrillic Alphas, Numpad, Bars, Novelties, Deskmat - **$220**  Please comment before PM. Cheers",m00ds,1,2,z3vyxm
1669327461,2022-11-24 22:04:21,2022,11,[US-WA] [H] Full Built Purple NK 65 with TKC Banana split & Akko Keycaps [W] Paypal,"[TimeStamp](https://scontent-sea1-1.xx.fbcdn.net/v/t1.15752-9/315229675_515961533914206_6039794299687131280_n.jpg?_nc_cat=110&ccb=1-7&_nc_sid=ae9488&_nc_ohc=9sifYmAh3RgAX8h69WH&_nc_ht=scontent-sea1-1.xx&oh=03_AdR1NFmrxHNlpokr6ymGFzn9AttN6Ua2pp9ronn8XoCrig&oe=63A7689A)  Hi Folk,I'm looking to sell my fully assembled Purple NK 65.  ~~Price: $120 (Freeship CONUS)~~ SOLD  Specs:  Switches: TKC Banana ",zackolendo123,1,5,z3vxhy
1669327451,2022-11-24 22:04:11,2022,11,"[WTS] [AUS] Angel 65, ePBT 6085 Kits [W] Paypal",[removed],[deleted],1,1,z3vxcs
1669327073,2022-11-24 21:57:53,2022,11,"[US-CA] [H] GMK Yuri base kit, Xtras kit, and cherry picker novelties - 90x stock Blush Linear Switches [W] PayPal","https://imgur.com/a/mXHOQKX - timestamp  GMK Yuri base, Xtra, and cherry picker novelties kits - opened but never mounted or taken out of the trays. - $165 shipped for the bundle  Blush Linear switches - 90x stock, BNIB - $45 shipped  Comment before PM  US only  Thanks and happy Thanksgiving!",jhsevEN,2,4,z3vrwg
1669326840,2022-11-24 21:54:00,2022,11,"[US-FL] [H] Keycult 2/65 Purple, Lin whale Pink, Purple monokei [W] PayPal","Looking to get rid of some stuff I unfortunately don’t use anymore   https://imgur.com/a/tLN9xEf  Keycult 2/65 purple b stock, hotswap and solder pcb, and all the other standard brass plate and stuff will come with it Looking for 3k obo  Lin whale pink built on sakurios 62g and stabies stabilizers with brass plate  650   Purple monokei tgr brand new inbox with hotswap pcb with bag 550   Pm for any",pmoney379,0,8,z3vour
1669326488,2022-11-24 21:48:08,2022,11,"[US-MN] [H] HHKB Hybrid Type-S, HHKB Transporter [W] PayPal",[deleted],[deleted],2,2,z3vk5l
1669325717,2022-11-24 21:35:17,2022,11,"[UK] [H] Artisans BOB Gengars Koffing, S Craft Pokemon & Sleepy Boi [W] PayPal","Timestamp:   [http://imgur.com/a/YvUKxrG](https://imgur.com/a/YvUKxrG)    5 B.O.B / BOB Gengar   4 B.O.B / BOB Koffings   S-Craft Keycaps. Round 2: Pikachu. Round 4: Vulpix, Mr mime, Clefairy, Shellder Weepinbell and Eevee. Round 5: Blastoise, Mewtwo, Umbreon, Ditto and Psyduck.  Snorlax Sleepy-boi  All brand new/unused!   ​ All prices are in British pounds.  ​   |Keycap|Price (GBP££)|Status| |:-|",fuckingflipper,2,5,z3v9y8
1669325520,2022-11-24 21:32:00,2022,11,"[UK] [H] Artisans BOB (B.O.B) Gengars Koffing, S Craft Pokemon & Sleepy Boi [W] PayPal",[removed],[deleted],1,1,z3v722
1669325278,2022-11-24 21:27:58,2022,11,[US-CA] [H] Paypal [W] HHKB Heavy Grail + HHKB Pro 3 Kit,Hello all! I'm search for a HHKB Heavy Grail Kit and perhaps a Pro Kit 3 to go with it. Please comment before PMing and let me know what color and price. Thank you!,lycheepls,2,5,z3v3l1
1669325208,2022-11-24 21:26:48,2022,11,"[US-CA] [H] Iron 165 Teal + Extras, E-White WKL Angel 65, GMK Pink on Navy Base + Spacebars + Rama, T-Lab Moo Artisans, Think 6.5 V2 Badges [W] PayPal","Timestamp: [https://imgur.com/a/7Ds1quZ](https://imgur.com/a/7Ds1quZ)  Iron 165 Midnight Teal w/ Alu Plate: $550 Shipped CONUS (All New + Carrying Case)  E-White WKL Angel 65 w/ Half POM Plate: $250 Shipped CONUS (All New + Carrying Case)  GMK Pink on Navy Base (Mounted for a few days, zero shine) $150, Spacebars $40, RAMA $70 (All Shipped CONUS) (Bundle for $240)  T-Lab Mooe Artisans (Classique a",ImJamesMai,4,4,z3v2q7
1669324753,2022-11-24 21:19:13,2022,11,[US-TN][H]Paypal [W] Violet Mammoth75,"Already have the mammoth20 and I love it, looking to get the matching set!",LiterallyAMango,2,3,z3uwko
1669324223,2022-11-24 21:10:23,2022,11,"[UK][H] Artisans BOB (B.O.B) Gengars Koffing, S Craft Pokemon & Sleepy Boi[W] PayPal",[removed],[deleted],1,1,z3upfp
1669324164,2022-11-24 21:09:24,2022,11,"[CA-ON] [H] Eniigma Infinitum TKL (+97x JWK L+F'ed L switches, 3x custom plates, 2x PCB's) [W] Paypal or E-transfer","Greetings /MM,   ---------------------------------------------------  [Timestamp: Eniigma Infinitum Kit & JWK L3 switches](https://imgur.com/a/UYlAkeU)  ----------------------------------------------------  KIT | CONDITION | ASKING ---|---|----|--- ~~**Eniigma Infinitum** +CF plate, +Custom POM plate, +Alu plate, +rev3 PCB. (*Also includes extra Rev.1 PCB but requires S key jump*)~~ | Used, A- con",-WielderOfMysteries-,2,6,z3uoju
1669323543,2022-11-24 20:59:03,2022,11,"[US-CA] [H] Artisans (Artkey, Deag, Primecaps, Grinix) [W] Paypal",[removed],pissedof15yrold,2,5,z3ufx8
1669323452,2022-11-24 20:57:32,2022,11,"[US-IL] [H] Black cherry cerakote 7V, Semo tkl [W] Paypal","Timestamp: https://imgur.com/a/nvonejf  **Local to 61801**  7V **$825 USD local, $850 USD shipped CONUS** \- Comes with Cerakoted 7V case; one build: alpacas on alu, tape modded, pe foam modded, durock stabs; 1 hotswap FJ Labs pcb; 1 pom plate; extra durock (?) stabs for hotswap pcb. **Can include heavily shined GMK WOB seen in photo for an extra $25. Accidentally mixed the rest of the keys with a",kai_l_7,1,4,z3ueu8
1669323394,2022-11-24 20:56:34,2022,11,"[Us-CA] [H] Various artisans (Artkey, Deag, Primecaps, Grinix) [W] Paypal",[removed],pissedof15yrold,1,2,z3ue60
1669323255,2022-11-24 20:54:15,2022,11,[CA-QC] [H] Epbt grayscale r2 with geekark accents [W] Paypal,"[timestamp](https://imgur.com/a/FkEZEvj)  [pictures on boards](https://imgur.com/a/KhOom9l)  Hi, looking to sell my epbt grayscale r2  set with 2 pbt Geekark accents : salmon pick and sea salt blue. Both accent kits have 2 sets of 6.25 and 7u spacebars. This is because the ones that I had before being replaced were crooked.  Looking for **140 cad shipped in Canada** or **95 usd + shipping in the U",fmofmofmo_Qc,2,4,z3uch1
1669322941,2022-11-24 20:49:01,2022,11,[US-CA] [H] Wireless Mint QK60 [W] Paypal,[deleted],[deleted],0,3,z3u8k5
1669322852,2022-11-24 20:47:32,2022,11,"[US-CA] [H] Mint QK60 w/wireless PCB, Aluminum Plate",[removed],[deleted],1,2,z3u7gy
1669322648,2022-11-24 20:44:08,2022,11,"[US-NY] [H] BNIB Black Bear65v1, Moyu Blacks, Switch Containers [W] Paypal","[Timestamp](https://imgur.com/a/bMHYqby)  Looking to sell off some things that have been lying around for a while collecting dust.  **BNIB Black Bear65v1**  The Bear65 comes with an aluminium plate, a hotswap pcb, a solder pcb, all original parts unused except for the rubber feet whch has been applied to the bottom of the case. Both PCB has been tested to work.  Price: **$425 Shipped**  &#x200B;  ",OptimalSnowman,2,10,z3u4v6
1669322360,2022-11-24 20:39:20,2022,11,[CA-ON][H] Tomo SE BNIB [W] Paypal,Priority to Toronto > Canada = CONUS > Outside of Canada/CONUS. All prices in USD and includes shipping to Canada/CONUS.  [Timestamp](https://imgur.com/a/p6AA8PL)  ~~BNIB Tomo SE. Looking for 570 USD shipped.~~ SOLD  * Silver with a Stainless Steel Back * Solder PCB * PC Plate  Please comment before pming.,SleepIsAllINeed,2,10,z3u15k
1669322053,2022-11-24 20:34:13,2022,11,"[US-CA] [H] Artisan Keycaps (Lessy, Banbani, RAMA) [W] PayPal","Timestamp- https://imgur.com/a/DfkhzFj  Happy Thanksgiving, everybody  WTS, open to offers, free shipping included  Sandunkeycap Banbani Spring Pink - $105   Sandunkeycap Banbani Reindeer- $130  Namong Noel Lessy Pink- $120  RAMA x GMK Tuzi Bunny- $65  If you purchase more than 2 or more, receive $7 off for each additional artisan keycap.",ExpiredDeodorant,4,2,z3txjs
1669321810,2022-11-24 20:30:10,2022,11,[US-CA][H] Norbauer Heavy-6 case (Maritime Blue) [W] PayPal,"[https://imgur.com/a/HAHVmUl](https://imgur.com/a/HAHVmUl)  &#x200B;  * Please reply below before pm. No chat please. * Not FCFS. * Paypal only. * I ship to CONUSA only. * I'm in San Jose, CA. In case you are local and want to meet up. * Shipping is included in listed price, but only to the lower 48 states. Remaining states will require additional shipping cost from buyer.  &#x200B;  **~~Norbauer ",abc293sucks,2,6,z3tueq
1669321277,2022-11-24 20:21:17,2022,11,"[US-TX][H]Osume Tsukimi, PBT 02, Maxkey Berserk, ePBT Skadi, NRD Nest, Artisans[W]Paypal","timestamps: https://imgur.com/a/1JHmmUs  **Maxkey Berserk SA Keycap Set** - 115 : used  **Milkyway PBT 02 Keycaps** - 110 : mounted once and barely used  **ePBT Skadi Base + Novelties** - 110 : mounted once, like new, one of the novelties is kinda banana'ed  ~~**Tsukimi Standard R2 + Standard Novelties + Special Novelties + Cable** - 180 : bought new, used for around a month~~  ~~**NRD Nest Robins",DrSmoothSeuss,2,16,z3tnr7
1669320511,2022-11-24 20:08:31,2022,11,"[US-CA] [H] zoom65 Olivia edition, KBD Tofu60 , Anne Pro2,46keys mini keeb [W] Paypal, local cash","Hello!  I am trying to sell all my extra keyboards  [time stamp!](https://imgur.com/a/Q0oJVhw)  Local is the Manhattan New York area :) , can ship anything but shipping is not included  |Name|Specs|Photo|Price| |:-|:-|:-|:-| |~~Zoom65~~(sold)|[https://cannonkeys.com/products/meletrix-zoom65?\_pos=2&\_sid=9dbab85a2&\_ss=r](https://cannonkeys.com/products/meletrix-zoom65?_pos=2&_sid=9dbab85a2&_ss=r)",apapangelapeng,5,12,z3tdji
1669320424,2022-11-24 20:07:04,2022,11,"[US-CA] [H] PayPal [W] ATXKB Live Oak, KMG B60 WKL, R0 Derivative",Sourced Live Oak and Derivative. Now looking for KMG B60 WKL or in HHKB. THank you.,hyseung,3,5,z3tckq
1669320370,2022-11-24 20:06:10,2022,11,[US-MN] [H] BUILT Polycarbonate Fuji65 FE mega bundle w/ Cherry MX Ultraglides and 21kb Japanese keycaps + Dellakey Modern Dolche artisan [W] Paypal (CONUS),[deleted],[deleted],0,3,z3tc1c
1669320144,2022-11-24 20:02:24,2022,11,[US-MN] [H] BUILT Polycarbonate Fuji65 FE mega bundle w/ Cherry MX Ultraglides and 21kb.com Japanese keycaps + Dellakey Modern Dolche artisan [W] Paypal (CONUS),[removed],[deleted],1,1,z3t8zm
1669319639,2022-11-24 19:53:59,2022,11,[CA-BC][H] paypal [W] shansui deskmat Karst version,[deleted],[deleted],3,2,z3t1rv
1669318621,2022-11-24 19:37:01,2022,11,[US-AZ] [H] PayPal [W] ePBT Origami Numpad,Hi! Looking to complete my ePBT origami keycaps with the numpad set. Please comment before PMing!,ben-pearce55,2,2,z3sorz
1669318513,2022-11-24 19:35:13,2022,11,[US-RI] [H] Frog TKL [W] PayPal,"[Timestamp](https://imgur.com/a/veoL1Y8)  Frog TKL WK Silver - Hotswap PCB, Alu Plate - $380 shipped  Thanks for looking! PM any questions",FrothBoss,3,10,z3sngb
1669317564,2022-11-24 19:19:24,2022,11,"[US-NC] [H] BNIB C3 Stabs (Bushido/Olivia/Tangerine/Green Panda/Blue Panda), BNIB FFFF Stabs, PayPal [W] CB87 Sakabato Hotswap QMK/VIA PCB","[Timestamp](https://imgur.com/Wyff16G)  Comment before PM. Thanks!  **BNIB C3 Stabs (Bushido/Olivia).** 6x 2u, 1x 6.25u, 1x 7u, 16x stems & housing. **Asking for $18 shipped.**  **~~BNIB C3 Stabs (Tangerine/Blue Panda/Green Panda).~~** ~~4x 2u, 1x 6.25u, 1x 7u, 10x stems & housing.~~ **~~Asking for $15 shipped.~~**   **SOLD**  **BNIB FFFF Stabs.** 4x 2u, 1x 6.25u, 10x stems & housing. **Asking for",dcvan24,2,4,z3say4
1669316509,2022-11-24 19:01:49,2022,11,"[US-CA] [H] Titan Grey Tomo, Navy Blue Scarlet WKL TKL [W] Paypal, Local Cash","[Timestamp](https://imgur.com/gallery/N4N6nXf)  Hello everyone both these keebs are BNIB and only open to inspect for any damages from the shipping.  Tomo - $550 Shipped O.B.O Comes with matching color Kaban case, pc plate and 1 hotswap pcb and 1 solder pcb.  Maker Keyboards Scarlet TKL WKL Navy - $200 Shipped Comes with carrying case. Has 1 alu plate 1 pom plate, extra gaskets and daughterboard a",A1Sixer,3,8,z3rwjd
1669316429,2022-11-24 19:00:29,2022,11,[US-NE] [H] PayPal [W] Graystudio Aero75 Hotswap PCB,[deleted],[deleted],2,2,z3rvc1
1669316288,2022-11-24 18:58:08,2022,11,"[CA-AB] [H] AV4 Alu Plate, PCB, Plate Foam [W] PayPal","Hey r/mechmarket,  [Timestamp](https://i.imgur.com/c8jaeQr.jpg) [LEDs](https://i.imgur.com/LN5141s.jpg)  Selling the following AV4 extras:  - Aluminum plate w/ gaskets - PCB (includes holee'd durrock stabs, plus a random owlab stab if you want them) - Plate foam  PCB was tested incl. split BS, no issues. All LEDs work.    Looking for $110 USD + shipping (note: these are currently available direct ",Qamatt,2,2,z3rt6c
1669316124,2022-11-24 18:55:24,2022,11,[US-CA][H] Capsunlocked CU7 [W] PayPal or local cash,"[Timestamp](https://imgur.com/a/e7wAoUN)  I bought a CU7 a while back, assembled it and tested it out, but I never used it. I'd like to sell it to someone who will get some joy from it.  $70  I'm in San Francisco for anyone who prefers local cash.",HowdyMoto,2,4,z3rqzs
1669315940,2022-11-24 18:52:20,2022,11,"[US-GA] [H] BNIB Mammoth 75 E-White PVD Brass, with extras [W] Paypal",[removed],throwaway4995746,1,0,z3roj3
1669315412,2022-11-24 18:43:32,2022,11,"[CA-ON] [H] L+F ""Pink"" Tealios, KFE CE Aluminum Weights & Kbdfans Kbd67 Lite Transparent Case [W] PayPal",[deleted],[deleted],3,2,z3rh71
1669314835,2022-11-24 18:33:55,2022,11,[EU-PL] [H] TGR Jane V2 ME Sauve Blue (R2) [W] PayPal,"[Timestamp](https://imgur.com/a/I5wmVAQ)  Hello, im looking to sell my TGR Jane V2 ME with Sauve Blue case and Silver backplate.Brand new, just opened to check is everything ok with keyboard.  Monokei Series 1 WoB keycaps included.  Price : 1450€ + shipping (PayPal G&S included)  DM me for more informations",MaciorMck,0,10,z3r928
1669314301,2022-11-24 18:25:01,2022,11,[US-CA] [H] Assembled nullbits SNAP 75 [W] PayPal,"[Timestamp](https://ibb.co/album/zV8kHY?sort=date_asc&page=1)  Hello peoples,  First time dealing on Reddit. I'm selling an assembled SNAP 75 from [nullbits](https://www.reddit.com/r/nullbits/comments/tcpexc/snap_75_split_keyboard_kit_info_and_faq/). It's a through-hole keyboard and I've already soldered on all the LEDs, resistors, connectors, etc. I also hot-swapped it with mill max sockets. The ",yayyouexist,2,2,z3r1iu
1669313864,2022-11-24 18:17:44,2022,11,"[US-CA][H] Custom Black and Orange QS USB C Aviator Cable, 67x Gat Inks L+F [W] PayPal, FC660C Bluetooth USB C board"," https://imgur.com/a/wJhIfWD/  $55 - 67x Gateron Inks Lubed and filmed with Kinetic Labs small storage container.  $50 - Custom QS cable. Coiled, left rear exit, detachable GX-16, 4ft host cable length.  Prices are shipped. PayPal payment. US only. Message with any questions.  Will trade for FC660C Bluetooth USB C board.",JesusMakesMeLaugh,2,4,z3qvar
1669313857,2022-11-24 18:17:37,2022,11,[GB] Catuccino Artisan Mid-GB Giveaway | zoxi.design,"Hi Mechmarket!   [Group Buy](https://shop.zoxi.design/products/catuccino)   We are doing a Giveaway for our artisan that is in group buy right now, the Catuccino! The Winner will be drawn on December 1st!   Giveaway here: [https://forms.gle/iKXAj3JypFae6SYa6](https://forms.gle/iKXAj3JypFae6SYa6)   It comes in two variants, see the pictures here:   Images   Group buy price is 46,95€ or your local e",DUXXZZ,9,1,z3qv7a
1669313652,2022-11-24 18:14:12,2022,11,[Bulk] Trailblazer Keyboards Black Friday Sale! Babylon 65% Keyboard - In Stock at $299,[Title Photo](https://cdn.shopify.com/s/files/1/0599/5049/8036/files/DSCF0552.png?v=1642880183)  Happy Black Friday! Our in-stock Babylon Kits ([https://trailblazerkeyboards.com/products/babylon](https://trailblazerkeyboards.com/products/babylon)) are ready to ship. Available starting at $299.99 for A-stock and $274.99 for B-stock kits!  Available Colors are:  * Silver Anodized * Blue Anodized * B,fatfreewater123,2,3,z3qs67
1669313614,2022-11-24 18:13:34,2022,11,"[US-MI] [H] Paypal, Local Cash [W] 21KB SAW-Polish, GMK KA1953, GMK KA1953 Cherry Enter Key, GMK Cherry Logo Keys, GMK WoB Icon Mods, GMK First Love",[deleted],[deleted],1,6,z3qrmr
1669313421,2022-11-24 18:10:21,2022,11,"[US-NJ][H] PayPal, Local Cash [W] Bakeneko or Tofu 60","Currently on vacation in NJ area and looking to pick up a keyboard locally before I head back home.    Looking to pick up something between now and Saturday before my flight on Sunday.  Will be around 07306       Please PM, and then message me if you have something for sale. Thanks!",tomatos-are-the-best,2,6,z3qovr
1669312553,2022-11-24 17:55:53,2022,11,"[IC] JRIS75 - Quick Disassembly and Adjustable PCB Gasket Mount Structure, Replaceable Switch/Rotary Knobs/Badges/LED light Signs Custom Keyboard","Hello everyone,  This is IRISLAB again. We have finished the CN GB shipment, and the mass production of the international GB is going pretty well as planned. The mass production details are UPDATED on our Discord server frequently. IRISLAB studio sincerely appreciates all of you who always support us. We will work on more products to thank all of you.  Today, we would like to introduce our new pro",Mykeyclub,181,164,z3qccm
1669311860,2022-11-24 17:44:20,2022,11,"[EU-SE] [H] Original prime_e 40% Steel keyboard (Rev.1 by Holten), DSS Honeywell, DSS Monochrome, HHKB Wristrest, KP Republic macropad and KP Republic DSA keys, Massdrop Cherry PBT Blanks, Nitty Gritty Reaper+Nitty Gritty Stump+Nitty Gritty Jolly Roger Brocaps collection [W] Paypal, Swish",# [UPDATED POST](https://www.reddit.com/r/mechmarket/comments/z73bsx/euse_h_original_prime_e_40_steel_keyboard_rev1_by/)  Prices exclude shipping. Shipping will be calculated upon request :)  **I pay the Paypal fees.**  \>>> [Timestamp](https://imgur.com/a/L7UGagi) <<<  ***>>> Package deal:*** *Get* ***EVERYTHING*** *for only* ***~~€560~~*** ***€500*** ***Shipping included worldwide*** ***<<<***  ,Sterenke,5,8,z3q2uj
1669311855,2022-11-24 17:44:15,2022,11,"[US-NJ] [H] NK65 Superuser, GMK Birch Novelties, Tangerines [W] Paypal or local cash","Hi mm,  [https://imgur.com/a/CcW2umS](https://imgur.com/a/CcW2umS)  Can do international shipping but CONUS and bundles take priority.  |Item|Price|Description| |:-|:-|:-| |[NK65 Superuser](https://novelkeys.com/products/nk65-superuser-edition)|$80 Shipped|Used for a week on & off. Stabs are tuned, stab pads are installed, and sound very deep.| |**GMK Birch** \- Novelties|$50 shipped|BNIB Sealed| ",bigazoz,1,2,z3q2s5
1669311812,2022-11-24 17:43:32,2022,11,"[US-TX][H] GMK Devoted Base kit Brand New Sealed, GMK Mecha-01 Base kit w/spacebars, GMK Deku Base Kit w/novelties and space bar kit, JTK Griseann Base kit, and GMK Serika 2 Base Kit [W] Paypal",[Timestamp](https://imgur.io/a/1F8ZL7D)  [space bar kit GMK Mecha-01](https://imgur.io/a/gYVpfsf)  Conus Only unless you are willing to pay international shipping or if you have a US Proxy Thanks for looking stay safe.  550$ shipped for all **NO TRADES IM ONLY SELLING GETTING OUT OF THE HOBBY**  **~~Strike through means sold~~**  [Please Comment PM first then click here to PM me Thanks :)](https:/,PDT118,1,14,z3q25s
1669311389,2022-11-24 17:36:29,2022,11,"[US-FL] [H] Black No 1/65 Wrist Rest, Silver Keebwerk Nano, Artisans [W] Paypal","[Timestamps.](https://imgur.com/a/VohU5Jt)  **Prices include shipping to CONUS**. International shipping can be discussed but I wouldn't count on it. No chats please, PM as I'm usually on mobile so I don't see them. Thanks for looking!  &nbsp;  Have | Want |  -------|------------| Keycult black no 1/65 wrist rest | ~~$150~~ SOLD keebwerk. Nano (Silver with silver bottom, hotswap. After my 3rd [may",aneasyusername,5,4,z3pwc8
1669310281,2022-11-24 17:18:01,2022,11,[US-SD][H] paypal [W] 75% or higher gasket mount keyboard kit,"Looking for something that's 75% or bigger, TKL kind of my max, uses gasket mount. Nothing over $250 please",fortniteplayr2005,2,4,z3pgw5
1669309391,2022-11-24 17:03:11,2022,11,[US-IL] [H] Glorious GMMK Pro w/Lubed NK Creams [W] Venmo,[removed],Sauceington_II,1,0,z3p4bi
1669309121,2022-11-24 16:58:41,2022,11,"[US-CA] [H] Viridian Mode 80, KAT Atlantis, GMK Sets - Olivia Dark, Rainy Day, Camping R2, Laser, XMI Green Arabic, Gateron 8008 Inks, OEM HHKB Domes, Artisans [W] Paypal, Local Cash, GMK Carbon Novelties + 6u Bars + Rolling Bones, GMK Hyperfuse Origins, Laserwave Dusk & Dawn Kits","[Timestamps](https://imgur.com/a/h4fQuPq) | [Artisans](https://imgur.com/a/M8mxSCh)  Local to 92115  **Willing to trade for or purchase the following (BNIB/Light use preferred):**  GMK Carbon Novelties, Rolling Bones, 6u SpacebarsGMK Hyperfuse OriginsGMK Laser Laserwave Dusk & Dawn Translucent kits  **Artisan prices listed in picture above. If it's not crossed out, it's available!**  |Item|Descrip",KikoKeys,3,6,z3p01l
1669309028,2022-11-24 16:57:08,2022,11,[EU-SK] [H] Cheap MDPC-X Aviator USB Cables - Coiled and Straight [W] Paypal,[deleted],[deleted],2,2,z3oyq1
1669308736,2022-11-24 16:52:16,2022,11,"[EU-SK] [H] Cheap MDPC-X Aviator USB Cables - Coiled and Straight [W] Paypal, SEPA, Crypto",[removed],[deleted],1,1,z3ouge
1669308080,2022-11-24 16:41:20,2022,11,[US-CA][H] Paypal [W] Burgundy Frog TKL w/Hotswap PCB,[deleted],[deleted],2,8,z3ol73
1669308022,2022-11-24 16:40:22,2022,11,[Store] Black Friday Sales are on at Flashquark.com!,"Black Friday Sales are on at [https://flashquark.com/](https://flashquark.com/)  Be sure to check out our doorbusters: [https://flashquark.com/doorbusters/](https://flashquark.com/doorbusters/)     Doorbuster items will change throughout the week, so be sure to check back frequently.     Most of our other items are on sale as well, so be sure to have a thorough look around!   Feel free to ask any ",Touareg3,20,1,z3okdi
1669307756,2022-11-24 16:35:56,2022,11,"[CA-ON] [H] Paypal, Interac [W] WK Mr.Suit","Good morning, [r/mm](https://www.reddit.com/r/mm/)  Looking for Mr.Suit **ONLY WK, preferably hotswap.**   I am in Ontario, Canada but will consider CONUS/overseas offers.  **Please comment before PM.**",Kurisu_SS,2,2,z3oglg
1669306399,2022-11-24 16:13:19,2022,11,[EU-BE] [H] PayPal [W] NK Vaporwave keyset,Hi all - looking for this keyset in new or very good condition.   Looking to pay about 50 - 60 euro for it.  &#x200B;  Thanks for your time!,Sorvar,2,4,z3nwjb
1669306345,2022-11-24 16:12:25,2022,11,[US-GA] [H] Paypal [W] Discipline V2 Unbuilt Kit (black or white),,lettucele,2,2,z3nvqb
1669305351,2022-11-24 15:55:51,2022,11,[Bulk]SAM Keyboards Thanksgiving Sale,"Hi Everyone,  For thanksgiving day. We will offer a limited special sale for our in stock products. Please see more details below：  **Sale Time:** Nov. 24th- Nov.25th, 7 AM, PST  ##S46 Youth Edition New Release from Price $129  [Product page ](https://notfromsam.com/products/in-stock-soon-s46-youth-edition)  **Features:**  * Wireless and Wired * Alu Top case * PC Bottom case without a brass badge ",lukenan,6,5,z3ngjg
1669304606,2022-11-24 15:43:26,2022,11,[US-LA][H] PayPal [W] K3KC Topre Artisans,"Looking for one or more K3KC Topre artisans:  [Amethyst ESC](https://www.k3kc.com/shop/amethyst-esc-topre/)  And/Or,  [Stardust ESC](https://www.k3kc.com/shop/stardust-esc-topre/)",M4tt0ck,3,2,z3n5rd
1669303841,2022-11-24 15:30:41,2022,11,"[EU-DK][H] GMK Olivia Dark base, Artkey Sirius Olivia, Leuleu, Archetype kolk, Milo [W] Paypal","[Timestamp](https://imgur.com/a/39VQcDF?s=fbm)  Looking to sell some stuff:  \-GMK Olivia Dark base (unsealed but only mounted once for display, so perfect condition)   \-Artkey Sirius Olivia   Take as a bundle for 300€   \-Archetype M89 kolkrabba   \-Archetype KAMistry kolkrabba   \-Archetype Milo Oby   \-Artkey Leuleu   Take these 4 artisans as a bundle for 150€",Dapper_Citron1217,4,6,z3muk0
1669303221,2022-11-24 15:20:21,2022,11,"[US-OH] [H] Grey/Lilac Chimera65, Chimera65 7u plates, Burgundy Lin Dolphin 2021 WKL, Switches, JJW Moment Full ALU Plate [W] PayPal","[Timestamp!](https://imgur.com/a/ik0BJCP)  Looking to sell some stuff. CONUS shipping is included in all prices. Can do international shipping but that will be extra and I will not underdeclare. Thank you for looking!  **Boards + Parts:**  |Item|Notes|Price| |:-|:-|:-| |[Flawless Chimera65 Grey/Lilac](https://imgur.com/a/7yJ8QiB)|Contains: working milmaxed pcb, used soldered pcb with loose JST con",xTelepathetic,1,7,z3mlkt
1669302927,2022-11-24 15:15:27,2022,11,[EU-SE] [H] PayPal/Revolute [W] Holy Panda,"Hi,  I'm looking for about 70-100 Holy Panda switches, lubed preferred, shipping to Sweden. Let me know if you have some to sell.",linh1987,3,6,z3mh6s
1669302620,2022-11-24 15:10:20,2022,11,[Artisan] bobkeycaps Black Friday website update.,[removed],[deleted],1,1,z3mcpb
1669302548,2022-11-24 15:09:08,2022,11,"[EU-AT] [H] TKC CandyBar R3 Lefty, Monokei Singa Neko PC Plate [W] Local Cash, PayPal",[removed],thepropbox,2,4,z3mblm
1669302490,2022-11-24 15:08:10,2022,11,[US-GA] [H] Keycult No. 2/65 Powdered Black & Blue - Solderable PCB [W] PayPal,[deleted],[deleted],0,2,z3mapu
1669301767,2022-11-24 14:56:07,2022,11,[Artisan] Pilgrim GSK Raffle Sale,"   Hi Guys   Gather round our Thanksgiving dinner table and enjoy all the offerings we have for this special holiday. It's a feast that's going to keep you full for a while, so please note that this is the only raffle for this week.    [New Discord Channel Here](https://forms.gle/nMpnRvn2Sr8uou7B7)  [Enter Raffle](https://forms.gle/EDqJ4QqXBsinrzvP7)  [Pics Here](https://imgur.com/gallery/yMRPmkD)",GoldenStarkeycap,2,1,z3lzvv
1669301603,2022-11-24 14:53:23,2022,11,"[US-PA][H] GMK Deep Navy, GMK Sandstorm, GMK Ashes, GMK Hallyu + Novelties, GMK Red Samurai [W] Paypal or Venmo",https://imgur.com/a/JTnjNzb  All of these sets are BNIB sealed.  GMK Ashes $300 - GMK Deep Navy $250 - GMK Hallyu + Novelties $300 - GMK Red Samurai $110 - GMK Sandstorm $400  Shipping will be added on top.,Silverjester,0,10,z3lxlt
1669301522,2022-11-24 14:52:02,2022,11,[EU-DE] [H] Black-White PBT Keycaps Cherry profile ISO spain [W] Paypal,[deleted],[deleted],2,2,z3lwk9
1669301380,2022-11-24 14:49:40,2022,11,"[SG] [H] Gateron Mizu Minks, JWK Marshmallows, SP-Star Meteor White [W] Paypal",[deleted],[deleted],2,2,z3luj5
1669301229,2022-11-24 14:47:09,2022,11,[UK] [H] Jelly Epoch Navy Keyboard [W] Paypal,"[Timestamp](https://imgur.com/a/1Y65SWn)  [Photos](https://imgur.com/a/M6X0c1l)  Please comment before PM.  **Jelly Epoch Navy. >>> SOLD <<<**  Fully built.  Durock Piano POM switches lubricated with Krytox 205G0.  AKKO Macaw Cherry PBT keycaps.  Polycarbonate plate. PE Foam, Plate foam, Case foam. Durock V2 stabs lubed with Krytox 205G0 and dielectric grease.  In  good condition but there is a sm",kshaw0161,6,5,z3lsi4
1669300857,2022-11-24 14:40:57,2022,11,"[UK] [H] MT3 Godspeed R2 Apollo base and Milky Way kit, MT3 9009 PBT, SA Espresso, Frosty Flake Controller [W] PayPal","[Timestamp](https://deskthority.net/download/file.php?id=76101)  Selling few things (prices not including delivery):  **Mito MT3 Godspeed R2** keycaps - new set, Apollo base kit ([caps](https://massdrop-s3.imgix.net/product-images/massdrop-x-mito-mt3-godspeed-custom-keycap-set/FP/dmNIT0mRR4emGTAflAju_MT3%20Godspeed%20R2%20-%20Apollo%20Base%20Kit.png?auto=format&fm=jpg&fit=fill&w=820&h=547&bg=f0f0f",Topre_Mike,2,2,z3lnb7
1669300098,2022-11-24 14:28:18,2022,11,[TW] [H] Axol Studio Yeti – Col. E-Black (Alice Layout) [W] PayPal,[deleted],[deleted],2,2,z3lcjt
1669298968,2022-11-24 14:09:28,2022,11,"[EU-PL] [H] Oxymoron, Xiami red Cyrillic, Deskeys domes [W] PayPal",[timestamp](https://imgur.com/a/ZgK9UbZ)  Hello everyone  Looking to sell some stuff   -Oxymoron 40% keyboard in a stunning green ano. Includes a soldered staggered build with gateron milky yellows on a carbon fibre half plate. Since im a little stupid I have made some scuffs on the inside while putting it together. Luckily these are not really visible. Im looking for 190€  -A almost unused set of,Comfortable-Clue7886,3,2,z3kx20
1669298336,2022-11-24 13:58:56,2022,11,[Artisan] Playful MeOw is in town!,"[ALBUM](https://imgur.com/a/kmsyfOK)  [FORM (Open 24hr ONLY)](https://sale.phangkey.com/sales/meow-dottie-raffle)  Showing you the playful side of MeOw that you have never seen before!  |TYPE|PRICE| |:-|:-| |Dottie|$55|  * Caps are handmade * Compatible with CherryMX switches * Shipping will be via EMS/BEST/Aramex/DHL (depending on the countries) $20 worldwide, Local shipping for Indonesia * This ",MrSurreal,7,1,z3ko3p
1669297965,2022-11-24 13:52:45,2022,11,[US-CA] [H] Glorious gmmk Pro [W] PayPal,"[Timestamp](https://imgur.com/a/f14ceRQ)   Hello i’m looking to sell my ice white glorious gmmk pro. excellent condition. no issues.   it comes shipped with hand lubed gateron red switches and a polycarb plate with glorious aura black keycaps, includes factory white glorious cable, black and ice white rotary knobs.  contents will include the factory installed plate.   all contents come shipped in ",lilyetiii,3,5,z3kj07
1669297867,2022-11-24 13:51:07,2022,11,"[EU-DE] [H] Rama Works W02-A Internal Dampener Iced, Nk pbt Stone and other keycaps [W] Paypal","Helllooooo guys,  [timestamp](https://imgur.com/a/VgdFwKG) stuff I want to sell  \-----------------------------------------------------------------------------------------------------------------------------------------------------  **Rama Works W02-A Internal Dampener Iced** \- 30€  *Keycaps:*  **NK pbt Stone**  [here](https://imgur.com/a/pJWt5sq) \- 70€  **ePBT Abs Pink on Black** [here](https:/",v4llyy,3,2,z3khn1
1669297687,2022-11-24 13:48:07,2022,11,[US-CA] [W] PayPal [H] gmmk pro,[removed],lilyetiii,1,2,z3kf7w
1669297228,2022-11-24 13:40:28,2022,11,[EU-DE] [H] Silicon Graphics SGI Bigfoot Keyboard with Alps [W] Paypal,[removed],[deleted],1,3,z3k8yu
1678838380,2023-03-14 23:59:40,2023,03,"[UK] [H] GMK Frost Witch, GMK Hero (Base, Spacebars), Apollo, Botanical, Bingsu, Yuru Hiragana, Bleached, Ashes, Modern Dolch Light (Base, Obscure, Aesthetic, Alternate, Modern, Numpad, Rama Keycaps), GMK Olivia++ Light, Masterpiece (Value, West, Preserving, Clarity), GMK Dracula [W] PayPal","[Timestamps](https://imgur.com/a/qemVs9R)  Shipping outside of the UK is available.  |Item|Condition|Price| |:-|:-|:-| |GMK Apollo (Base Kit)|Opened, but never used. Shipped in tray.|220 GBP + shipping| |GMK Botanical (Base Kit)|Opened, used for a few weeks. Shipped in tray.|230 GBP + shipping| |GMK Botanical (Spacebar Kit)|Opened, used for a few weeks. Shipped in bag.|60 GBP + shipping| |GMK Yuru",renovate12,0,2,11rfcbn
1678818718,2023-03-14 18:31:58,2023,03,[US-WI] [H] Paypal [W] GMK Modern Dolch // GMK Modo,[removed],MrGuccu,1,4,11rea0d
1678818711,2023-03-14 18:31:51,2023,03,[US-CA] [H] PayPal [W] Singakbd Unikorn R2.2 / Berlin Blue,[removed],hodu_dudu,1,0,11re9vn
1678818585,2023-03-14 18:29:45,2023,03,[USA-WI] [H] Paypal [W] GMK Modern Dolch // GMK Modo,[removed],[deleted],1,3,11re7ma
1678818399,2023-03-14 18:26:39,2023,03,[US-HI] [H] Keychron Q1 V2 - Knob Version [W] Paypal,"[Timestamp](https://i.imgur.com/Nqt37NH.jpg)  Gateron Pro Red switches  I preferred the Q2 so I used that instead, so it's seen very minimal usage.  Will include the retail box and all of it's contents.  Will also include a separate Keychron polycarbonate plate as well.  $125 shipped  Priority Mail. US only.  EDIT: SOLD",Escopeta88,0,3,11re4mw
1678818332,2023-03-14 18:25:32,2023,03,[USA-WI] [W] GMK Modern Dolch // GMK Modo [H] Paypal,[removed],[deleted],1,2,11re3i3
1678818288,2023-03-14 18:24:48,2023,03,[EU-DE] [W] Vilebloom DSA Keycap set. base-kit + Novelties + Specialties [H] PAypal,[removed],Dudemeister0209,1,1,11re2tk
1678818274,2023-03-14 18:24:34,2023,03,[CA-NL] [H] BNIB TGR Jane V2 ME Silver with Pink Backplate [W] Paypal,[https://imgur.com/a/aQYPW0k](https://imgur.com/a/aQYPW0k)  BNIB TGR Jane V2 ME Silver with Blush Pink Backplate. Paypal G&amp;SHotswap PCB  $1150 USD shipped within Canada.  NOT FCFS. Priority will be given to buyers in Canada.  Comment before PM.,muhammad1236,0,5,11re2md
1678817843,2023-03-14 18:17:23,2023,03,"[US-NC] [H] 5x GMK Zooted x RAMA Glow Keycaps, 4x GMK Zooted x RAMA Keycaps, GMK Bento R2 x RAMA Ō [W] PayPal","[Timestamp](https://imgur.com/a/JV0gLTO)  Hello MechMarket, I am looking to sell some items:  |Item|Status|Price|Description| |:-|:-|:-|:-| |GMK Zooted RAMA Glow Keycap (4:20)|5 Available|$65 + shipping|Unopened, BNIB GMK Zooted RAMA Glow Keycap| |GMK Zooted RAMA Keycap (Leaf)|4 Available|$60 + shipping|Unopened, BNIB GMK Zooted RAMA Keycap| |GMK Bento R2 RAMA Ō|1 Available|$60 + shipping|Unopened",ClickClack919,0,2,11rdvjw
1678817762,2023-03-14 18:16:02,2023,03,[US-KS] [H] Zowie Celeritas II Divina Pink [W] PayPal,[deleted],[deleted],0,3,11rdu9g
1678817598,2023-03-14 18:13:18,2023,03,[EU-DE] [W] Vilebloom DSA Keycap set. base-kit + Novelties + Specialties,[removed],Dudemeister0209,1,1,11rdrgs
1678817389,2023-03-14 18:09:49,2023,03,"[US-MN][H] GMK Minimal, GMK DMG, GMK MoDo 2, CYSM Artisans, and NRD Nest [W] PayPal","[Timestamp](https://imgur.com/gallery/MWDD6nt)  &amp;#x200B;  Looking to sell some GMK sets, CYSM Artisans and an NRD Copper Nest.  Prices are invoiced and include shipping to CONUS, willing to ship outside if shipping is covered.  &amp;#x200B;  ~~White Sabbia Terrazzo Keyby - $125~~ SOLD  ~~Punisher Keyby - $100~~ SOLD  ~~The Great White BITE - $150~~   SOLD  ~~GMK DMG R2 Like New (Base + Spaceba",Chadtucket_,0,15,11rdo0n
1678817377,2023-03-14 18:09:37,2023,03,"[US-CA] [H] PayPal [W] Bakaneko65, Ciel 65, Tofu65 2.0, Tofu Jr",[deleted],[deleted],0,8,11rdnue
1678817034,2023-03-14 18:03:54,2023,03,[US-MA] [H] Paypal [W] GMK CP 6.25 spacebar,"Hello,  Looking for GMK CP 6.25u spacebar (unused, preferably GMK Yuru). Specifically white color (CP) that GMK yuru, classic red, red alert etc offer.  Please comment before PMing. Thanks and have a good day!",Maskedman0828,0,2,11rdi4w
1678816413,2023-03-14 17:53:33,2023,03,"[EU-PT] [H] Purple WKL Prophet, extra Prophet pcb, extra Prophet plates [W] Paypal","[timestamp](https://imgur.com/a/sBPVmCM)  [more pictures of the board](https://imgur.com/a/n9ryMsg)  &amp;#x200B;  Hey guys looking to sell:  &amp;#x200B;  **Prophet**  **Color**: Cerakoted Purple top  **PCB**: 1x  **Plate: PP**  All Original Acessories included (carrying case etc)  **Condition**: Very good  *(keycaps arent included, switches arent included, stabilizers arent included)*  **Price: ",JKratos,0,2,11rd7qr
1678816269,2023-03-14 17:51:09,2023,03,"[US-CA] [H] Paypal, Local Cash [W] Soju Switches","Looking for 70x, please comment before pm",crescentmoonhaircut,2,4,11rd5f1
1678816110,2023-03-14 17:48:30,2023,03,"[US-CA] [H] Red Salvation BNIB, 21KB Arabic 2.0 Keycaps. [W] Paypal, Venmo, Zelle",[removed],kimchijodyboi,1,1,11rd2q2
1678815391,2023-03-14 17:36:31,2023,03,"[US-NY] [H] Grey Fjell R4, Grey Klippe R3, BNIB Godspeed75, Black PC Think6.5 V1, PC Canoe 60 [W] Paypal","Fjell timestamp -  [https://imgur.com/tWGmyJb](https://imgur.com/tWGmyJb)  Klippe timestamp -   [https://imgur.com/LJh8Wdv](https://imgur.com/LJh8Wdv)  Godspeed timestamp -  [https://imgur.com/x1GBNj9](https://imgur.com/x1GBNj9)  Think6.5 timestamp -  [https://imgur.com/fE6AMCY](https://imgur.com/fE6AMCY)  Canoe timestamp  -  [https://imgur.com/tcnfz5t](https://imgur.com/tcnfz5t)  hello, clearing ",michaeeeeel,1,6,11rcqlm
1678815324,2023-03-14 17:35:24,2023,03,"[UK] [H] Mekanisk Tind, WilbaTech WT60-G, Mekanisk Tind Plate, Angel65 [W] Paypal, Trades"," [timestamp](https://imgur.com/a/uVfDOwm)  Hi,  I am trading in some keyboards with extras.  * Angel65 by Cable Car Design.       * E-White colour    * PP plate    * H1 Switches broken down, lubed and filmed with krytox, Spring swapped to 55g TX springs.    * TX Stabs lubed with 205g0 + 105g0 50/50 mix    * Carrying case included    * Asking 275GBP shipped to the UK (If shipped internationally, we",MagicElyas,0,3,11rcpid
1678815040,2023-03-14 17:30:40,2023,03,[US-DC] [H] Nuphy air 75 brown switch [W] local cash PayPal,"https://imgur.com/a/oQRTpMB  Nuphy air 75 brown switch. Used for an hour but prefer halo. Comes with everything in original packaging.   Asking $85+ shipping, or meet locally in DMV",h197377,0,2,11rckl3
1678814599,2023-03-14 17:23:19,2023,03,[Artisan] BhomassCaps Cotton Candy raw ehg,The caps are Mx style.raw ehg is 50.00  spiralcap and SQSH are 45.00  The form will be open for 9hrs   shipping is :  CONUS - $5.00  OCONUS - $15.00  Thank you for the continued support!   [Form](https://forms.gle/BmfXczr6tPeL6sXW7)  [Photos](https://imgur.com/a/3SlW4rs),PoisonTheWhale,1,1,11rcdc3
1678813417,2023-03-14 17:03:37,2023,03,[Artisan] Sleepy Series Keysune Raffle Sale - Matae Keycaps,"Form: [https://forms.gle/37eE6a1iC32nCtRWA](https://forms.gle/37eE6a1iC32nCtRWA)   Imgur: [https://imgur.com/a/Fj8KoXP](https://imgur.com/a/Fj8KoXP)   Sale form will be opened for 24 hours.  Invoicing will start right after the form has closed  Keycaps: Keysune (MX Stem)  Price: USD 50  Shipping: USD 1-18  Thankyou for your support, stay safe and healthy everyone❤️",mataekeycaps,2,1,11rbtsh
1678813352,2023-03-14 17:02:32,2023,03,"[US-CA] [H] PayPal, Local Cash [W] Hex.6C PCB (hotswap or solder)","Hi all,   My dumbass spilled water all over my hex.6C and the PCB (and possibly daughterboard) is completely dead, so I'm looking for someone that has an extra they'd want to sell me; it can be either hotswap or solder, I don't have any preference. Daughterboard is a plus but not necessary, I can get that somewhere else.  Thanks everyone. Local 91733",functionalism,2,2,11rbsqg
1678813102,2023-03-14 16:58:22,2023,03,[US-NY][H]PayPal [W] Mammoth20 White Wireless,"\[US-NY\]\[H\]PayPal \[W\] Mammoth20 White Wireless  Hey guys, looking to get a mammoth20 white wireless to match my aesthetic. Let me know if anyone has one for sale. Thank you",ToxicEditor,1,3,11rbodn
1678812444,2023-03-14 16:47:24,2023,03,[Artisan] T-Art Carbon Collection,"   Hi fellas,  We bring you some Carbon artisan keycaps in this collection  [Image](https://imgur.com/gallery/5r3lHgo)  Information:  * Carbon Huskey: 55$ * Carbon Drake: 55$ * Carbon Bull: 55$ * Carbon Bunniez: 55$ * Carbon Catronaut: 55$  International shipping fee is 15$  You can join here: [Form](https://forms.gle/k1GTmKE2xWiNMKTn7)  Thank you so much for reading",pemap09,2,1,11rbdif
1678812407,2023-03-14 16:46:47,2023,03,[US-MA] [H] Paypal [W] HHKB Snow 25th Anniversary Edition,"Hi all,  I'm looking for a printed HHKB snow 25th-anniversary edition. Thanks!",vendetta157,1,2,11rbcx4
1678812127,2023-03-14 16:42:07,2023,03,"[EU-ES] [H] Paypal, Revolut [W] Zoom TKL EE Internal Weight",,paulvgx,0,2,11rb8at
1678810624,2023-03-14 16:17:04,2023,03,[UK] [H] Paypal [W] GMK Kaiju Barriers and Deskmat,"Looking for (in acceptable condition):  \- GMK Kaiju Barriers Set, or just individually the orange 6.25u spacebar  \- GMK Kaiju desk mat (have looked literally everywhere for this)",gstfs,1,3,11rajkq
1678810491,2023-03-14 16:14:51,2023,03,[IC] PBT RGBEnglish!,"[RGBEnglish on Serendipity!](https://i.imgur.com/hqNEUiA.jpg)  Hello there, welcome to the RGBEnglish Interest Check! This set started off as a simple, silly idea based on other busy language sets. I wanted to use brighter colors as opposed to matching the stock GMK colors that are often used for RGB kits. The set is dyesub PBT, using PKaps as a manu. It's been in the works for almost a year now, ",haunterloo92,66,17,11rah93
1678810450,2023-03-14 16:14:10,2023,03,"[US-WA] [H] PayPal [W] Space65 R3 HotSwap PCB, plate foam, and POM plate","Just the pcm, foam and plates, not the keyboard itself",scishock,1,2,11ragl5
1678810347,2023-03-14 16:12:27,2023,03,"[BR] [H] TGR 910 RE Poly, Hyperfuse Brobot, RAMA Keycaps [W] Norbauer Keyboards, Paypal","Selling some things or looking to trade for Norbauer keebs  [Timestamp](https://imgur.com/a/88JnKEx)  &amp;#x200B;  |Item|Price| |:-|:-| |TGR 910 RE Polycarbonate “NIB” except no original box, includes brass plate and 1x PCB. Original owner. The board is flawless with zero scuffs or scratches. Weight has never been taken out of its wrapping except for the picture|SOLD| |Hyperfuse Bot by BroCaps (M",HippiePete,0,4,11raevb
1678809939,2023-03-14 16:05:39,2023,03,[IC] Tinyland Series Deskmats + Giveaway,[Photo Gallery (Renders)](https://imgur.com/gallery/3T6FAq7)  This latest series of deskmats by **Matías of Pigmodding** is a throwback to the nostalgic 16-bit video game maps of yesteryear! These are perfect for anyone into the retro gaming aesthetic!  Help us choose which colors to run for the GB by responding to the [IC Form](https://docs.google.com/forms/d/e/1FAIpQLSef7zXbWE7-8TnNL6rvJNcHBuiZU,CannonKeys,21,8,11ra7zl
1678809602,2023-03-14 16:00:02,2023,03,"[US-CO][H] Typemachina/TGR Jane 1.5 TKL, GMK Mr Sleeves R2, GMK Oblivion R2 Regular Base + Function Kit, GMK Modo 2 Command Kit, Alpaca V2 Stems + Top Housings, Kailh Parts, Cherry MX Black Hyperglide Parts, TGR Jane V1 FR4 Plates [W] Paypal, Local cash","  ## [**TIMESTAMPS**](https://imgur.com/a/Lkvyz55)  Hi MM,  I'm cleaning out my closet and unloading some things. All prices are negotiable. Feel free to make offers, particularly on the miscellaneous parts.  Orders will ship USPS and anything below $200 is limited to CONUS buyers only. No exceptions.  Payments must be made via PayPal invoice or cash if in the Denver/Boulder/Front Range area.  Key",forkbombctl,0,9,11ra1zn
1678809467,2023-03-14 15:57:47,2023,03,[US-MA] [H] GK61 optical keyboards with extra switches [W] PayPal,"[Timestamp](https://i.imgur.com/MKwTbBV.jpg)  [Gallery](https://imgur.com/a/j3iqbEZ/)  Great starter boards for someone wanting to try mechanical keyboards on a budget, or to use as displays for keycaps.   -	2 x GK61 optical keyboards -	Tapemodded and added foam -	Brown and yellow Gateron optical installed, with blue Gateron optical added as an extra -	One extra 3D printed boat keycap for fun disp",jonasrosland,1,5,11r9zsx
1678809288,2023-03-14 15:54:48,2023,03,"[US-IN] [H] Keycaps, Artisans, and Primus 75% [W] Paypal","[Timestamp](https://imgur.com/a/KTrvtB1)  &amp;nbsp;  Selling the items below. Click on item links for additional pictures.  &amp;nbsp;  **Keycaps**  |**Item**|**Price**|**Description**| :--|:--|:--| |GMK Mudbeam|$135|Base kit, BNIB/Sealed| |[GMK Mudbeam](https://imgur.com/a/0XkjvLg)|$125|Base kit, used for a short amount of time, no shine| |[GMK Grand Prix](https://imgur.com/a/0XkjvLg)|$140|Base ",noe_kb,4,5,11r9wvy
1678808901,2023-03-14 15:48:21,2023,03,[US-IL] [H] Twitch Mechanical Keyboard [W] PayPal,"[Timestamp](https://imgur.com/a/sGsf6u5)  I have a new Twitch Mechanical keyboard. Only opened for inspection, testing, and pictures.  * Layout: 68% * PCB: Hot Swap * Keyboard case: plastic 315mm X 105mm X 35mm * Keycaps: Twitch themed purple and white double injection\* ABS/PBT\*\* (the caps themselves feel PBT) * Switches: Outemu Box Purple (Tactile switches) * Stabilizers: Plate mounted * RGB L",balistic2,0,4,11r9qfo
1678808093,2023-03-14 15:34:53,2023,03,[US-NC][H]PPC Nakama Artisans[W] Paypal,"timestamp: https://imgur.com/a/YnHsCwM    Selling four of my Pretty Petite Crafty wins:    ~~Glass Evergreen~~, Love at First Sight, ~~Sunshine~~ and Nimbus    $95 each, or $360 for all four    Bundles have priority, otherwise fcfs",xyniden,1,4,11r9dca
1678807900,2023-03-14 15:31:40,2023,03,"[NO] [H] Kepler, FC65, Iron180, Austin, GMK Noel, Gmk Analog Dreams, GMK Hero ++[W] Paypal",[removed],[deleted],0,17,11r9aah
1678807427,2023-03-14 15:23:47,2023,03,[US-GA] [H] BNIB Pixelspace Capsule 65 Electrophoresis Yellow [W] Paypal,"[Timestamp](https://imgur.com/a/7gOoQDf)  \[SOLD\]  ~~BNIB Capsule 65 Electrophoresis Yellow, FR4 plate, Solder PCB (ANSI/ISO), Anodized Alu (Gunmetal) back accent~~  ~~450$ Shipped~~  Selling because I only use 60% keyboards now",7643109,0,5,11r92rq
1678807152,2023-03-14 15:19:12,2023,03,[US-NY] [H] Paypal [W] QK75,[deleted],[deleted],0,2,11r8y8g
1678806975,2023-03-14 15:16:15,2023,03,[US-IL] [H] PayPal Sonnet Gold Bottom. [W] Mode Sonnet Pc Bottom,[removed],catsRtheShitt,1,0,11r8vh1
1678806876,2023-03-14 15:14:36,2023,03,[USA-NY] [H] Paypal [W] QK75,[removed],[deleted],1,3,11r8twj
1678806757,2023-03-14 15:12:37,2023,03,"[EU-PL] [H] Frog TKL, Focus FK555 [W] Paypal, Matrix 3.0","Hey r/mechmarket! Selling stuff that I dont use, so that I can buy other boards. I can ship worldwide for cheap. [Timestamp](https://imgur.com/a/0qg7rPB)  I'm looking for Matrix 3.0, hit me up with any variant      &amp;#x200B;  |**Item**|**Description**|**Price**| |:-|:-|:-| |Burgundy Frog TKL, WKL F13|a-stock, comes with 2x pcb (Hiney H88c, and patchi). Stock alu and pom plate, custom cut steel ",Zaksin,0,2,11r8rzd
1678804190,2023-03-14 14:29:50,2023,03,"[US-WI] [H] Paypal [W] GMK Modern Dolch, GMK Delta, GMK Cafe, GMK 8008",[deleted],[deleted],2,7,11r7mrc
1678803755,2023-03-14 14:22:35,2023,03,[US-MD] [H] Cash/Paypal [W] Keycult 2/65 Powdered,Not sure what my luck is and whether these two sales were just diamonds:   [https://www.reddit.com/r/mechmarket/comments/11czeiy/ustx\_h\_commissioned\_keycult\_no265\_w\_paypal/](https://www.reddit.com/r/mechmarket/comments/11czeiy/ustx_h_commissioned_keycult_no265_w_paypal/)  [https://www.reddit.com/r/mechmarket/comments/11fulrt/usgah\_keycult\_265\_powder\_white\_astock\_wpaypal/](https://www.r,imnotuglyyouare,0,3,11r7g4f
1678803362,2023-03-14 14:16:02,2023,03,"[CA-ON][H] Artisans [W]bbc, bogan, bongo,artkey, Tiny x Dwarf factory","Hi [r/mechmarket](https://www.reddit.com/r/mechmarket/)  [Timestamp](https://imgur.com/a/s93mTul)  Hope everyone is staying safe.  WTS Rosegold crin - Rosegold crin - built with l + f pinokos 62g tx springs, extra solder pcb. $500 (keycaps are not included)  WTT/WTSRed WKL Cloudline - built on pom plate from hypekeyboards with l + f gat oil kings, extra solder pcb. $900 (keycaps are not included) ",ligongduck,2,2,11r7a4d
1678802562,2023-03-14 14:02:42,2023,03,[US-MA][H] GMK DEKU [W] PayPal,"Selling GMK Deku base kit, 40s kit, and desk mat. Take everything for $100 plus shipping.  https://imgur.com/a/JJXWGdV",SpikeSpiegel47,11,12,11r6xy7
1678802322,2023-03-14 13:58:42,2023,03,[US-GA] [H] PayPal [W] Osume Winterglow Base + Novelties,Looking for Osume Winterglow base set + novelties! Used or new both okay!,xTroubleMaker,1,4,11r6u15
1678800920,2023-03-14 13:35:20,2023,03,"[SG][H] Sagittarius | Pandora 60 | GMK Masterpiece, Demon Sword [W] PayPal","[Cover Image](https://imgur.com/a/O8aMdkZ) | Timestamps and pictures in their respective listings below  All items are from GB and not extras, A- Stock or B Stock.  Able to ship internationally US, EU, AU with registered and insured priority tracking mail. All prices are negotiable and sold at BELOW cost price. Feel free to contact me if any additional information is needed.  ## Keycaps  |**Item**",Valduric,1,2,11r6a07
1678800903,2023-03-14 13:35:03,2023,03,"[UK][H]GMK wasabi R2, GMK Fuji, GMK Peach and Cream R2, Lancelot, Sushi, RAMA LNY [W] Paypal","[TIMESTAMP](https://imgur.com/a/2New7Ud) Selling all below retail  |Item|Desc|Price| |:-|:-|:-| |GMK wasabi R2 + spacebar kit|Brand new|£140| |GMK Fuji + addition kit|Brand New|£170| |GMK Peach and Cream R2|Sealed, Brand New|£100| |Geekark Lancelot (Frontier)|Used |£75| |ePBT Sushi|Used (Bought on Ali express) No idea if its genuine or clone, thats why the low price |£20| |RAMA LNY tiger 1u (3)|Br",SXLightning,2,4,11r69p9
1678800384,2023-03-14 13:26:24,2023,03,[IC] Nekomata Deskmat,"Hello everyone,  I had the pleasure of teaming up with [@Serpientemimosa](https://twitter.com/Serpientemimosa) to design a beautiful deskmat. She drew inspiration from a famous Japanese folklore cat and created a unique design that we are excited to share with everyone.  [https://imgur.com/gallery/uRFTPoa](https://imgur.com/gallery/uRFTPoa)  # &gt; [FORM](https://forms.gle/Z7YSx8FJnheVixn2A) &lt; ",nik005566,1,2,11r62jj
1678799996,2023-03-14 13:19:56,2023,03,[CA-ON] [H]Built Rama U80-A Seq 2 Soya [W] Local Cash or PayPal,I built this a year ago but it has not really made my rotation.  Has been used less than 2 weeks so essentially brand new.  It's time to clear some space and reduce the collection.  What's included/Specs  \-Rama U80-A Seq 2 Soya Solder 10/10 condition  \-Frankenswitch (Raed Pandas pom panda housing with a Raed Stem and TX 67g springs).  I'd honestly love to keep these but they are soldered on.  \-,MrBang416,1,6,11r5wzx
1678799688,2023-03-14 13:14:48,2023,03,[UK] [H] bnib GMK hammehead dark base [W] paypal,"pics &amp; timestamp:  [https://imgur.com/a/5fAqVom](https://imgur.com/a/5fAqVom)  ~~I've  never used these keycaps as I have switched to colemak, so I'm putting  up bnib GMK hammerhead dark base for £110, shipping included within the UK~~ sold  thank you for looking at my post!",Philip__james,1,7,11r5spo
1678799370,2023-03-14 13:09:30,2023,03,"[UK] [H] Sangeo65, L&amp;F Cerulean Switches, Lubed Ajazz Banana Switches [W] PayPal",[deleted],[deleted],0,4,11r5oba
1678799181,2023-03-14 13:06:21,2023,03,[NO] [H] PayPal [W] TGR Tomo Hotswap PCB,PM if you have a Tomo Hotswap pcb for sale.,benvang,0,3,11r5lsy
1678799113,2023-03-14 13:05:13,2023,03,[Bulk] Premium Cerakoted Cables Ready to Ship,[Timestamp](https://i.imgur.com/fkhbW61.jpg)  Galleries of Images:  [Classic Black &amp; Silver](https://imgur.com/a/nVGYWHH)  [Blackout](https://imgur.com/a/o75FduR)  [Stormtrooper BoW](https://imgur.com/a/sI1htgT)  [Armor WoB](https://imgur.com/a/x5X3Z3C).  **UK Based. Ready to ship worldwide. All Prices in US Dollars.**  |ITEM|AVAILABLE|DETAILS|PRICE (US Dollars)| |:-|:-|:-|:-| |Classic Silver ,kool-keys,1,4,11r5ktj
1678798416,2023-03-14 12:53:36,2023,03,"[US-DC] [H] Mode Sonnet - Silver Top, PC Bottom, Copper Accent &amp; Inner Weight, + more (MINT CONDITION) [W] PayPal",[deleted],[deleted],0,15,11r5bh1
1678798324,2023-03-14 12:52:04,2023,03,"[SG][H] TGR 910 v2 ME Silver/Pink, LW67 E-white, GMK Hallyu, KAT Hyperfuse, 21kb ASCII Black [W] Paypal",[removed],alpacaY,1,0,11r5abd
1678798321,2023-03-14 12:52:01,2023,03,"[US-NJ][H] Cash / Paypal [W] Aflion Tropical Waters , Gateron Cream Soda , Gateron Milky Yellows, MX Stems, MX Bottoms","Hey y'all! Looking for the following things!     1) Aflion Tropical Waters Switches : 70-90   2) Gateron Cream Soda Switches : 70 - 90   3) Gateron Milky Yellow Switches  : 70 - 90   4) MX Stems, Ideally something UMWHPE   5) MX Bottoms, Ideally something JWK or Nylon   6) Light Springs : 45-60g",Pitagoy,0,3,11r5a9y
1678795641,2023-03-14 12:07:21,2023,03,[EU-DE][H] HHKB Type-S Snow Pro Like-New [W] PayPal,"**SOLD**  [Mandatory timestamped album](https://imgur.com/a/EZutxGZ)  # Reason to sell  I bought this HHKB Type-S Snow Pro in January 2023 from HHKB's official store on AMZ. 1-2 weeks later, I realized that I have tennis elbow and my left pinky would get numb from typing on my Leopold keyboard. This keyboard is a *collection item*. I've only put in the battery and tried it for a few minutes. Box i",nahuak,0,4,11r4d8b
1678794423,2023-03-14 11:47:03,2023,03,"[Store] Unicorn Cables EU | In-Stock cables on SALE! | LEMO In-Stock | NEW! 90 Degree Angled CNC USB Housing | FEMO Connectors in 36 colors | Keycaps themed cables (Bingsu, Botanical, Darling, Oblivion, Striker, Frost Witch, Modern Dolch, Hammerhead etc.) | DIY USB Cable Kit","[Unicorn Cables](https://unicorncables.com/) · [Gallery](https://unicorncables.com/gallery/)  · [Discord](https://discord.gg/D24SFgt45b) · [Instagram](https://www.instagram.com/unicorncables/) · [Contact Us](https://unicorncables.com/contact-us/)  &amp;#x200B;  Hi r/mechmarket, Peter here from Unicorn Cables[!](https://imgur.com/a/th7xBP9) We are a small cable making business based in Slovenia, Eu",TheeRevolution,24,1,11r3yv7
1678792619,2023-03-14 11:16:59,2023,03,"[JP] [H] SEGA HTR-2106, Cherry G80-5000 Ergo Plus, Alps Skcm Brown, Skcl Green, Hirose Cherry Mx Orange [W] Trade, Paypal",[deleted],[deleted],3,3,11r3eq8
1678790164,2023-03-14 10:36:04,2023,03,[US-HI] [H] Paypal [W] QK75 Wireless,[removed],mikedubsyoo,1,0,11r2ouc
1678789808,2023-03-14 10:30:08,2023,03,[SG] [H] TGR 910 v2 ME blush pink [W] PayPal,"Timestamp: https://imgur.com/a/E9JuzGH   LNIB TGR 910v2 ME blush pink case and silver backplate, includes all accessories and hotswap pcb, taken out only to inspect  Asking for 950USD inclusive of Shipping      Thanks.",Tutti3344,0,3,11r2l7v
1678789722,2023-03-14 10:28:42,2023,03,[US-CA] [H] PayPal [W] GMK Red Alert Base / Cyrillic / Number Row,Hoping to get some kits PM me what you got!,audax989,1,3,11r2kf6
1678787822,2023-03-14 09:57:02,2023,03,[AU] [H] Paypal [W] GMK Red Samurai Caps Lock Keycap and Gold Enter Keycap,[removed],mettp10,1,0,11r21zq
1678787300,2023-03-14 09:48:20,2023,03,[UK] [H] BNIB GMK HAMMERHEAD DARK BASE [W] PAYPAL,[removed],Philip__james,1,3,11r1x7f
1678785895,2023-03-14 09:24:55,2023,03,"[US-PA] [H] Jelly Epoch SSE, GMK Moomin Base, Novelties, Accent/Spacebars, Micro, GMK Fuji RAMAs [W] Paypal, local cash, Jelly Epoch Popcorn","[https://imgur.com/a/nf70bdA](https://imgur.com/a/nf70bdA)  &amp;#x200B;  I'm looking to trade my jelly Epoch SSE for a Jelly Epoch Popcorn. one for one. preferably locally. the weight is in great condition. there isn't any damage on it that i can find. there is a very small black dot in the weight PVD, but that's how it came. check the video in the imgur timestamps.  includes a hotswap PCB, hotsw",shocktop047,0,10,11r1k0f
1678784661,2023-03-14 09:04:21,2023,03,[US-NY] [H] PayPal [W] Lubed &amp; Filmed Zealios v2,[deleted],[deleted],1,2,11r18a2
1678782686,2023-03-14 08:31:26,2023,03,"[US-CA][H]Alee keycaps CE Yor, Toffee 02, Osume Matcha Hiragana Base r1 [W]paypal, trades",[Timestamp](https://imgur.com/a/dvPnQH0)  Comment before PM. All items are shipped CONUS. Open to offers.  CE Yor - $160/trades  Toffee 02 - $130/trades  Osume Matcha Hiragana Base r1 - $90,Elegant_Button_8187,2,8,11r0pv4
1678781818,2023-03-14 08:16:58,2023,03,[US-AZ] [H] PayPal [W] IFK Delight keycaps &amp; E-White Hex 6c,Ifk Delight Keycaps needed asap for my wifes bday! Hex 6c is for me lol thanks in advance! :),GenericGio,2,5,11r0hb0
1678779869,2023-03-14 07:44:29,2023,03,"[US-CA] [H] Paypal, Local Cash [W] Mammoth20, Keychron q0 Plus, Sun20 pro","Don't really wanna crowd title too much. Pretty much looking for a numpad. I do prefer wireless, but am open to looking at most numpads, shoot me a PM. Not interested in the GMMK numpad.",hidelater,1,7,11qzysf
1678778210,2023-03-14 07:16:50,2023,03,[US-WA] [H] GMK NAUTILUS 2 X RAMA [W] Paypal,"[Timestamp](https://imgur.com/a/W3N9EuJ)   GMK Nautilus 2 x RAMA artisan keycap: $100 USD shipped, includes priority shipping  All items are brand new and sealed as they arrived!   Price w/ included shipping for US shipping only! For worldwide first class shipping please PM! Comment before PM, no chats please!",throwawayfodaq,2,4,11qziub
1678777771,2023-03-14 07:09:31,2023,03,[EU-DE] [H] GMK Hammerhead Dark + Euro [W] Paypal,"[Timestamps](https://imgur.com/a/LTH9Pr0)  Hello,  ~~I am looking to sell a factory sealed Hammerhead Dark base kit plus Euro Kit for €200. It was purchased through CandyKeys.~~  Price excludes shipping. I'd prefer selling within the EU and sending with DHL (tracked).  Please comment before PM. Thanks!  &amp;#x200B;  SOLD",Necropaws,3,8,11qzej3
1678777762,2023-03-14 07:09:22,2023,03,[AU] [H] Navy 7V [W] PayPal," [https://imgur.com/a/QVN6azC](https://imgur.com/a/QVN6azC)  https://imgur.com/a/cyMRBKx (all images)  WTS 550USD Shipped negotiable  Navy Blue 7V, includes PC plate, foam, PCB, and lubed Staebies. Switches are not included. Will be shipped in the original box. Minor nick on the case and hairline scratches on the weight. More images available on request",Jamzes2212,2,7,11qzeg9
1678776584,2023-03-14 06:49:44,2023,03,"[US-CA] [H] GMK Fuji [W] Paypal, Local Cash","Timestamp: [https://imgur.com/a/BudJoVl](https://imgur.com/a/BudJoVl)  Hi everyone,  Everything is still sealed:  &amp;#x200B;  GMK Fuji Katakana Base ( ~~x3~~  x2) ------- $150 + shipping OBO /each  &amp;#x200B;  CONUS only. Comment before PM.  Local to 95148.",Erikhuynh2411,0,6,11qz2ft
1678775659,2023-03-14 06:34:19,2023,03,"[US-CA] [H] 70x Gateron Pro Yellow 2.0, 60% Kinetic Labs Whale PBT Keycaps [W] Cash-Local",[removed],[deleted],1,4,11qyt7d
1678774953,2023-03-14 06:22:33,2023,03,[US-FL] [H] Matrix 8xv 3.0 McFlurry WKL [W] PayPal,[deleted],[deleted],0,5,11qym22
1678774323,2023-03-14 06:12:03,2023,03,[Artisan] Pixart x DCcaps - Spaceboi Laser Raffle,"   [Form](https://forms.gle/5CrEC5Efqxz13RLo6)  [Album](https://imgur.com/a/SQXaxCW)  Hello everyone, let's go to the Mars with the Spaceboi  Raffle Information:  * Colorway: Laser * Price: 85$ * Quantity: 10 * MX Stem * Raffle time: 8 PM ICT March 14 - 24 hours * Shipping and handling: 1 week * International shipping: 15$ with tracking number - delivery time: 7 to 25 days.  Raffle Rule:  * We wil",linhtnn,2,1,11qyfe1
1678773634,2023-03-14 06:00:34,2023,03,[US-AZ] [H] PayPal [W] GMK Monokai Material,"looking for the base kit, ideally not too much use, I don't mind if it's shipped on bags.",Contrituss,1,4,11qy7v2
1678773477,2023-03-14 05:57:57,2023,03,"[US-OR] [H] Artisans (Shirouu, Coconut Caps, Cysm Keyby) [W] Paypal",[Artisans](https://imgur.com/a/uRbG6tT) The more you buy the better deal! All prices are OBO please make offers :) Icey Mask Shirouu - 175 Oblivion DJ peng - Sold Panda Deag Bean - 75 Klaykaps - 50 each Garnet Keyby - 75 Christmas DMG’s 70 each Coconut Melly - 50,Slow-Tank-2104,1,3,11qy63v
1678773241,2023-03-14 05:54:01,2023,03,[H] PayPal [W] PBTFans Neon kit and Red Crosshair Alphas,[removed],SnVzdGlu,1,0,11qy3o2
1678773239,2023-03-14 05:53:59,2023,03,[EU-DE][H] Dalco 959 mini GT [W] PayPal,[deleted],[deleted],0,2,11qy3nb
1678768940,2023-03-14 04:42:20,2023,03,"[US-MA][H] Gmk Awaken [W] Paypal, gmk godspeed Armstrong",GMK Awaken (Neo Tokyo Base kit) mounted once or twice and used for about 2 weeks $100 shipped or trade for Gmk Godspeed   https://imgur.com/a/b2XtwQb,SV_Cadet,2,2,11qwsrb
1678768645,2023-03-14 04:37:25,2023,03,[US-OR] [H] Modded Drop ALT 65% low profile keyboard [W] PayPal," Hello I’m selling a DROP alt 65% keyboard which is low profile, black case. Keyboard has been used for only a couple months. Since then it’s been modded with the following, lubed the kaihua speed silvers with krytox 205 grade 0, added new durock clear plate mounted stabilizers which are lubed with krytox 205 as well, levias dampener pads for under the stabs, and also added stupid fish foam. If yo",ikanikTTV,0,2,11qwpgw
1678765998,2023-03-14 03:53:18,2023,03,"[US-TX] [H] Entry Level 75% keyboard / kits [W] Paypal, Local Cash","[timestamp](https://imgur.com/a/g1buxsy)   Hi, I am looking to clear my closet by selling some of entry level 75% keyboards and barebone kits.  ID80 v1-Black - barebone $80  Minor blemish from usage and It comes with an acrylic bottom.  Akko ACR 75 - Built - $130 Built with Glorious Panda, hand lubed + comes with cloned version of arctic keycap set.  Stabs are solid &amp; ironclad.  James Donkey A",pasak1987,1,3,11qvu98
1678765836,2023-03-14 03:50:36,2023,03,"[US-FL] [H] Alpine65 E-White A-Stock [W] PayPal, Local Cash",[Timestamp](https://imgur.com/a/GLSvVhB)  \-Board has no visible flaws  \-I can provide more pictures through discord if needed  \-Will come with a total of 3 plates (all different material)  \-Original packaging will be included along with stabs seen on timestamp without additional cost  &amp;#x200B;  PRICE - $310 Shipping included,Flat_Injury_2936,1,4,11qvs9u
1678765364,2023-03-14 03:42:44,2023,03,[CA-ON] [H] Built Doro67 E-white extra PCB [W] PayPal,"[Timestamp](https://imgur.com/gallery/4CdPIJK)   Selling a Doro67 E-white built with Holy Pandas, and Durock V2 stabs.   (both switches and stabs are lubed with 205g0)   I added PE foam and case foam + tape mod.  Asking: 225$ USD + Shipping. Open to offers  [Extra photos](https://imgur.com/gallery/WVpYgHb)  The board comes with the original box, spare solderable PCB, and spare daughter board.   Th",migbrgd,2,2,11qvmnd
1678765204,2023-03-14 03:40:04,2023,03,[US-CA] [H] BNIB Black Sangeo60 HHKB [W] Paypal,"[~~https://imgur.com/gallery/QxfqhU1~~](https://imgur.com/gallery/QxfqhU1)  ~~Selling Sangeo60 HHKB Black, brand new in box, comes with a carrying case.~~  ~~Full specs here:~~  [~~https://www.monstargears.com/51/?idx=421~~](https://www.monstargears.com/51/?idx=421)  ~~NOTE that the stock PCB is solder only, you can buy the DZ60 hot swappable version on KBDfans though.~~  ~~As usual, comment befor",HaldenBiscuit,1,6,11qvkmd
1678764884,2023-03-14 03:34:44,2023,03,"[US-CA] [H] Cheap Budget Keyboard and Switches (NK65 Aluminum, GMK Laser, Kbdfans 5 degree) [W] Paypal, Local Cash","Local: 92683/OC Area  Timestamp: [https://imgur.com/a/1QpFEoK](https://imgur.com/a/1QpFEoK)  \- NK65 Black Aluminum w/ Lubed stabs and PE Foam, Carrying case, cable, GMK Laser + Novelties (Only enough keycaps for the board and all the F keys + 1 extra novelty), and Lubed Gateron Oil Kings - 210 + shipping Can sell switches separately (71x Oil Kings) for 60 shipped. Can swap out Oil Kings with Hako",Gedsuo,1,3,11qvgpu
1678763922,2023-03-14 03:18:42,2023,03,[US-VA] [H] Durgod k310 silent red + cherry MX board 3.0s cherry red silent + SK61 Gateron Milky Yellow Lubed[W] PayPal,[Timestamp](https://imgur.com/a/i3Py8qm)  two keyboards lubed  50 for k310 (factory cherry silent)  30 for cherry mx 3.0s (silent red switch lubed)  30 for sk61 (gateron milky yellow lubed),ITPoet,2,6,11qv4ey
1678762951,2023-03-14 03:02:31,2023,03,[AU] [H] Silver Singa Kohaku [W] PayPal,"[Timestamp](https://imgur.com/a/C2ClgSp)  [Close-up photos](https://imgur.com/a/hNYSqUl)  Hey everyone selling my Singa Kohaku in Silver as I am exiting the hobby :( I have too many boards and need to consolidate the collection.  Very lightly used, sat on my desk as a display piece mainly. [Keycaps not included]  **PRICE:** ~~$1600 USD + ship~~ SOLD   Includes:  * One soldered build with lubed Rae",TheFlyDude,0,19,11qus7o
1678762896,2023-03-14 03:01:36,2023,03,[Artisan] Craftkey Valis &amp; Barlas Ozark Raffle Sale,"Hello my friend.   The three of them realized that it could be the sea monster and shadow they witnessed in the previous battle. They decided to stay and continue the investigation to help the villagers return to a peaceful life. Through the villagers' account, not far away inside the forest, there is a place where many strange phenomena occur and there are many monsters, so they dare not go near ",Craftkeycap,1,1,11qurh1
1678761692,2023-03-14 02:41:32,2023,03,[US-VA] [H] Paypal [W] Trio 60 classic silver HHKB,[removed],Oabnuj,1,2,11qubs9
1686536565,2023-06-12 02:22:45,2023,06,"[AU] [H] PayPal, local cash [W] Matrix Hello World badgE",[removed],Comfortable_Neck2562,1,0,147chhu
1686534798,2023-06-12 01:53:18,2023,06,[US-OR] [H] Silver top black botton NASU alice built with zakus on POM [W] Paypal,[timestamp](https://imgur.com/a/0fBvJUR)  super great condition. built with zakus on POM. comes with extra PCB and alu plate + case  &#x200B;  $250 shipped to CONUS,rArithmetics,3,2,147bvzn
1686534668,2023-06-12 01:51:08,2023,06,"[US-FL][H] GamaKay LK67, Nico & Steph Arisu, SA Carbon Number Row Kit, MT3 Dusk & Susuwatari, Drop Artifact keycap set, BroCaps Deskmat [W] PayPal","TS: https://imgur.com/a/sRQE2Dx https://imgur.com/a/9ltBaks  Cleaning out some stuff I don’t use. Comment then PM. Local to 33013 if you wanna do cash pickup. Otherwise, will be PayPal invoice only for shipping.  Prices include fees and shipping. CONUS only.   ———   Nico & Steph Arisu. Stabs are tuned. Hotswappable pcb. Acrylic matte black. Got this from another r/mm member. Threw on left over Kai",aXaVisuals,1,4,147budf
1686534655,2023-06-12 01:50:55,2023,06,"[US-NY][H] E7-V2 E-White, KAT Refined Base + Mods, ePBT Ramenstop + Plain Novelty Kit [W] Paypal",[deleted],[deleted],1,2,147bu72
1686534389,2023-06-12 01:46:29,2023,06,"[US-CA] [H] Fully Built Matrix ME Black, E-White Mode 80 (2020) with extras, BNIB Green x Black Ginkgo 65, BNIB Axol Studios Yeti Polycarbonate Morganite Pink [W] Paypal",[deleted],[deleted],1,4,147br0s
1686534189,2023-06-12 01:43:09,2023,06,[US-CA] [H] TKC Candybar R3 + IFK Marshmallow [W] PayPal,[deleted],[deleted],1,4,147boi0
1686533271,2023-06-12 01:27:51,2023,06,[Bulk] Broken-in/Lubed/Filmed Switches,[deleted],[deleted],1,3,147bd34
1686532916,2023-06-12 01:21:56,2023,06,"[US-TX] [H] Nom60 Charcoal Black w/ PCB + Foam, MT3 2048 Extended (Alpha/Mods/Accent Mods), MT3 Infinity War [W] PayPal","[Timestamp + Photo](https://imgur.com/a/plLfSIa)  All prices include domestic shipping costs! +$20 for international buyers, please. *Not interested in negotiating*.  **[$180]** Nom60 acrylic board made by Qlavier > Charcoal black, preassembled w/ DZ60RGB-ANSI V2 hot swap PCB, case foam and stabilizers, gently used, looks like new  **[$100]** MT3 2048 Extended keycaps > Includes three kits: alphas",AlexiGingerov,1,3,147b8v4
1686532902,2023-06-12 01:21:42,2023,06,[Artisan] hellbent caps - GMK [redacted] Raffle,[removed],__hellbent,1,1,147b8ow
1686532733,2023-06-12 01:18:53,2023,06,[Artisan] Raykey / neroemon nero raffle,💙Neroemon Nero💙  good! bamboo helicopter 🚁  RAFFLE TIME COMING SOON   2023/06/12 10:00 a.m (GMT+9)  it lasts for 24 hours :)   [RAYKEY Neroemon Nero price]  - NERO : 55 USD per keycap  +The delivery charge : 15USD (Country where only EMS/DHL can be shipped : 30 USD)  [Form of Pay]  - PayPal  [RAYKEY Neroemon Nero package components]  - RAYKEY Neroemon Nero keycap  - RAYKEY Neroemon Nero keycap cas,rlohyezl,3,1,147b6ic
1686532704,2023-06-12 01:18:24,2023,06,[US-TN][H] PayPal [W] GMK Stargaze Deskmat POV,I'm looking for [this deskmat](https://mekibo.com/products/gmk-stargaze-deskmats-in-stock?variant=39862411329596). Let me know if you have an offer!   Thanks.,SSSSquidfingers,1,2,147b65b
1686531924,2023-06-12 01:05:24,2023,06,[US-UT] [H] Portico75 Smoke [W]PayPal,[removed],1uvtravis,1,3,147awlt
1686531541,2023-06-12 00:59:01,2023,06,"[US-CA] [H] axiom studios TYP 60 / TYP60 (Titanium Silver), ePBT SimpleJA R2, Vega Wrist Rest (E-White), Vega POM Plate Universal Full, GMK Monochrome Rama Wave, Deskmats [W] PayPal, Local",[Timestamp](https://imgur.com/a/PUm2H4D)  Downsizing and getting rid of excess stuff. Everything has to go. All bundles and sets are being sold at or below cost. Most of it's been sitting in storage.  Not looking to split any bundles.  **Prices include shipping for CONUS.** Feel free to PM for shipping quotes if international.  Local to Orange County / LA / Southern California area. Prioritizing l,adzukirice,1,6,147arm3
1686531005,2023-06-12 00:50:05,2023,06,[CA-ON] [H] Built Thera75 V1 w/PVD Bottom and BoW MT3 [W] Local Cash,"Timestamp: https://imgur.com/a/ARVzmEc        White Thera 75 w/ PVD weight + Burnt TI badge + DROP Mt3 BoW Keycaps (used for a week only and no shine and includes the rest of the set).        Built with L+F Marshmallows, Alpaca V2 stabs, PE Foam, and 1 case foam        Extra Santa badge + White badge, 2 other case foams        Looking for 380 cad (price is negotiable) local to GTA (mississauga/bra",bwilliamsiu,1,2,147akxz
1686530836,2023-06-12 00:47:16,2023,06,"[CA-BC] [H] QK65, Savage65, Green Jacket Tactiles, KTT roses [W] PayPal, local cash","https://imgur.com/a/pjtpD4d  Selling some stuff for upcoming tuition  QK65 Flawless condition, silver on silver. Comes with aluminum and POM plates, wired hotswap pcb, as well as all the original foams, accessories, and extras. TX AP stabs included. 255$ CAD/190$ USD shipped OBO  Savage65 Lilac, in great condition just one small flaw (in pics). Comes with a hotswap pcb from instant65, as well as a",[deleted],1,4,147aj0o
1686530663,2023-06-12 00:44:23,2023,06,[US-CA] [H] Iron180 Mictlan [W] Paypal,[deleted],[deleted],1,2,147agv8
1686530091,2023-06-12 00:34:51,2023,06,"[CA-ON] [H] qk75 milky white, business grey salvation [W] paypal, cash, matrix 2.0add, hhkbs, tkls","[Timestamp](https://imgur.com/a/HunChfm)   QK75 Milky White  * Pc plate, wired hs PCB * Sandblasted chroma weight * Silver leaf knob * $230USD unbuilt or $280USD built with WS browns and XMI Hebrew red  Salvation Business Grey  * 2 weirdflex PCBs * Fr4 plate (can also include PC plate) * $295USD",goodyhi,1,27,147a9w1
1686529724,2023-06-12 00:28:44,2023,06,"[US-CA] [H] IU tkl milmaxed pcb several plates, d65, ikki68, belafonte decorations, epbt cool kids smilies, gmk metropolis incomplete, gmk carbon r2 boneyard+icon bone extensions, Gmk Noel Hiragana Sublegends, 60%, plates [W] Paypal, trades, boad offers, cloudline, matrix","[timestamps](https://imgur.com/a/604uXSW)  [timestamps](https://imgur.com/a/x2coAM1)  [timestamps](https://imgur.com/a/G7Ei6ea)  &#x200B;  |Iu tkl|B stock, milmaxed pcb with 3305-1, tx stabs lubed with bdz on wries and 205g0 on housings, cf, alu, and pc plates.  Has scuffs pictured. Case is also signed by perry just a cool bonus. Pcb got kind of burnt near one of the sockets but works perfectly fi",Ilovecutomskeebs,0,3,147a5dm
1686529694,2023-06-12 00:28:14,2023,06,"[US-VA] [H] GMK Stargaze, Thoc Artisan [W] Paypal",Timestamp: [https://imgur.com/a/04tRn](https://imgur.com/a/04tRnef)  Both are unopened & sealed. Looking to sell both at the same time if possible.  **$205 Shipped CONUS**,dimpleschan,1,2,147a50q
1686529567,2023-06-12 00:26:07,2023,06,[Meta]The sub will be going dark June 12th to 14th,The moderation team had a thorough discussion about joining the blackout as we understand that this subreddit represents a source of income as well as it being a gateway for many of you participate in the hobby. We ultimately decided to join the blackout.  One reason this community has grown in the way it has is because we're able to actively police it against scammers and respond to user concerns,Deadbolt11,72,37,147a3hd
1686529544,2023-06-12 00:25:44,2023,06,[US-NY] [H] GMK Metropolis R2 Base [W] PayPal,[Timestamps](https://imgur.com/a/cFjYSzf)  Looking to sell my sealed GMK Metropolis R2 base kit for $140 shipped to CONUS.  Please comment before PM (no chats).,VoodooIT,2,2,147a383
1686529495,2023-06-12 00:24:55,2023,06,[US-TX] [H] Paypal [W] Looking for Fully built 75 keyboard,[removed],leon113coi,1,0,147a2kw
1686529327,2023-06-12 00:22:07,2023,06,[US-TX] [W] Looking for Fully built 75 keyboard,[removed],[deleted],1,2,147a0ik
1686528836,2023-06-12 00:13:56,2023,06,"[US-GA][H] Hope75s Milky White/Gold BNIB, GMK Pacific Base + Novelties BNIB, Apple Magic Keyboard [W] PayPal, Local Cash, Trades","Hello   [https://imgur.com/a/5EwLMHR](https://imgur.com/a/5EwLMHR)    Looking to sell a few things as I have changed my mind.   Hope 75S Milky White/Gold, BNIB, Opened to ensure correct items sent. Hotswap PCB, and all original accessories included. $500 Shipped    GMK PAcific BNIB: $200 Shipped   Apple Magic Keyboard $45 Shipped   As for trades I would be looking for PC or Black 65% boards.   Com",Impossible_Egg_9803,1,3,1479u1x
1686528797,2023-06-12 00:13:17,2023,06,[US-MD] [H] PayPal [W] Charon65 by Charue,[deleted],[deleted],2,2,1479tl9
1686528750,2023-06-12 00:12:30,2023,06,"[US-GA] [H] Tenet 70, Keychron Q5, GMK Red Dragon + Accent, GMK Metropolis + Signs + Blocks, GMK Colochrome + white mods [W] PayPal","Looking to trim down some of what I have.  All prices are OBO and shipped to CONUS only.  [Timestamp + images](https://imgur.com/a/tg4Z6re)  Tenet 70: $525   - Warm white  - Includes original foams, silicone plate foam and case foam were removed from the board (enhances the sound IMO)  - Original carrying case and boxes included  - Includes PC and FR4 Plates  - Brass weight  - Tempest tape modded ",Berzerker7,2,3,1479t0z
1686527902,2023-06-11 23:58:22,2023,06,[US-CA] [H] Canoe Black/Gold V1 Built + Space Cables MicroUSB Cable [W] PayPal,"[Timestamp and Photo of back](https://imgur.com/a/49l2CB5)  Canoe V1 Black/Gold + Space Cables  Have a v1 canoe - zealios bottoms + outemu tops + outemu stems, zealios stabs, Kanu PCB from Mechlovin'.  The space cables is a grey aviator (no coil) w/ USB-A - Micro-USB for the canoe.  The keyboard is fully built and functional, but a little dirty.  **Asking $175 for all of it. Shipped in the US only",PallyP,1,3,1479hx6
1686527770,2023-06-11 23:56:10,2023,06,"[US-CA] [H] Tomo with ePBT Origami bundle, Iron180 Graen with 21kb Irish Green bundle, Box 75 black / SS all under cost [W] Paypal, Local",[deleted],[deleted],1,2,1479ga0
1686527682,2023-06-11 23:54:42,2023,06,[US-CA] [H] GMK Mizu white rama [W] PayPal,[deleted],[deleted],1,2,1479f3p
1686527368,2023-06-11 23:49:28,2023,06,"[US-FL] [H] Fuji 65 FE Black, CRP Tulip GK [W] PayPal, Can do local",[deleted],[deleted],1,2,1479ayr
1686527185,2023-06-11 23:46:25,2023,06,"[US-CA] [H] Sealed GMK Sets (Olivia, Hazakura, Fuyu and more), KAT Lich, Explosion, Eternal, Red Tengu, Lat Lavender Arrows, and Ramas/Artisans [W] Paypal","[Timestamp](https://imgur.com/a/IfukL0k)  Hello,  Selling a good amount of my sealed sets that I been collecting through the years. Everything is brand new, sealed, and never been mounted(artisans). Will prioritize people buying the bundle (base/novs/space/rama). Would prefer not to split any of these sets. Will give discount if buying multiple items at once.CONUS Price + shipping for everything. ",loveYuri,1,22,14798ok
1686527119,2023-06-11 23:45:19,2023,06,"[US-MA] [H] Tofu 60 Airforce Blue, DZ60 RGB Hotswap, Brass Plate [W] Paypal",[removed],[deleted],1,3,14797ty
1686527047,2023-06-11 23:44:07,2023,06,[US-CA] [H] Paypal [W] Namong Fenny Artisan Keycap,"If you are selling one, please send a photo of what color you own and the price you want to sell it for. Thank You. I’m preferably looking for a blue/light blue one but if you have a fenny where the costume is a light color i would potentially be interested in that.",TheWoolyWolves,2,4,14796vc
1686526489,2023-06-11 23:34:49,2023,06,"[US-FL][H] GamaKay LK67, Arisu, MT3 caps, Bro Caps deskmat, SA Carbon Number Row kit, AMD combo, EPOS H6 Pro, Glorious Model O Pro [W] PayPal",[removed],[deleted],1,6,1478ziw
1686525938,2023-06-11 23:25:38,2023,06,"[US-WI] [H] AL1 Keyboard, GMK Yugo, JTK Night Sakura, GMK Red Samurai, EPBT Ivory, [W] Paypal or Keyboard Trades","[Timestamps/Pics](https://imgur.com/a/icT16KD)  Want: Paypal or looking to trade the below for keyboards, not looking for anything below a 65%.  ___  Have:  **AL1 Keyboard | $230 shipped or keyboard trades**  * Cerekoted white, however there is a slight difference in the light between the top and botom, and one or two spots that are scratched. * Milmaxed PCB, the LEDs however do not work * It does",fifasarajevo,0,6,1478sbw
1686524590,2023-06-11 23:03:10,2023,06,"[US-NY] [H] PayPal, Local Cash [W] PBTfans Neon Base Kit",PM please!,rocktheganj,2,2,14789yu
1686524037,2023-06-11 22:53:57,2023,06,"[US-CA] [H] Owlab Spring [W] Local cash, Paypal","\[Timestamp\]([https://imgur.com/a/vtWCeX9](https://imgur.com/a/vtWCeX9))  Selling my Owlab Spring with extras due to unforeseen circumstances. Hoping to sell these as bundle. If you need more pictures, send a PM.  Owlab Spring Silver with mirror weight: Build with Tecsee Ice Candy Linear Switches (lube and filmed), Owlab stabs on POM.  Include extra solder PCB, alu plate, foams and carrying case.",Mikado_Lee,2,5,147820b
1686523476,2023-06-11 22:44:36,2023,06,"[US-CA] [H] c^3 Zer0.9 EE, Aanzee, 8008 inks (L&F), WEIPU cable, artisans (Keyby, Lat, ETF, Hello) [W] Paypal, colorswaps","[Timestamp.](https://imgur.com/a/3dwV2EG) If something is in the timestamp but not listed below, it is not for sale/trade.  All prices are USD and include conus shipping.  I can ship internationally and shipping will be added to the listed price. Please let me know if any of my prices are off.   As always, please comment and pm.  **My stuff**:  Item | Price | Description ---|---|---  c^3 Zer0.9 EE",higgga,3,7,1477u60
1686523456,2023-06-11 22:44:16,2023,06,"[US-CA] [H] Odin V2 Red, Odin V1 Brass Plate and Badge, PBT Keycaps [W] Paypal, Cash, Elderberry Keycaps, Melon Milk Switches","[Timestamp](https://imgur.com/a/0qO8Rek)  Hi all, looking to get rid of some things here. I am in SOCAL 92602 and will prioritize local pickup.  Odin V2 in Red - $500 shipped or best offer  * Flawless condition, hotswap pcb, lubed durock v2 stabs, polycarbonate plate, includes all foams, original packaging and accessories included. Weight still has the plastic covering on.   Odin V1 Brass Plate - ",kygenbagels,1,5,1477tw7
1686523330,2023-06-11 22:42:10,2023,06,[US-CA] [H] Paypal [W] E White Salvation with hostswap PCB,[deleted],[deleted],1,2,1477s2t
1686523325,2023-06-11 22:42:05,2023,06,[UK] [H] KK75 x Velocifire [W] PayPal,"Time stamp: https://imgur.com/a/Hs2aTiT   I’m selling my unused and virtually untouched KK75. The most it had been handled was for these photos, I had purchased this to kickstart myself with the hobby and learn to solder - However life slowed this down.   The Brass Badge is un-engraved as I couldn’t settle on what to have engraved, so it’s a blank canvas.  The case is proper weighty, and must have",JakeShoots,1,3,1477rzl
1686522687,2023-06-11 22:31:27,2023,06,"[US-CA][H] Jelly Epoch Black Popcorn, ai03 Vega, GMK Stealth + Novelties, GMK Metropolis Midnight, GMK Dualshot 2, ePBT 9009 & Grayscale, Clackeys Arch Keypacitor, Keycap Quarry [W] Paypal","[Timestamp](https://imgur.com/a/z2BLZir)  &#x200B;  [Keyboards:](https://imgur.com/a/Fsqnx0u)  |Ai03 Vega|used PCB has non-functioning \\ key, sealed HS PCB, POM, FR4, ALU plates|$400 shipped| |:-|:-|:-| |Jelly Epoch Black Popcorn|built once but comes w/ sealed PCB (doesn't include used PCB)|$1100 shipped|  &#x200B;  [Keycaps:](https://imgur.com/a/f84p2AD)  |ePBT 9009 & Grayscale|mixed together & ",Miinttt,3,11,1477iu8
1686522678,2023-06-11 22:31:18,2023,06,"[CA-ON] [H] 1986 L+F Vintage MX Blacks [W] Paypal, Local Cash","Hello hello!  [Timestamp](https://imgur.com/a/2qiq6tP?s=fbm)  Currently selling:  **x103 1986 L+F Vintage MX Blacks - $180USD shipped**  * Desoldered from a wyse terminal (please refer to timestamps).    * Part no. 840366-01 * Switches have been ultrasonically cleaned with distilled water. * Lubed lightly on stem with 205g0, bag lubed  in 105g0 Geon 18mm 62.5g springs  Price includes shipping, but",xuantuan,6,9,1477io4
1686522549,2023-06-11 22:29:09,2023,06,"[EU-PT][H] WKL Red RS60, Broken-in Cherry MX Nixies, JWK Alpacas, DCX Dolch, ePBT Duo, JWK FFFF Linears, CIY Reds[W] Paypal",[deleted],[deleted],2,2,1477gnc
1686522177,2023-06-11 22:22:57,2023,06,"[US-ID] [H] Keyboards, Keycaps, Switches! [W] Paypal, Trades Trading","[stammmmmp](https://imgur.com/a/2nMNegl)  Pay attention to whether price includes shipped or not, will change for international.        Looking to trade or possibly buy in the next couple weeks        Ivery Praxis in E-white  Other interesting alice offers, though i prefer standard arisu layout        Space65 Coffee   Trading a dark green dolice top for a silver top cuz cool two tone dolice      B",M1ken1ke66,1,7,1477bbd
1686521682,2023-06-11 22:14:42,2023,06,"[US-VA] [H] Vertex Arc60 WKL Mcflurry with Extras [W] Paypal, Local Cash","[Timestamp](https://imgur.com/a/9YKv8XY)  Arc60 WKL Mcflurry - no nicks, dents, scratches. Absolutely flawless condition    Solder PCB (Plateless) - L/F Strawberry Switches on Lubed (XHT-BDZ) Tx Stabs    Hotswap PCB - Lubed (XHT-BDZ) Tx Stabs -  Mounted switches once and is currently installed in the case)    Foam Kit     Beige Keycap Set (Brand New)     Asking **$420 Shipped CONUS** ",achoi16,1,5,147741s
1686521610,2023-06-11 22:13:30,2023,06,[US-CA] [H] Piggy 60 GMK minimal Mr.Sleeves [W] PP,"[TIMESTAMP](https://imgur.com/a/V1wyotL) WTS: | Piggy 60 built with L&f HG Browns on PC, extra PCB and alu plate, perfect condition: 350 |  | GMK Minimal base, numkit, color kit, addition, mono kit, and obscure: $180 |  | GMK Mr.Sleeves original and new sleeves: 75 |",DERRRBS,2,4,147731h
1686521499,2023-06-11 22:11:39,2023,06,"[US-MO] [H] White KBD67 Lite R3, PolyCaps Whale Set [W] PayPal",[removed],makot0_,1,4,14771eq
1686521312,2023-06-11 22:08:32,2023,06,"[US-CA][H] Jelly Epoch Black Popcorn, ai03 Vega, GMK Stealth + Novelties, GMK Metropolis Midnight, GMK Dualshot 2, ePBT 9009 & Grayscale, Clackeys Arch Keypacitor, Keycap Quarry [W] Paypal",[deleted],[deleted],1,1,1476ynn
1686520938,2023-06-11 22:02:18,2023,06,[US-PA] [H] Keychron Q9 Reviung39 NK65s TKC Portico65 n Minivan VA Plancks [W] Paypal,"Timestamp: [https://imgur.com/a/OvoYTc2](https://imgur.com/a/OvoYTc2)  &#x200B;  **Keychron Q9 $125** plus $7 Shipping , with keys and switches $200 plus $7 Shipping.  Keys are nicepbt **NINETEENTHIRTY** The Oddities set, if you want just the set $100 plus $7 Shipping.  **Reviung39 $70** plus $7 shipping. esc key hard wired, rest are hotswap.  **TKC Portico65 $75** plus $7 Shipping.  **NK65 EE Fro",LtPaiMei,1,4,1476sxz
1686519645,2023-06-11 21:40:45,2023,06,[US-NV] [H] GMK a [W] PayPal,"[Timestamp](https://imgur.com/a/H4UQwWl)  GMK a Latin Base Kit  * Sealed * ~~$135 shipped~~  **SOLD**  Comment before pm, no chat (use ""Send Message"" option on my profile, I will not respond to chats). CONUS only",Tenrek__,3,4,1476904
1686519496,2023-06-11 21:38:16,2023,06,"[EU-PL] [H] LZ CLS SxH, BMEK Alice HHKB, G80-1800, C80 stacked acryllic TKL, switches, OG Cherry HAR cyrillic doubleshots, Cherry HAU spares, GMK Spare grab bag, OG Cherry windowed locks, GMK Dogethink, Blank RGB mods [W] PayPal",[removed],JejeX,4,15,14766qi
1686518923,2023-06-11 21:28:43,2023,06,"[US-NY] [H] Portico75 Clear, Akko ACR Alice Plus Clear, Millmax Gingham60, DMK Tripleshot Gift Keycap set [W] Paypal CONUS","I would like to clear out space and buy another keyboard.  Comment before PM, thanks.  Timestamps: [https://imgur.com/a/aOl4y3I](https://imgur.com/a/aOl4y3I)  &#x200B;  |Akko ACR Alice Plus Clear|Built; with 21KB v2 JP Black,  Everglide Aqua King switches 62g and the original stabs, aluminum plate is installed with all of the foam out with the extra plastic plate. Comes with misc. extras, no origi",YunaLunaTuna,3,2,1475y2j
1686518704,2023-06-11 21:25:04,2023,06,[US-MA] [H] Fully Built ai03 Meridian [W] Paypal,[deleted],[deleted],2,2,1475upl
1686518493,2023-06-11 21:21:33,2023,06,"[US-SC] [H] IBM model M, f, apple M0110,A, Zenithk, NEXT non ADB cream, dell AT 101, Alps 60% PCB's alps keycaps, EO 87 plate+ PCB, alps and micro switch parts and more [W] Paypal, local cash, trades","[TIMESTAMPS](https://imgur.com/a/xZqWNvj)  all prices are OBO, everything is sold AS is, not FCFS bundles preferred can add PS/2 converter onto any ps2 board for 5$ I have mono-price ones all prices are in USD   I take trades for IBM and Alps stuff  IF you take a trip to MYRTLE beach you can elect to come pick up your keyboard and pay cash for a bit of a discount and skip shipping costs  IBM zone ",Jacobalbertus1,1,3,1475rj4
1686518460,2023-06-11 21:21:00,2023,06,"[EU-DE] [H] GMK Shashin Latin Base, red Ciel60, black WKL KBD8X MKII [W] Paypal",[deleted],[deleted],5,4,1475qyc
1686518303,2023-06-11 21:18:23,2023,06,[US-CA] [H] PIGGY 60 GMK MINIMAL MR.SLEEVES [W] PP OR VENMO,[removed],DERRRBS,2,6,1475oiv
1686517320,2023-06-11 21:02:00,2023,06,"[EU-DE] [H] QK60 HHKB White, GMK Beta JS [W] Paypal | GMK WoB (Katakana/Hiragana), OTC 9009","Timestamp: [https://imgur.com/a/hap88BI](https://imgur.com/a/hap88BI)  Hello,  **Selling (or trading):**  Looking to sell my QK60 HHKB with an ice-white top and bottom, and a chroma weight. Plate is FR4 and PCB is wired-hotswap. Condition is almost perfect, it's got two very tiny marks from screwing in the top 2 screws (see pictures attached), but they won't really be visible when it's fully built",SdoRy_,2,6,14759az
1686516633,2023-06-11 20:50:33,2023,06,"[US-NJ][H] GMK Katakana Dualshot 2 + addon, GMK WoB Shinethrough [W] Paypal",[deleted],[deleted],2,2,1474yis
1686516581,2023-06-11 20:49:41,2023,06,"[US-CA] [H] Monokei x TGR Tomo (Silver, Hotswap and PC plate), KAT Hyperfuse (Alpha + Icon Mods + Novelties), ePBT Aesthetic (multi-set) [W] Paypal, Local Cash","[KAT Hyperfuse Timestamps](https://imgur.com/a/wUDgePx)  [TGR Tomo Timestamps and multiple picture angles](https://imgur.com/a/WeHIqni)  [ePBT Aesthetic Kit Timestamps](https://i.imgur.com/HA6lKbv.jpg)  ^[I ^know ^the ^Hyperfuse ^and ^Tomo ^links ^are ^kinda ^old ^timestamps, ^please ^feel ^free ^to ^let ^me ^know ^if ^you'd ^like ^updated ^ones ^and ^also ^see ^my ^post ^history. ^I'm ^just ^very",Feayth,0,4,1474xp7
1686515882,2023-06-11 20:38:02,2023,06,"[US-CA] [H] KBD67 Lite Black, Portico 75, Banana Split Switches, Artisans (Deathcaps, Phagecaps, Nezumi) [W] Paypal",[deleted],[deleted],3,3,1474n0v
1686515462,2023-06-11 20:31:02,2023,06,[EU-IT] [H] PayPal [W] NuPhy Air60 with or without Folio,[deleted],[deleted],1,2,1474gjf
1686515230,2023-06-11 20:27:10,2023,06,[US-FL] [H] PayPal [W] Rubrehose Matrix Badges,Hi all!   Still looking for Rubrehose Matrix badges (particularly the black Be Bad one) and willing to pay a generous amount so please reach out if you have any!  Thanks!,moe_ghost,2,2,1474cx7
1686515105,2023-06-11 20:25:05,2023,06,"[CA-ON] [H] White Satisfaction75 with Rama Knob [W] Local cash, paypal","[Timestamp](https://imgur.com/a/ndboQk2)  [more images](https://imgur.com/a/EGUhmul)  &#x200B;  Selling a White Satisfaction75, comes with black Rama Knob and Silver stock knob, FR4 Plate, Gateron Ink Black V2s Lubed with krytox 205g0 & springs lubed & swapped to sprit progressive springs 62grams & filmed with deskeys. Keycaps not included. Comes with Carrying Case and spare Oled screen.  Some pai",duppyy77,3,4,1474b0g
1686514819,2023-06-11 20:20:19,2023,06,"[US-CA] [H] Alps Keyboards (NOS Ortek MCK-142, Monterey K101 w/ Blue alps, Scuffed Northgate Keyboard), Naevy r2.1 Switches [W] Paypal","[Timestamp](https://i.imgur.com/0jKF51L.jpg)  [Additional images for alps](https://imgur.com/a/WB6ABGM#qnOt6Ry)  **Ortek MCK-142:** Uses SKBM white Alps and has pad printed(?) ABS keycaps. Has been been tested fully working, except for the top-left F11 which I opened up to check the switch. (I can provide a replacement switch upon request). Comes with all the default accessories, though I did have",Xser_,2,3,14746ob
1686514019,2023-06-11 20:06:59,2023,06,"[US-NJ] [H] Custom Patina Maja PC V1, Rama M60-A Moon, Owlab Spring Black Chroma, Project Affogato Wrist Rest, Voice Mini, Rama Artisans (Beta, Redacted, Thermal, Minimal), Cheap Keycaps [W] Paypal, Rama M6-C Milkshake","[Timestamp](https://imgur.com/a/uSsGhRm)  |Item|Details|Price| |:-|:-|:-| |[Maja V1 Polycarbonate with Custom Patinaed Brass](https://imgur.com/a/lMWWWPf)|Great condition. Comes with hotswap pcb, brass plate (this is also patinaed), original foams, extra screws. This is polycarbonate which is a soft material so there are some inevitable small scratches but it is not very noticeable.|$525 OBO Shipp",RelativeChance,1,3,1473uf6
1686511412,2023-06-11 19:23:32,2023,06,"[US-GA] [H] Built Green WKL Brutal60, Bluish Pink WK Hotswap Kage, Tomo PC Plate, Milan Aluminum Plate, 65A 75% O-ring, Unga Bunga Stems, JX Stems, Plate Forks, Keycap Wire Pullers [W] Paypal","# THIS POST IS OLD. PLEASE GO TO MY PROFILE AND LOOK FOR MY NEWEST POST FOR UPDATED ITEMS! :D  [Timestamp](https://imgur.com/a/ZkXKIFQ)  * Please **comment and** **send a DM** (**not a chat invite**) if interested in any item! * **Shipping is $10** (USPS Priority Mail) for **normal** items, **$17** for more **oversized** items, and **$23** for **big boxes**, and the **listed price does not include",Darkage911,1,4,1472q75
1686511383,2023-06-11 19:23:03,2023,06,[EU-DE] [H] 60% costum bamboo keyboard [W] Paypal GNS,[removed],JuFPV,1,0,1472prp
1686511251,2023-06-11 19:20:51,2023,06,"[US-NC][H] Matrix 3.0 Starry Night, Mr Suit Golden Chamfers, GMK Shashin, GMK Stargaze, GMK Lychee [W] Paypal","Time Stamp: [https://imgur.com/8LCj9Ns](https://imgur.com/8LCj9Ns)  &#x200B;  |Item|Description|Price| |:-|:-|:-| |Matrix 3.0 WKL Starry Night Upgraded Brass Weight Eye Screen |Flawless condition, Built with Owl Stabs, Flex Cut Aluminum Plate, Comes with 2 Hotswap PCBs, Extra Screen Daughter Board Pack (Keycaps or Switches in picture not included)|$699 shipped| |Mr. Suit Babypowder Golden Chamfers",ehong61,0,3,1472npz
1686511186,2023-06-11 19:19:46,2023,06,"[US-CA] [H] Artisans [W] PayPal, Local Cash","[Timestamp](https://imgur.com/a/mXHr2ih) | [Artisans](https://imgur.com/a/M8mxSCh)  Local to 92115  **For Sale:**  **Various Artisans - If it's listed, it's available!:**  |Maker + Sculpt|Colorway|Price (Inclusive of PayPal fee, exclusive of Shipping fee)| |:-|:-|:-| |Archetype Akkrabba|Marduk|$85| |Keyforge Shishi v2|Diet (2x)|$55| |Lividity Observer|Julius|$35| |SodieCaps Crescent Cap v2|Ashes o",KikoKeys,2,2,1472mpv
1686510906,2023-06-11 19:15:06,2023,06,"[KZ][H]iron180 allu, ifk islander (base, novs, exten) [W] Paypal",[deleted],[deleted],1,5,1472ibh
1686510777,2023-06-11 19:12:57,2023,06,"[US-MN] [H] 2021 Dolphin, Angel, Portal, Ori CLS-2, J-01 LE, CK Balance, GMK Metropolis R2 Midnight & Inukuma [W] Paypal",#[Timestamp of Stuff](https://imgur.com/a/TvScunn)  Trading/selling some stuff I don't think I'll ever get full use out of. Desoldered builds were desoldered with an FR301 and PCBs retested. Will ship anywhere but reminder that international will be expensive.  &nbsp;  **Keyboards** (does not include shipping)  **All keyboard prices are OBO as I'm leaving the hobby and would like these gone**  ###,Ryanticz,1,6,1472gch
1686510600,2023-06-11 19:10:00,2023,06,[CA-ON] [H] PayPal [W] Corne Zen R3 3x6,[deleted],[deleted],1,3,1472diy
1686510441,2023-06-11 19:07:21,2023,06,[US-TX] [H] reviung 41 and nibble 65 [W]paypal/local,"https://imgur.com/a/DuFnkNO  Both of these are hotswap, the reviung will come with gatereon black switches. Reviung also has led and I also added an oled to it as well. Nibble65 has bit-c pro micro along with millmax sockets.  Nibble65-125+shipping Reviung41-85+shipping  Message me for any questions Willing to do a trade for some switches or keyboards as well",PromiseSignal4773,2,6,1472b5p
1686510204,2023-06-11 19:03:24,2023,06,"[US-CA] [H] GMK Dots R2 & Deskmats, GMK Mr. Sleeves, and Free Keycaps with Purchase [W] Paypal","Pricedrop from the original posting!     [Timestamp](https://imgur.com/a/kneFbmn)  &#x200B;  |GMK Dots R2 (Opened but never mounted)|~~130~~|115| |:-|:-|:-| |Dots Line Deskmat (BNIB)|~~25~~|20| |Dots Loading Deskmat (BNIB)|~~25~~|20| |GMK Mr. Sleeves R2 Original (BNIB)|~~65~~|55| |BNIB GMK Mr. Sleeves R2 (BNIB)|~~65~~|55| |Glorious Aura Keycaps Black v2 (Used, slight shine)|~~15~~|Free with purcha",IckyPickleRL,1,6,14727is
1686509613,2023-06-11 18:53:33,2023,06,"[US-CA][H] Keycult 2/65 Black/Unfinished Black, Duo-S Navy, Mode65 PC, GMK Sets (Dots, Moonlight, Stargaze, Blurple, Peaches n Cream Lite, Haku), ePBT Aesthetic (Green Novelties + Spacebars), RAMA (Blurple)/THOK(Stargaze)/EzKeys/Bomber Fox Artisans, FUJI65 CF Backplate [W] PayPal","Hey All,  [Timestamp](https://imgur.com/a/qYRh0Cn)   Downsizing collection!  |Item|Price|Description| |:-|:-|:-| |[Keycult 2/65 (Black/Unfinished Black)](https://imgur.com/a/kToSpGP)|$3,500 shipped - $3,300 local (local preferred)|Great condition. Built with modded POM halfplate, Gat Ink Black v2 switch housings + Durock POM stems (reg stems on stab keys), Durock v2 stabs. Original packaging inclu",HappyHoodwink,2,6,1471y3v
1686508234,2023-06-11 18:30:34,2023,06,"[US-NJ] [H] GMK Arch [W] Paypal, GMK Classic Arabic, GMK Black Lotus, GMK Muted r2, GMK Iceburg, CRP Sets",[removed],[deleted],1,4,1471con
1686508215,2023-06-11 18:30:15,2023,06,[US-CA][H] Lubed + Filmed SP Star Meteor White switches [W] PayPal,Timestamp: [https://imgur.com/a/ZkZoW8j](https://imgur.com/a/ZkZoW8j)  |SP Star Meteor White x90|Brush lubed with Krytox 205g0 on switch housing and stem. Springs are bag lubed with Krytox 105. Filmed with Deskey films.|~~$65 shipped~~ SOLD| |:-|:-|:-|   &#x200B;,DrewDevs,2,5,1471cci
1686507533,2023-06-11 18:18:53,2023,06,"[US-GA][H] Finalkey Cidoo V65 R2 Wireless, CNC Aluminum Frame, Bluetooth/USB Wired, Via Programmable, Hot Swap, Gasket Mount, 65% Keyboard, RGB Backlit [W] Paypal, Cash","* [Timestamp](https://imgur.com/a/A6L5XRP) * Price : $125 Shippd * Condition : LNIB * COMMENT before PM'ing me. * Foam and Tape MODDED, I can remove upon request.  If you have any questions feel free to PM me.",NEETologist,5,5,14711v7
1686507471,2023-06-11 18:17:51,2023,06,[US-CA] [H] mill maxed gray/lilac balance keyboard with extra sealed pcb and fr4 plate [W] Paypal,"[Timestamp](https://imgur.com/a/CyU46bK)  gray/lilac balance with extras - Built with the smaller mill max sockets on fr4. Left some switches in so the pcb can shipped a more securely as I don't have the tools to desolder the knob. No dings or scratches on the board. Also comes with all original accessories and an extra sealed pcb, extra black alu knob, extra daughterboard, and base alu plate. - $",FlamedSiegmund,1,3,14710yo
1686507226,2023-06-11 18:13:46,2023,06,"[US-CA][H] Frog TKL [W] Paypal, Local Cash",[removed],odwerdna,1,0,1470x5z
1686506697,2023-06-11 18:04:57,2023,06,[US-WA][H] various artisans [W] paypal,[deleted],[deleted],6,5,1470p0q
1686506375,2023-06-11 17:59:35,2023,06,"[US-MA] [H]Green qk80, IV Ashes, Nicepbt Morse Code, bunch of artisans [W] Paypal","[Timestamp](https://imgur.com/a/ALTBGj1)Board build once for pictures. Weight still has plastic protection. Keycaps havent been used at all, mounted once for type test, Like New with no shine. Prices does not include shipping and g&s rate. Discount for bundles  Board  * ~~Green qk80 - $235~~ \- sold to u/hanojanu * ~~Wired Hotswap non flex PCB~~ * ~~FR4 plate~~ * ~~Mirror-polished PVD chroma weigh",lazineZzzz,4,7,1470jt7
1686506238,2023-06-11 17:57:18,2023,06,"[US-TX] [H] iron 165 r2, ciel 65 pc, kbdcraft kit adam. [W] paypal",[timestamp](https://imgur.com/a/FKFpCJ0)  only looking to sell not looking for trades. will only answer to pms not chats. only willing to ship within the united states. everything is also OBO (or best offer) so feel free to ask.  ~~iron 165 r2 in red with black aluminum weight and black bottom. built with aluminum plate on solder pcb with durrock v2 stabs lubed with 205g0 and durrock t1 switches l,negarie,1,7,1470hrt
1686506022,2023-06-11 17:53:42,2023,06,"[US-NJ] [H] Epomaker TH66 Pro, Logitech MX Keys Mini [W] Local Cash, PayPal",Please note I have 19 confirmed trades on r/hardwareswap.  [Epomaker TH66 Pro](https://drive.google.com/drive/folders/1-IAERqFQwhtO57ZIJgyigm2g1JPAvd4q)  Bought from another user here who had used it lightly for a month. I also used it lightly for an month.It came with Gateron Pro brown switches and I upgraded them to Gateron Pro 2.0 yellows. It will come in the original box with all original acce,thizzle,1,2,1470ekb
1686505467,2023-06-11 17:44:27,2023,06,"[USA-NJ] [H] Epomaker TH66 Pro, Logitech MX Keys Mini [W] Local Cash, PayPal",[removed],thizzle,1,4,14706dc
1686505320,2023-06-11 17:42:00,2023,06,"[CA-ON] Keycult no2/65 , Geonworks F2-84 [paypal]",[removed],[deleted],1,0,147042j
1686504684,2023-06-11 17:31:24,2023,06,[CA-ON] [H] Zoom65 v2 ewhite w/ ano gold PVD mirror backplate and extras [W] Cash/e-transfer,"hello, timestamp: https://imgur.com/a/vt4UAZb  I got this as my first Groupbuy but I've gotten a decent tkl in the meantime so I was debating before it arrived whether I'd use it. I opened it to check QC and it was generally solid. There's a tiny scuff on the ano backweight that I messaged mech.land about and they said it was within QC standard. just looking to recoup costs. I'm local to toronto i",Userkay,1,6,146zu5q
1686504531,2023-06-11 17:28:51,2023,06,[CA-ON] [H] Zoom65 v2 ewhite w/ ano gold and extras,[removed],[deleted],1,4,146zrol
1686504227,2023-06-11 17:23:47,2023,06,[EU-DE][H] Champange Vertex Arc60 [W] PayPal,[removed],Phinix78,1,0,146zn6y
1686503920,2023-06-11 17:18:40,2023,06,"[CA-AB] [H] Paypal [W] GMK Dandy, GMK Alpine",[deleted],[deleted],2,2,146zihq
1686503867,2023-06-11 17:17:47,2023,06,"[AB-CA] [H] Paypal [W] GMK Dandy, GMK Alpine",[removed],[deleted],1,3,146zhpd
1686503107,2023-06-11 17:05:07,2023,06,[Artisan] Sleepy Keycap Interest Check,[removed],mintue,1,0,146z69e
1686502896,2023-06-11 17:01:36,2023,06,[VN][H] TGR 910 v2 ME Crimson Red [W] Paypal (Worldwide),[removed],RedT13,1,2,146z30x
1686502841,2023-06-11 17:00:41,2023,06,"[UK][H] Angel65, Haven65, x70 Drop L+F Holy Pandas, x70 L+F Hippos and GMK Redline + Dashboard + Alternate kits [W] Paypal",timestamp [here](https://imgur.com/a/VVrDppe)  Black Angel WK with Boba u4ts:   Used for like 6 months but no major scratches or anything of that sort. Soldered PCB with L+F Boba U4Ts. Half ANSI Polypropylene plate. Stabs are lubed Durock V2s. Comes with carrying case from cannonkeys. £225 Shipped   scuffed sound test [here](https://youtu.be/tGaxjeYCvcs)  Black Haven65:   Only built once but didnt,youremomgeylol,2,2,146z21h
1694734668,2023-09-14 23:37:48,2023,09,[US-NJ][H] PayPal/local cash [W] Artivan,"Please comment before PM, no chats",brian1321,6,4,16ixml2
1694732085,2023-09-14 22:54:45,2023,09,[US-GA] [H] B-Stock Suave Blue Hotswap TGR 910 ME V2 [W] Paypal,[Timestamp](https://imgur.com/a/oHb1b7s)  * Please **comment and** **send a DM** (**not a chat invite**) if interested in any item! * **Shipping is $9** (USPS Priority Mail) for **normal** items and **$14** for **keyboards**. The **listed price does not include shipping.** * I will use **PayPal** to **send** an **invoice.** * I am **only shipping** to **CONUS.** * I am willing to **bundle** things,Darkage911,5,2,16iwnoy
1694731944,2023-09-14 22:52:24,2023,09,[US-NY] [H] Wilba Salvation and Geon Frog Mini WKL [W] Paypal,[Timestamp](https://imgur.com/a/4LYWFtT)  Wilba Salvation in Silver. HS PCB. FR4 Plate - $300 shipped CONUS +5% G&S = **$315** **OBO**  Frog Mini Purple WKL HS PCB. FR4 and Alu plates - $280 shipped CONUS +5% G&S = **$294.00** **OBO**  *The small dot on the left side that looks like dust is a scuff.  **I EAT THE SHIPPING. YOU EAT THE FEES**  **NOT INTERESTED IN TRADES**  **PM THEN REPLY. NO CHAT**,Saundotorakku,1,4,16iwlsp
1694731874,2023-09-14 22:51:14,2023,09,"[US-CA] [H] E-White AI03 Vega w/ Extras + Gateron Milky Yellows [W] PayPal, Local Cash","[Timestamp](https://imgur.com/a/aF11jTU)  Local to SoCal, comment before PM.      AI03 Vega E-White + Switches:   *  HS pcb, Aluminum plate, custom-made plate foams and case foams (refer to pics). Original packaging and all accessories are included.  *  In perfect condition. Build once, then it has been sitting inside of the box since. Currently built with Gateron milky yellows and TX stabs (lubed",TheRealOX,1,5,16iwks2
1694730909,2023-09-14 22:35:09,2023,09,"[US-NM] [H] GMK Striker R2 Base + Macro Expansion, GMK WoB Base [W] Paypal","[Timestamp](https://imgur.com/a/pmE1jyR)  Prices include shipping within CONUS. Please comment before PM.  GMK Striker R2 Base kit and Macro Expansion kit - **$80 Shipped**  -	Mounted a few times and used for a few weeks. Absolutely zero shine or sign of wear. I do not have the original tray for the macro kit, but fortunately, all the keys fit within the base kit trays. Can ship in either the band",heyt2,2,7,16iw7bi
1694730805,2023-09-14 22:33:25,2023,09,[CA-MB] [H] Paypal [W] Keycult No. 2/TKL (WKL),Hey there! Looking to get my hands on a Keycult No. 2 Rev. 2 TKL in WKL.        No real preference for what bottom you may have as long as its WKL. Please comment before PM. Thank you!,randayee,1,2,16iw5sy
1694730161,2023-09-14 22:22:41,2023,09,[NO] [H] Sunsetter R2 [W] Paypal,"[TIMESTAMP](https://imgur.com/a/W8p6fLK)  | Sunsetter R2 Oxblood   |  |:-----------|                | Charue Design Sunsetter R2 | | Hotswap PCB with KBDfans switch pads and stab pads installed. Black Weight with brass badge  |      | Comes with carrying case, FR4 plate and original packaging. | | Sunsetter R2 had serious QC issues but my unit is in pretty good shape. Ano on top and bottom are mis",benvang,1,2,16ivw9i
1694729712,2023-09-14 22:15:12,2023,09,"[Bulk] Peach Bloom v2’s, Graphite Golds, Starry Nights, Hoshizoras","[Timestamp](https://imgur.com/a/GX6qgme)  Prices include shipping within CONUS. Please comment before PM.  104x Lubed JWK Peach Bloom v2’s- **$50 Shipped**  -	Hand lubed with 205g0 on stems and 107 oil on geon 22mm 57.5g single stage springs. These are graphite gold recolors, but the v2 designation merits lower housing wobble, lower stem wobble, and a rounded pole compared to v1.   106x Lubed JWK ",heyt2,1,3,16ivpnq
1694729669,2023-09-14 22:14:29,2023,09,"[US-CA] [H] Ikki68 Aurora PnC Lite, Switch Couture Alice [W] PayPal","TIMESTAMP: https://imgur.com/a/rfiviA8  Wanting to sell these two boards:  Ikki68 Aurora Peaches n Cream set, comes complete with case, coiled cable, and extra polycarbonate plate. $250 OBO  Switch Couture Frosted Alice built with Linjar switches and feet attachments, plus random pink keycap set. $240 OBO  Please message me!",paopaolizzle,1,3,16ivp2h
1694728848,2023-09-14 22:00:48,2023,09,"[US-WA] [H] Jelly Evolv, Cream, Single Blocker",[removed],Kays_keebs,1,0,16ivcay
1694726171,2023-09-14 21:16:11,2023,09,[IL][H] Paypal [W] Space65 (QS/Storm/RC only),"Hi all,  My first post here so I hope I followed the rules correctly :D  I'm looking to buy the Space65 -  full itemization (though i don't care if it's built or not, as long as it has all original components) - with HotSwap PCB ONLY  Only looking for the neutral bright colors: Quicksilver / Storm / Robocop  from R3 ,    or: White Gold / Fantomex / Stormtrooper / Robocop from R2  and I might be mi",Klayhamn,0,5,16iu76h
1694725205,2023-09-14 21:00:05,2023,09,[Artisan] ETF Shot & a Beer (FCFS),Fugu v3 + matching Moonblank $55  [I.H.B.L.](https://i.imgur.com/VTzCDSu.jpg)  3/3  [form](https://forms.gle/uAcXLWyVPM3H1eVi9),Eat_the_food,14,19,16itrcr
1694724299,2023-09-14 20:44:59,2023,09,"[US-CA] [H] ai03 Meridian, Millmaxed DZ60 [W] PayPal, Think6.5 V2","[Timestamps](https://imgur.com/a/rF02BLX)  Hello, I'm looking to sell/trade my FLAWLESS ai03 Meridian R2 (Alice style) in E-White.  I've also got a brand new, millmaxed DZ60 with 7305 sockets (currently 7u bottom row, can adjust if requested) - **$50 Shipped**  It's currently built on a black alu plate, with custom foam and custom switches. They're semi-silent as they have been modded. They're 56g",sneakyff,0,3,16itdof
1694723693,2023-09-14 20:34:53,2023,09,[CA-ON] [H] Paypal [W] KAT Refined,"Based in Toronto, ON Please make me an offer, ty!",brandxntu,1,5,16it4jo
1694723164,2023-09-14 20:26:04,2023,09,[US-CA] [H] PayPal [W] Mode Sonnet,[removed],BabyBooFoo,2,0,16isweo
1694722849,2023-09-14 20:20:49,2023,09,"[Bulk] Lubed Switches: Blueberry Chiffon Light Tactiles, NK Creams, WS Heavy Tactiles, Botched Corsas, Jwick Black","[Timestamp](https://imgur.com/a/piftNT7)  Lubing is consistent across all switches and I was very careful not to overdo it. More info in the description about the modifications.  PM if you want more details about the switch. Willing to give slight discounts for the reduced shipping for bundles.  Shipping to CONUS only, and all prices include shipping. Comment before PM. Prices are negotiable, feel",FatMansGas,0,6,16isrpa
1694721507,2023-09-14 19:58:27,2023,09,"[US-TX] [H] London Fog switches, Melon Milk linear switches [W] Paypal","[Timestamp and pictures.](https://imgur.com/a/R6c6s83)  **PMs only please, no chats. Local possible in DFW area.**  | Item | Details | Price | Available? | |:-|:--:|:--|--:| | 90 London Fog Switches x2 | Stock lubed. Used very briefly in a hotswap build. 2 separate sets of 90. | $50 per 90 | Y | | 90 Melon Milk linear switches | Lubed with 205g0 on the stems and springs. Comes with the bottle. Use",kmeyer1394,2,5,16is6r1
1694721506,2023-09-14 19:58:26,2023,09,"[CA-ON] [H] Artisans [W] Paypal, Local Cash","[Timestamp](https://i.imgur.com/3yntotL.jpg)      WTS \[CA-ON\]        All before ship.         avocaps Shelby Tangy - $63 USD        zouabee Woolo/Bahh - $50 USD  Threadykeycaps Anya - $56 USD        Located East outside GTA, can meet along 401 if local. Invoicing in CAD.",potionsforshelter,2,2,16is6ql
1694720116,2023-09-14 19:35:16,2023,09,"[US-OR] [H] OTD 360C, Singa Unikorn R1 [W] PayPal","[timestamp](https://imgur.com/a/DCzXWyN)  \--  **OTD 360 Corsa, Apple Silver** \- $4.7K  Beautiful looking, feeling and sounding board. It does have a good amount of patina on the weight and a couple blemishes, as shown in the album below.  Comes with og OTD red aluminum plate, og OTD PCB with Model M attached. Can include DCS Red Alert/Rebel from the first Deskthority run for an extra $500 (not f",johnnythunderr,8,9,16irmg5
1694719936,2023-09-14 19:32:16,2023,09,"[EU-IT] [H] QK60 alu top WK, Vintage MX pale blues, Kailh x Razer oranges, SWK neons, other switches, bakeneko 5052 alu plate, TGR jane V2 CE 5052 alu plate, cablemod Lemo and aviator cables, Microsoft Dial [W] PayPal","[Timestamp](https://imgur.com/1LyRycZ)  &#x200B;  |Item|Condition|Price|Description| |:-|:-|:-|:-| |built QK60 r1 red bottom black top. [Album](https://imgur.com/a/4Zy9Wpf)|Near mint/almost never used|€230|[Sound test](https://www.youtube.com/watch?v=LqgWywp1bec). r1, trimode PCB, comes with pom plate and custom 5052 alu plate (currently mounted). Built with lubed JWK T1 stem in kailh black housin",Mesy06,1,2,16irjuo
1694718011,2023-09-14 19:00:11,2023,09,[US-CA] [H] Paypal [W] Ginkgo65 alu or FR4 plate,Looking for an alu/aluminum/aluminium or FR4 plate for Ginkgo65. Local to bay area if seller prefers.,milkshaakes,1,2,16iqrai
1694717365,2023-09-14 18:49:25,2023,09,[US-NY] Model F77 Keyboard [W] PayPal,"Hi. Looking to sell this model f77. The topmost right key doesn’t work and I’m not really inclined to open it up and troubleshoot, even though there’s a comprehensive troubleshooting guide on the online manual.  Looking for 250 shipped CONUS.   Time stamp: https://imgur.com/a/YI8GDow",twistedlocus,1,1,16iqhqf
1694717237,2023-09-14 18:47:17,2023,09,"[US-MI][H] GMK Honor bundle, Fuji75 dust, GMMK Pro w/extras [W] Paypal","https://imgur.com/a/GjhjAHL        GMK Honor Light Base, Dark/Light Extension, Mat $180     \-BNIB       Fuji75 Dust $360     \-Blemishes shown in pictures     \-Never built this board, good condition.       GMMK Pro $175     \-Used     \-Black and white pudding caps     \-Fr4 and poly plate     \-stupidfish foam     \-durock stab     \-extra knob        All prices are without shipping.",fmoree,2,2,16iqfre
1694717034,2023-09-14 18:43:54,2023,09,"[US-GA] [H] Wilba Salvation Samurai Blue, Mode Envoy Polycarbonate [W] Paypal","Item | Description | Price  :--|:--|:--  Wilba Salvation Samurai Blue | Lightly used for 2-3 months, excellent condition, FR4 plate | **$275 unbuilt (no switches or caps), $350 built** (with lubed KTT rose switches, lubed TX stabs, FR4 plate, hotswap PCB, GMK Striker).   Mode Envoy Polycarbonate | Lightly used for 1 month, excellent condition, chroma weight and accent, copper plate | **$230 unbuil",nickyd737,2,5,16iqcn5
1694716106,2023-09-14 18:28:26,2023,09,"[CA-MB] [H] Artisans (Bro, BlankWorks, Sodie, Fendent, Artzei, Nightcaps, 2T, Bludgeoned, Lividity) [W] PayPal/Trades","Artisans https://imgur.com/a/5dZdxmn    Caps are listed in order from Left to Right, Top to Bottom.  Have | Want -----|----- Artzei Caps Barney Sumkey | 80USD/Trades Blank Works Tiffany Mooing | 120USD/Trades Lividity Caps Totoro Shriek | 140USD/Trades Nightcaps Dreamhouse Eggpilot | 250USD/Trades Bludgeoned Kaps Kevin in the Devastate CW | 100USD/Trades Bro Caps B&W Betrayer | 250USD/Trades 2TCra",jackedhardwarejunkie,3,3,16ipyba
1694715857,2023-09-14 18:24:17,2023,09,[US-CA][H] Keyboardio Model 100 plus extra Linear A Keycaps [W] Paypal,[Timestamp](https://imgur.com/a/1wJaHNh)  [Album](https://imgur.com/a/UfQBGgt)  Keyboardio Model 100 mint condition.  Hot swappable Speed Copper switches with QWERTY keycaps.  Includes:  * Keyboard (Speed Cooper switches -- hot-swappable) * Travel case * Cables * Keycap puller * Extra Stand Kit (New $25) * Extra Linear A Keycaps (New $40)  Includes all **original product boxes** and the original o,SiaBillionaire,2,3,16ipujf
1694714973,2023-09-14 18:09:33,2023,09,[US-CA] [H] PayPal [W] KBD67 Lite R3 Transparent Purple,must include PCB and plate. Thx ,Spaceloungecloud,1,5,16iph4r
1694714840,2023-09-14 18:07:20,2023,09,"[US-CA] [H] Noxary X60 V1 Founders Edition, Noxary X60 R, GSKT-00 [W] PayPal",[TIMESTAMP](https://imgur.com/a/XwvaElv)  **All info in timestamp/album**  1. Noxary X60 V1 Founders Edition (WKL) with extras $350 shipped CONUS 2. Noxary X60 R (WKL) with extras $650 shipped CONUS 3. GSKT-00 (WKL) $250 shipped CONUS,ToniWonKanobi,3,2,16ipf6j
1694714692,2023-09-14 18:04:52,2023,09,"[US-CA] [H] GMK Cyberdeck Keycaps, Novelties Set [W] Paypal",[removed],Spaceloungecloud,1,3,16ipd0t
1694713998,2023-09-14 17:53:18,2023,09,"[US-CA] [H] GMK Cyberdeck Keycaps, Novelties Set [W] Paypal",,Spaceloungecloud,1,4,16ip2dh
1694713898,2023-09-14 17:51:38,2023,09,"[US-CA] [H] Keychron Q2 Knob Black, Oil Kings, GMK Pulse, PC Plate [W] Paypal","Pics & timestamp: https://imgur.com/a/uV1r4Ju   Keychron Q1 Knob black  Polycarbonate Plate   Durock V2 Stabilizers (Lubed w/ 205G0 & Holee Mod)  Gateron Oil Kings Switches (Lubed w/ 205G0)  GMK PULSE Keycaps  Mods:   •Force break •Tempest •Poron Foam switch pads  •Polyfill  Including original keychron box with accessories , rest of the GMK Pulse keycap set   Asking = $260 (OR $160 for everything ",Spaceloungecloud,0,10,16ip0tm
1694713755,2023-09-14 17:49:15,2023,09,[US - CA] [H] Keychron Q2 Knob Black - Oil Kings / PC Plate [W] Paypal,"Pics & timestamp: https://imgur.com/a/uV1r4Ju   Keychron Q1 Knob black  Polycarbonate Plate   Durock V2 Stabilizers (Lubed w/ 205G0 & Holee Mod)  Gateron Oil Kings Switches (Lubed w/ 205G0)  GMK PULSE Keycaps  Mods:   •Force break •Tempest •Poron Foam switch pads  •Polyfill  Including original keychron box with accessories , rest of the GMK Pulse keycap set   Asking = $260 (OR $160 for everything ",Spaceloungecloud,1,2,16ioykr
1694713614,2023-09-14 17:46:54,2023,09,[US-CA][H] PayPal [W] Jelly Key Rooster Artisan,"Hello, would really love to purchase this artisan at whatever cost. Please comment before PM.  Thanks for looking!",yomonmon,1,2,16iowia
1694713435,2023-09-14 17:43:55,2023,09,"[US - CA] [H] Keychron Q1 Black Knob (Oil Kings, PC Plate) [W] Paypal","Pics & timestamp: https://imgur.com/a/uV1r4Ju   Keychron Q1 Knob black  Polycarbonate Plate   Durock V2 Stabilizers (Lubed w/ 205G0 & Holee Mod)  Gateron Oil Kings Switches (Lubed w/ 205G0)  GMK PULSE Keycaps  Mods:   •Force break •Tempest •Poron Foam switch pads  •Polyfill  Including original keychron box with accessories , rest of the GMK Pulse keycap set   Asking = $260 (OR $160 for everything ",Spaceloungecloud,1,2,16iottl
1694711958,2023-09-14 17:19:18,2023,09,[US-CA] [H] Keychron Q1 Knob (GMK Pulse / Oil Kings / PC Plate),"Timestamp / Pics : https://imgur.com/a/uV1r4Ju     Keychron Q1 Knob black  Polycarbonate Plate   Durock V2 Stabilizers (Lubed w/ 205G0 & Holee Mod)  Gateron Oil Kings Switches (Lubed w/ 205G0)  GMK PULSE Keycaps  Mods:   •Force break •Tempest •Poron Foam switch pads  •Polyfill  If you're looking for a sound test, let me me know in messages.  Paid:  $169.99 for Q1 Barebone  $75 for 82 Oil King swit",Spaceloungecloud,1,3,16io75d
1694711352,2023-09-14 17:09:12,2023,09,"[US-MI] [H] JoJo60 Polyneko, GMK WoB/BoW Icon Extension Kit, WKL Gummy O-Ring Plates, GMK Neon RGBY Mods, 21KB/XMI SAW-Polish, Archetype Prima Zed [W] PayPal","[TIMESTAMP](https://i.imgur.com/bpfmbT7.jpg)          PRICES INCLUDE SHIPPING & SHIPS OUT NEXT DAY INSURED          COMMENT BEFORE PM  &#x200B;  |Item|Description|Condition|Price| |:-|:-|:-|:-| |[JoJo60](https://imgur.com/a/yfWQsiU)|**Includes:** Raw Brass JoJo Weight, CannonKeys FR4 Plate, PC Plate, 2 CannonKeys Bakeneko60 Small O-Rings, Daughterboard & JST Cable, Extra Bumpons, CannonKeys Carryi",Scytul,1,3,16inxlq
1694710802,2023-09-14 17:00:02,2023,09,[Artisan] Landcaps Rangda Regalia raffle sale,Welcome to Rangda Regalia raffle sale  Keycaps album : [https://imgur.com/a/NSVRD0d](https://imgur.com/a/NSVRD0d)   Sale Form : [https://forms.gle/v7zCWnj5xHdM8ecN8](https://forms.gle/v7zCWnj5xHdM8ecN8)   This sale is open for 24 hours until :  * 10AM PDT 15-Sep-2023 * 01PM EDT 15-Sep-2023 * 05PM UTC(GMT) 15-Sep-2023 * 12AM WIB 16-Sep-2023 * 01AM SGT 16-Sep-2023  Here’s what you need to know befor,blackkey30,1,1,16inosh
1694709672,2023-09-14 16:41:12,2023,09,[US-MA] [H] ePBT Be the One Base Kit & Mono Kit(non-colored mods) [W] Paypal,https://imgur.com/a/WVNouh0  Brand NEW Unmounted. $120 Shipped US only.,ZoneFive,0,2,16in81h
1694708760,2023-09-14 16:26:00,2023,09,[US-MA] [H] PayPal [W] GMK Jamon,Heyo. Looking to buy GMK Jamon + novelties (only base is ok too) either in r1 or r2. Thanks 🙏🙏,Bzmz,2,3,16imtys
1694707867,2023-09-14 16:11:07,2023,09,[PH][H] Artisans [W] Paypal,"Timestamp:  https://imgur.com/a/T6Q8wU8  Free shipping to US, CAN, Asia. UK please pm for quotation. Prices are in USD.  From left to right Row 1: Set only for $250 (3 artisans), 1 box SS DM Bucky UV reactive SS DM Princess Peach UV reactive SS DM Doombringers UV reactive  Row 2: $80 each Dracula Herold JawZ Elune UV reactive Dracula Dairon Dejor Meowlin Glow in the Dark Elephant King V2  Row 3: $",Machdash1,2,11,16img6x
1694707404,2023-09-14 16:03:24,2023,09,[US-CA] [H] PayPal [W] jelly evolv cream,Looking to buy jelly evolv single blocker Hot-swappable Color: Cream preferably BNIB .. looking to offer $700 for cream,drewpyy,1,6,16im96e
1694706176,2023-09-14 15:42:56,2023,09,[CA-BC] [H] Paypal [W] Ca66 Hotswap PCB,"I need to fix a spacebar stabilizer on my ca66, and since I'm ripping it apart I'm looking to swap the pcb for the wired hotswap pcb. Please comment then DM me if you have one that you'd part with. Thanks!",Deductivemonkee,1,2,16ilqs3
1694705953,2023-09-14 15:39:13,2023,09,"[US-HI][H] Shirouu 624, CYSM Keyby Totoro, Switch keychains [W] Paypal",[Timestamp](https://imgur.com/a/NBQ862z)  Clearing out some stuff and making some stuff to get some money and buy my first car (a used 2015 Subaru WRX). Here are my wares:   Shirouu.Kaps Tsuneko - 624 colorway - $140 shipped   CYSM Keyby - Totoro colorway (page not available on Keycaps archivist yet ): ) - $145 shipped   3D printed switch keychains that I designed and printed - $5 each or $3 each ,furculture,2,4,16ilnhg
1694705806,2023-09-14 15:36:46,2023,09,[Artisan] Maku Momo Raffle,"A piece of Gundam universe captured in a single keycap✨  [ALBUM](https://imgur.com/a/40nLV7q)  [FORM (Open 24hr ONLY)](https://form.phangkey.com)  |TYPE|PRICE| |:-|:-| |Momo|$70|  * Caps are handmade * Compatible with CherryMX switches * Shipping will be via EMS/BEST/Aramex/DHL (depending on the countries) $20 worldwide, Local shipping for Indonesia * This is a raffle style sale * Winner can only ",MrSurreal,3,1,16illg0
1694705664,2023-09-14 15:34:24,2023,09,"[US-NY] [H] Paypal [W] Mode Sonnet, QK65 PC/POM Plate",Prefer local to Manhattan.  Looking for PC/POM plate for QK65.  Also looking for Mode Sonnet with a PC or pom plate. Prefer silicone/foams/stabs/HS pcb.,brokenairguitar,0,3,16iljfk
1694705492,2023-09-14 15:31:32,2023,09,"[US-MN] [H] Mochi40, DSA Paperwork, Keychron K7 Ultra-Slim, Maxkey Chocolate SA Keycaps, 70x BNIB Gateron Ink Black v2 switches, BNIB Clear Durock V2 Stabilizer Kit [W] Paypal","Looking to get rid of some extra items and a 40% I rarely use. All prices include shipping.  [Timestamp](https://imgur.com/a/ydgTMS0)  |Item|Price|Notes| |:-|:-|:-| |Mochi40 Kit, Black Case, Hotswap PCB (Elite-C), 128x64 OLED, Brass Plate|$250|Ended up not using this keyboard as much as I thought I would. In excellent condition.| |Keychron K7 Ultra-Slim Wireless Mechanical Keyboard, 65%, Mint Opti",FrostEffect,3,8,16ilgxj
1694703120,2023-09-14 14:52:00,2023,09,[US-UT] [H] PAYPAL [W] Zoom65 V2 Faint Blurple,Please PM me if you've got a Faint Blurple Zoom! Preferably not built/used but I am open to discussing if your board is used.,Inanis94,1,3,16ikhk9
1694702182,2023-09-14 14:36:22,2023,09,"[US-TX] [H] TKL One Poly, CW87 Black LEs, Saturn 60, HHKB white blank caps, Norbaforce dampner/brushed gold bottom, [W] Paypal","[Timestamp](https://imgur.com/a/cpqp2rP)  All prices include shipping and are OBO. DM for additional photos or questions.        Comment before DMing. Prefer CONUS atm and local Houston deals.  **TKL One Poly Clear WK w/ extras - $600**      \- BNIB - Windows key, aluminum black plate, POM plate, 2x solder PCBs     \- Have an apollo HS pcb I can include for $30        **CW 87 WK Skunkworxxx LE Bla",LeftCamera8,7,13,16ik47d
1694700723,2023-09-14 14:12:03,2023,09,[UK][H] Satisfaction 75 B-Stock pirate black + KBDFans BoW PGA [W] PayPal Selling Selling,"[Timestamp](https://imgur.com/a/EzHHiQi)  WTS: Pirate Black Satisfaction 75 B Stock (missing one screw due to it being stripped, no noticeable marks)        PBTFans BoW Keycaps        Stock Matcha Switches        Hot Swap MouserTech PCB        Lubed TX Stabilizers        FR4 Plate        **Want- £450**         PGA Doubleshot ABS BoW from KBDFans        **Want - £30**        **Looking to quicksell ",I2ain__,0,2,16ijjhf
1694700225,2023-09-14 14:03:45,2023,09,[US-VA][H]Onyx E-white WKL [W] PayPal,"[Photos](https://imgur.com/a/W8Cv0kD)  Never got around to building this and greatly reducing the collection. Comes with travel case, two sets of PCB, cable and daughterboard, one brass plate, and one aluminum plate.  Asking $600 shipped.  Comment before PM please. Thanks!",keybrian,1,2,16ijchf
1694698895,2023-09-14 13:41:35,2023,09,[IC]CAT 65 - collaborate with:3ildcat,"# CAT 65🐈  &#x200B;  A cute keyboard with spring mount, collaborate with :3ildcat  \_\_\_\_\_\_\_\_\_\_\_\_\_\_\_\_\_\_\_\_\_\_\_\_\_\_\_\_\_\_\_\_\_\_\_\_\_\_\_\_\_\_\_\_\_\_\_\_  Hello everyone, I'm Jacky. Today, I'm introducing our team's latest creation, the Cat 65. I'm honored to collaborate with my good friend, :3ildcat.We started this project last year,and after almost a year, this is our t",Jacky-keylab,16,2,16iitwy
1694698595,2023-09-14 13:36:35,2023,09,[Artisan] Toycap Studio - Ugly Duck Tired Day,"**Hello, This is Toycap Studio.**        I'm a little tired duck today.        It will be sold by Group Buy.        [imgur](https://imgur.com/gallery/kfH5Arq)        [Sale Form](https://forms.gle/8sHYpdEUANq6SKBJA)        [Discord](https://discord.gg/MUs9hCeUPS)        [Instagram](https://www.instagram.com/toycapstudio/)        🐣Group Buy Open🐣        Keycaps Specifications        \- MX Stem- Resi",toycapstudio,13,1,16iipqo
1694698140,2023-09-14 13:29:00,2023,09,"[US-NY][H] TGR Jane v2 ME Suave Blue, GMK Stargaze + Spacebars, RocketKeyboards Mercury65, PKB Alpaca Stabs [W] Paypal, Venmo, Local Cash","[Timestamp](https://imgur.com/a/s9RASPw)  Please comment before PMing (no chats please, I don't read them). All prices negotiable.  | Have | Desc | Want/Available? | | --- | --- | --- | TGR Jane ME Suave Blue | Won this board from Monokei last year. I was moving and the board probably got a bit scuffed in transport. There's a few very small millimeter scuffs on the board, on the front, near the to",Razgrizacez,1,8,16iij69
1694693083,2023-09-14 12:04:43,2023,09,"[EU-RO][H]Jkeys mint chocolate chip switches, wrist rest[W]Paypal","Hello,mm ! [Timestamp](https://imgur.com/a/RXQS5VB)  90x Jkeys mint chocolate chip tactiles -40€  Black resin wrist rest 60% -20€  50€ for both. Prices do not include shipping.",Nothinfancy34,1,2,16igmoq
1694692451,2023-09-14 11:54:11,2023,09,[EU-DE] [H] Monokei Kage 7u/6.25u Copper/Alu Plates [W] Paypal,I got some custom plates for the Kage from Laserboost. I even modified the files to get 6.25u spacebar support. Since my Kage is sold I now want to sell the plates.  Worldwide shipping.   [Timestamp](https://imgur.com/a/Y4Cuj7F)     |Material|Type|Price| |:-|:-|:-| |Copper (sandblasted)|6.25u support|45€ + shipping| |Copper (sandblasted)|7u standard|45€ + shipping| |Alu (sandblasted)|6.25u support,muradir,1,4,16igevj
1694690418,2023-09-14 11:20:18,2023,09,"[UK] [H] Frog Mini, GMK Zooted, GMK Toxic and GMK Indigo HIBI [W] PayPal","Timestamp: https://imgur.com/a/UpGxP2O   Description:    GEON Works - Frog Mini - Silver Ano WK ~ £220 shipped   50a + stock tadpoles desoldered pcb spare hotswap pcb brown feet + black feet FR4 plate, POM plate + stock alu plate carry case   Will not include switches, stabs, keycaps   GMK Zooted ~ £73 shipped Used, no shine   GMK Toxic ~ £73 shipped  Used, a lot of shine on alphas and arrow keys,",KevinDeBrownie,2,5,16ifqym
1694689021,2023-09-14 10:57:01,2023,09,[Bulk] Premium Cerakoted Custom Cables - In Stock Ready to Ship,[**Timestamp**](https://i.imgur.com/x4tEweF.jpg)  **Galleries of Images:**  [GMK Laser Straight](https://imgur.com/a/thWm2jw)  [GMK](https://imgur.com/a/iqPat6a) [Copper Clean Straight](https://imgur.com/a/iqPat6a)  [GMK](https://imgur.com/a/egxng32) [Copper Patina Straight](https://imgur.com/a/egxng32)  [Classic Black & Silver Straight](https://imgur.com/a/nVGYWHH)  [Blackout V2.0 Straight](https,kool-keys,2,9,16ifbby
1694688056,2023-09-14 10:40:56,2023,09,"[US-GA] [H] GMK Bento Traditional and Revival, GMK Prix, GMK Hammerhead Dark, GMK Cyberdeck R2, Space Cable Hammerhead Light [W] Paypal",[https://i.imgur.com/xrgnP9J.jpeg](https://i.imgur.com/xrgnP9J.jpeg)  All keycaps are new and sealed. Pricing already includes shipping. CONUS ONLY. Please comment before pm with any questions        GMK Bento R2 Traditional $120        GMK Bento R2 Revival $120        GMK Hammerhead Dark $145        GMK Prix $115        GMK Laser R2 Cyberdeck $90        Space Cable Hammerhead Light $90 (USB Type ,tehhtanky,1,6,16if0te
1694687879,2023-09-14 10:37:59,2023,09,"[US-GA] [H] GMK Bento R2 Traditional, GMK Bento R2 Revival, GMK Hammerhead Dark, GMK Laser Cyberdeck R2, GMK Prix, Space Cable Hammerhead",[removed],tehhtanky,1,2,16ieyyf
1694685954,2023-09-14 10:05:54,2023,09,"[US-WA] [H] Noxary 378, Frog mini, Matrix 3.0 plate [W] Paypal","[timestamp](https://imgur.com/gallery/moSG913)  **All boards included international shipping!**   Please comment before PM. feel free to ask any questions.  &#x200B;  Noxary 378 **$420** shipped        \-Silver        \-solder pcb + 5mm pc plate, built with L&F ink black and L&F matrix 01 switches        \-nearly flawless, one tiny scuff  \-keyboard bag          Frog mini **$280** shipped        \",DanBug1,1,4,16ieffw
1694683126,2023-09-14 09:18:46,2023,09,[TW] [H] Gray Geonworks Frog TKL [W] Paypal,"[Timestamps](https://imgur.com/a/heXKwOL)  * Geonworks Frog TKL Habor Gray, B-Stock WKL.No defective sticker out of the box, a scratch on the upper right corner for B-stock, and a small dent inside the bottom case. Force break mod used. * Using Apollo88H-T-SC Hotswap PCB, and Different Stabs on PCB. (Mone on Rshift, OWV3 on Spacebar, TX on others.) Tape mod on pcb flexcuts. * Have Leaf spring Alu ",Dan1mmm,1,2,16idnbc
1694681993,2023-09-14 08:59:53,2023,09,[US-MI] [H] HHKB Professional Classic 55g [W] PayPal,"[TImestamp](https://imgur.com/a/MCsU5VK)   Selling my HHKB Professional Classic. Very clean, lightly used, and in good condition.  Mods -  55 gram dome swapped. Domes from a Realforce R2  Des #3 silencing ring on ONLY the spacebar slider  Unreal spacebar stabilizer gaskets  Unreal landing pads on the spacebar stabs  Thin silicone keycap O-rings on all keycaps  Stabs lubed with 206g2  Black printed",Ok-Yard6494,1,7,16idbxl
1694676945,2023-09-14 07:35:45,2023,09,"[GB] Sin65 by wind studio,$288 65% keyboard ----19th September","Hello, we are wind studio.   The group buy date will start on next week,more details about this sin65 keyboard can check our previous IC link: [https://geekhack.org/index.php?topic=121062.0](https://geekhack.org/index.php?topic=121062.0)   1.Update:   The hotswap pcb will support split backspace   [https://imgur.com/honFwjv](https://imgur.com/honFwjv)   2.Group buy details:   Quantity: unlimited  ",Creatkeebs,4,1,16ibxjv
1694676506,2023-09-14 07:28:26,2023,09,[US-CT][H] PayPal [W] Tomo Aluminum Plate,,JesusCena,1,2,16ibsx3
1694675234,2023-09-14 07:07:14,2023,09,[EU-FR] [H] Zoom65 V2 GT Silver [W] Paypal,[removed],Adventurous-Trade-85,1,0,16ibfrt
1694675055,2023-09-14 07:04:15,2023,09,[US-WA] [H] Cyberboard Xmas PC White Clear [W] Paypal,"Timestamp: https://imgur.com/a/57Fgzp4   **Cyberboard Xmas Edition - $499**  * Never Used, Never Built * Base Kit (includes original packaging accessories ) * Color: Polycarbonate White/Clear     Local pickup in the Seattle Area  See details on it here: [https://www.angrymiao.com/en/cyberboard-xmas/](https://www.angrymiao.com/en/cyberboard-xmas/)  Thanks for considering this beauty! ",jkteddy77,1,4,16ibdx5
1694675043,2023-09-14 07:04:03,2023,09,[EU-FR] [H] Zoom65 V2 GT Silver [SS PVD Silver weight] + CF plate [W] Paypal,[removed],Adventurous-Trade-85,1,0,16ibdsc
1694670484,2023-09-14 05:48:04,2023,09,[US-CA] [H] Pearl 40% [W] Paypal,"Timestamp: https://imgur.com/a/ajPQHtA        Teal Pearl 40% #54, 1 Pcb built on brass plate with SP star whites, 1 Pcb built on POM with Gateron yellows. also have a purple diffuser plate uncut for it that Ill throw in. $300 plus shipping obo, happy to ship worldwide :)",pissedof15yrold,1,4,16ia3kv
1694666035,2023-09-14 04:33:55,2023,09,"[US-OR] [H] GMK Bingsu R1, OTD Wyse, DCS Red Alert R3 [W] PayPal","[timestamps](https://imgur.com/a/rwRC08B)  Prices are shipped CONUS, open to offers as well.  * GMK Bingsu R1 Base Kit - $200 shipped    * Great condition and no shine, used for a couple months but then boxed up until now. * OTD Wyse - $250 shipped    * Bought a few years ago in basically unused condition, used sparingly and still in fantastic shape. * DCS Red Alert R3 - $140 shipped    * Used a p",catamscott,5,10,16i8smy
1694665159,2023-09-14 04:19:19,2023,09,[US-IL] [H] PayPal [W] Archetype Yōkai – Akuma Bushi,"Hi guys, looking for someone who got this artisan and is looking to sell.   Offering $125.  PM if you're interested in selling.",raujaku,1,2,16i8j2f
1694665134,2023-09-14 04:18:54,2023,09,"[Store] QwertyKeys In-Stock Sale: Cub65, QK60, and Neo65 - All Together!","Hello everyone! Here is QwertyKeys coming with three exciting in-stock sales at the same time!  For those of you who missed out on the previous sale of the Cub65 and QK60, we are holding a limited quantity in-stock sale for both keyboards. Due to the limited stock we have, they are only available in pre-set colorways, and this will be the last wave of sales for the Cub65. Don't miss this opportuni",Qwertykeys-2022,8,16,16i8isy
1694665042,2023-09-14 04:17:22,2023,09,[IC] Questionnaire: collecting feedback for switch lubing service,I'd like to collect opinions on what people would like to see from a switch lubing service and how current services could be improved upon. Here is a link to my form: [https://docs.google.com/forms/d/e/1FAIpQLSfqXZLMwjeEo5EixN3NdNYBFRe\_quX4skkvW5ycPF6SFqhlVw/viewform?usp=sf\_link](https://docs.google.com/forms/d/e/1FAIpQLSfqXZLMwjeEo5EixN3NdNYBFRe_quX4skkvW5ycPF6SFqhlVw/viewform?usp=sf_link)   An,bootcamper64,1,1,16i8hqy
1694664868,2023-09-14 04:14:28,2023,09,[Interest Check] Questionnaire: collecting feedback for switch lubing service,I'd like to collect opinions on what people would like to see from a switch lubing service and how current services could be improved upon. Here is a link to my form; [https://docs.google.com/forms/d/e/1FAIpQLSfqXZLMwjeEo5EixN3NdNYBFRe\_quX4skkvW5ycPF6SFqhlVw/viewform?usp=sf\_link](https://docs.google.com/forms/d/e/1FAIpQLSfqXZLMwjeEo5EixN3NdNYBFRe_quX4skkvW5ycPF6SFqhlVw/viewform?usp=sf_link)  Any,bootcamper64,1,1,16i8fqj
1694664753,2023-09-14 04:12:33,2023,09,[US-CA] [H] Paypal [W] Osume Dusk or Osume Year if the Rabbit YOTR Keycaps,"Looking for either of these keycap sets, with or without novelties! Located in Bay Area, California. also have other means if paypal doesn’t work!",sophutofu,0,6,16i8edz
1694664633,2023-09-14 04:10:33,2023,09,[Bulk] No.23 Keeb Bag - Easy carrying and stocking your keebs,"[Timestamp](https://imgur.com/a/ANzztK7)  [Picture of Keeb Bag](https://imgur.com/a/12HMVGB)  Here we go again, No.23 Keeb bag - 2023 version is **ready to ship in the US**  If you are from another area like Asia countries, Canada, EU or Aus, contact me for shipping option  \_\_\_\_\_\_\_\_\_\_\_\_\_\_\_\_\_\_  • Hello all mech-friends, I'm back  • I would like to introduce the No.23 Keeb bag - 20",no23player,3,10,16i8d11
1694664548,2023-09-14 04:09:08,2023,09,[US-NY] [H] PayPal [W] Mode Eighty (80) 2022 bottom,Hello! Looking to buy a Mode Eighty (80) bottom in like new condition. Flexible on color. Please comment and PM if you have something for sale. Thanks! :),Beepbooposaurus,2,2,16i8c4b
1694664275,2023-09-14 04:04:35,2023,09,"[US-TX][H] Keypora and other artisans, GMK Terror Below, and GMK Boba Fett [W] Paypal","[Timestamp](https://imgur.com/a/FvsGyZM)  Conus Only unless you are willing to pay international shipping or if you have a US Proxy Thanks for looking stay safe.  Bundles requested will be discounted  **~~Strike through means sold~~**  [Please Comment PM first then click here to PM me Thanks :)](https://www.reddit.com/message/compose/?to=PDT118)  If you have questions, other offers, or want photos",PDT118,2,5,16i890c
1694662939,2023-09-14 03:42:19,2023,09,[US] PC Tengu,[removed],lucidmogwai,1,0,16i7td8
1694662736,2023-09-14 03:38:56,2023,09,[US-AZ][H]Arc60 WK Crow and Keycaps [W] PayPal,"[TimeStamp](https://imgur.com/a/aZh1vtn)  CONUS/CANADA ONLY  ~~Arc60 WK Crow solder pcb built with broken in mx blacks and tx stabs, comes with all original packaging. Hot swap pcb will be unbuilt, alu plate - $250 + shipping~~ PENDING  All GMK sets are used but no shine. Can include box for an extra $10 otherwise it will ship in a bag  GMK Birch - $140 + shippingGMK Cyrillic Beige - $120 + shippi",Nightwolf027,1,8,16i7qy5
1694661955,2023-09-14 03:25:55,2023,09,[Artisan] Naruito & Yinata - Crystal Pieces Artisan Keycap 🍃,"I am a nobody, but I never gave up!        ⏰[**FORM LINK**](https://crystalpieces.com/product/naruito-yinata-569)        \- You guys can check out the stunning pics [here](https://imgur.com/gallery/312QeLe)😎        \- RAFFLE TIME: from now and form opens for 24 hours        \- PRICE:        The keycap only (body part): $65        Full version (body + tail): $75        \- Shipping fee: $7 internati",CrystalPieces,2,1,16i7hiu
1694661050,2023-09-14 03:10:50,2023,09,[US-NY] [H] PayPal [W] OLED for Meletrix Zoom75,Hi everyone. I am trying to see if anyone has an extra or unwanted OLED screen and module for the meletrix Zoom75 that they are open to selling. I would greatly appreciate it. Thank you.,StPachomius,1,6,16i76vk
1694660918,2023-09-14 03:08:38,2023,09,[US-MI] [H] PayPal [W] Alee Keycap Artisans,[US-MI] [H] PayPal [W] Alee Keycap Artisans  WTB  CE Power  CE Gojo  CE Rem  CE Ram CE 02 OE Yor 2B  Any OLEE/ALEE  Please DM offers!,Dangerous-Run-5510,1,2,16i75dj
1694660846,2023-09-14 03:07:26,2023,09,"[US-NY] [H] Key Capital, Migi Keycaps Artisans [W] Paypal","[Tagged Photos](https://imgur.com/a/ENMCOu7)  Hello everyone, I am selling the items listed below! I am trying to downsize some of my keyboard collection and these are the first to go! If there are any questions feel free to reach out :) If anyone is willing to meet up in person let me know as well and we can work something out!  I can do slight discounts for bundles!  |Product|Details|Price| |:-|",P1nkSt1nk,2,3,16i74iu
1694660808,2023-09-14 03:06:48,2023,09,[US-NM] [H] Frosted PC Pandora60 [W] Trades,"Timestamp: https://imgur.com/gallery/1wCL7MM  WTTF: utd360c, utd356mini, other offers!  Hi MM! I’m looking to trade my Pandora60, I will leave all the specs down below!   Pandora60 Specs: - Frosted PC Case - Polished Mirror Stainless Steel Weight - Polished Stainless Steel Plate - Pandora60 HS PCB - TX AP Stabs (Tuned) - Broken-In Cherry “New Nixies” (300k) - GMK Bento R2 (Full Set Included)  I’m ",Scarcity-Mountain,2,4,16i742n
1694660298,2023-09-14 02:58:18,2023,09,[Artisan] Mid September 2023 Raffle Sale - Alpha Keycaps,Imgur Link : https://imgur.com/a/1epx6Lm   Sale Form Link : https://forms.gle/KZSpTNVKijc9uZv59   Sale form will be opened for 12 hours.   Invoicing will start right after the form has closed.   Payment window is 12 hours long.   Keycaps : Devoura and Prayge  Price : USD 75 - 95   Shipping : USD 2 - 15   Goodluck and thank you everyone!,yohanskee,4,1,16i6xxb
1694660173,2023-09-14 02:56:13,2023,09,"[US-MD] [H] WindX R2 Brass weight/accent, PayPal [W] Black PVD weight/accent","Looking for the black weight for the WindX R2. I would like the black accent piece too, but it’s not necessary. Open to trades OR SALES ($$$).",keyboardblair,1,2,16i6wh4
1694659926,2023-09-14 02:52:06,2023,09,"[US-HI] [H] Pink Fuji65 FE, GMK Hazakura Set [W] Paypal","[Timestamp](https://imgur.com/a/pVhcPrP)  Hello, everything is brand new never used/built. I only opened it to look at and take pictures.        \-Shipping to CONUS only        \-Comment & Msg me for any inquiries!  **Fuji 65 Keyboard - FE Pink - $350 or Best offer**  * Set Plate+ Brass Plate inclusion * Hot Swap PCB * Gold Sakura Badge * Mirror Backplate * All Original Packaging  **GMK Hazakura -",xxaii,0,7,16i6tj9
1694657942,2023-09-14 02:19:02,2023,09,[US-VA] [H] Paypal [W] Leopold F660C,I'm looking to buy a Leopold F660C with either a grey or black case with non-silent switches.  It doesn't matter what keycaps are on it.,SassyButtCheeks,0,2,16i65av
1694657074,2023-09-14 02:04:34,2023,09,[Store] Spookydude Stuff webstore / Partywagon Wireless Ortholinear 40% Keyboard -- Double Launch,Hi Mechmarket!  What started as a personal project has grown into a complete product that might interest other ortho addicts out there. The [Partywagon PCB kit](https://www.spookydudestuff.com/partywagon-store/partywagon-keyboard-pcb-kit) is now available for purchase along with all the other elements that one will need or might want to complete the keyboard.  The Partywagon is a wireless keyboard,greanone,1,4,16i5uha
1694656742,2023-09-14 01:59:02,2023,09,"[US-CA] [H] Finalkey v65 r2, Olivia clones, Gateron Oil kings [W] PayPal","TIME STAMP AND TAGGED PHOTOS  https://imgur.com/a/uJceK7c  Hi! Looking to sell my Finalkey v65 r2(wireless) with Olivia clones and oil kings. All items are in pristine condition, I do t think I ever used it also. Getting rid of whatever is left since I’m not into the hobby anymore unfortunately. I’d rather have someone else enjoy it instead of it sitting in the dust. Looking to get 190 shipped wit",Spaceturtle07,0,4,16i5q5v
1694656727,2023-09-14 01:58:47,2023,09,[US-NJ][H] ePBT Timeless + Dark Alphas Kit [W] PayPal,[Timestamp](https://imgur.com/a/bEQ75g9)  ePBT Timeless - **$65 shipped CONUS**   ePBT Timeless Dark Alpha's Kit - **$20 shipped CONUS**     Brand new - never mounted or even opened the plastic containers.     I strongly prefer to sell this as a **bundle** which I'm pricing at **$70 shipped.**,futballdestroyer,2,11,16i5pyu
1694656715,2023-09-14 01:58:35,2023,09,[US-CT] [H] PayPal [W] KBD8X E-White,Title. Looking for a KBD8X to match my KBDPad. Please pm.,BoredTetris,1,6,16i5ptq
1694656695,2023-09-14 01:58:15,2023,09,"[US-SC] [H] Cyberboard R2 Le Smoking, Odin 75 [W] PayPal","Down sizing collection prices are shipped CONUS only    [Timestamp](https://imgur.com/a/OXeQ3h7)    Odin 75- Blue w silver pvd weight, polycarb late, Durock Daybreak silent linears L&F, GMK Panels (gmk box and full set incl), lubed/tuned TX rev3 stabs. Case/ano itself is flawless no nicks or scratches same with weight, was on desk for about a week. $375 obo    [Timestamp](https://imgur.com/a/8R318",Tooch2121,2,7,16i5pk4
1694655979,2023-09-14 01:46:19,2023,09,"[Bulk] thebidof's Lubing Service | L&F Switches: Alpaca, Silent Alpaca, Banana Split, Black Ink V2, Boba U4T, Boba U4, CJ, Epsilon, HaluHalo V2, Marshmallow, Milky Yellow Pro, Oil King, Tangerine, Ros, Kang White V3, Strawberry Milk, & MORE",[Timestamp](https://imgur.com/a/PbnmWt5) #Discord: thebidof   International buyers subject to additional shipping fees   > USPS is temporarily suspending service to [select countries](https://about.usps.com/newsroom/service-alerts/international/welcome.htm)  #📢 Check most recent post for what's in-stock 📢 > ~~CROSSED OUT~~ = SOLD OUT  --- #[LUBING SERVICE ORDER FORM: USA-CA](https://forms.gle/AyBt,thebidof,2,2,16i5gq2
1694654913,2023-09-14 01:28:33,2023,09,"[US-CA] [H] Jane V2 ME Silver WKL, UTD 356mini Red [W] Paypal","Hello everyone,   I'm looking to clear out some of my inventory. I'm not looking for trades at the moment.     [Timestamp](https://imgur.com/a/wGuATP2)     Edit: Prices are shipped within CONUS  &#x200B;  |Item |Description |Price| |:-|:-|:-| |Jane V2 ME Silver|BNIB. Never built, only opened to inspect. B-stock comes from a small indent on bottom left (see pics). Comes with all original accessorie",tommyhonggg,2,5,16i53ag
1694654656,2023-09-14 01:24:16,2023,09,"[US-CA][H] Black HHKB Printed caps, Artisans (Lat, Archetype, Systematik [W] Paypal","Timestamp: https://imgur.com/a/Xc31CFQ  Hello! Looking to sell a couple items. Everything does not include shipping and is CONUS only.   1. Charcoal printed HHKB caps -$25  Good condition, little signs of use. Ships in original box.   2. Lat Artisan - $35 Great condition, no authentication card.   3. Archetype Logo Cap - $15 Great condition.   4. Systematik Mustachu Cap - $20 Great condition, moun",jacobiscool09,1,6,16i5041
1694653916,2023-09-14 01:11:56,2023,09,[US-CA] [H] E-White ai03 Vega 65 + GMK Minimal R2 Base Kit [W] $370 ($300 for Vega alone) Local Cash,"[Updated Timestamp](https://imgur.com/zuRZ3fa)  [Album](https://imgur.com/a/prqZcea)  E-White ai03 Vega 65 + Full GMK Minimal R2 Base Kit - $370 (local cash only 94110 Bay Area)  * Everglide Aqua King Water King Switches V3, TX Stabilizers (Rev. 3). * ai03 Horizon keyboard display stand included  I'm also willing to sell the Vega alone with switches/stabs for $300. Available unless marked otherwis",SacrificialLamb,1,5,16i4qe1
1700869065,2023-11-24 23:37:45,2023,11,[US-CA][H] Graystudio Think6.5 v3 Darth Vader [W] PayPal,"[Timestamp](https://imgur.com/a/57xLRT0)   Conus only. Local - 95121  (Brand New, Sealed) Graystudio Think6.5 V3 Darth Vader | non-flex cut solder PCB + FR4 plate  Looking for $450 shipped, $440 local   Paid $430 for the GB shipped.  Please leave a comment before sending a PM.",deeznboba,2,4,1835l0i
1700868939,2023-11-24 23:35:39,2023,11,"[US-CA] [H] Matrix 8XV 3.0, Monokei x TGR Tomo SE, Jris75, Keycaps [W] PayPal, Matrix 6XV 3.0 Corsa",Timestamps: [Keyboards](https://i.imgur.com/8lvB4O0.jpeg) & [Keycaps](https://i.imgur.com/6gY4KRj.jpeg)  Shipping to CONUS only  Comment before PM  **Matrix 8XV 3.0 Blue-Black Anodized** ([Pics](https://imgur.com/a/mlYDTlF)) **--- $500 Shipped** *(or trade for Matrix 6XV 3.0 Corsa PVD)*  * Solder PCB built with Cherry MX Black (BI/L/F/SS) * Aluminum Plate (Non-Flex Cut from Hypekeyboards) * Extra ,fitemebtch,1,2,1835jdq
1700868480,2023-11-24 23:28:00,2023,11,[US-DE][H] PayPal [W] Blade60 Case,"Looking for a new case to put my wooting in. Seem to be out of stock everywhere so trying my luck here, thanks!",Miztihk,1,2,1835d1b
1700868401,2023-11-24 23:26:41,2023,11,[US-CA][H] PayPal [W] Blade60 Case,"Looking to put my wooting into a blade60 case. Seem to be out of stock everywhere to trying my luck here, thanks!",Miztihk,1,1,1835bz5
1700868268,2023-11-24 23:24:28,2023,11,[Artisan] Yae Miko Titanium Keycaps,"Genshin Impact Series Coming up this time is Yae Miko, from Grand Narukami Shrine.  * Material: Titanium Alloy * Production Period: 2-4 weeks * Process: Engraving, Anodizing * Stem: MX * Profile: Cherry Profile * Price: $30  https://imgur.com/a/nVtagDm  Get address:  [Yae Miko](https://jiuyustudio.com/product/yae-miko-titanium-keycaps/)  Now we open custom keycap service, if you want to customize ",NoRopees,7,2,1835a56
1700868092,2023-11-24 23:21:32,2023,11,[US-CA][H] Artisans [W] PayPal,"[\~証明写真\~](https://imgur.com/a/bQ6PcWU)  CONUS only please - shipping will be $5 for USPS First Class unless otherwise specified, bundles are encouraged with discounts.  **Row 1**  * Alpha Keycaps    * Catbus Keypora $300    * No Face Keypora $300    * Hinomaru Keypora $300    * Haku Devoura $100    * SUPERCOLOR Azure $150    * SUPERCOLOR Conifer $150    * Anbu Keypora $100  **Row 2**  * Alpha Key",monkeymajic,1,3,18357nl
1700867031,2023-11-24 23:03:51,2023,11,[EU-FR] [H] Cerakey White & Pink FULL SET v1 [W] PayPal,[removed],shelltexture,1,0,1834sl2
1700866862,2023-11-24 23:01:02,2023,11,"[US-CA] [H] CW88 Wine w/ Extras [W] PayPal, Local Cash","[Timestamp](https://imgur.com/a/BBpua8m)  Hello,  Looking to sell my CW88 WKL in Wine. I just have too many boards and would like to narrow it down. No imperfections.    Current Build Gateron Oil Kings Lubed & Filmed on full poly plate. Space bar has longer stem (Cream). TX stabilizers everywhere but durock V2 space bar.   Extras: Contrast Stainless Steel Bottom Plate (on board)  Carbon Fiber Bott",zaj159,2,3,1834pzj
1700866838,2023-11-24 23:00:38,2023,11,[UK][H] PayPal [W] HHKB keycap set (charcoal),"As titled. Looking for hhkb keycap set, charcoal, blank preferred",coke_life,1,2,1834plh
1700866489,2023-11-24 22:54:49,2023,11,[US-NY] [H] KBD67 v2 w JWK H1 Linears Silver [W] Paypal,"[Timestamp](https://imgur.com/a/YOhTcjf)  Silver anodized aluminum case w/ brass weight Brass plate JWK H1 Linears lightly lubricated GMK screw in stabs lubricated  Used for about a week (built something else with silent switches that’s better for me). Built this about a year ago, it’s been in closed storage since around that time.  Great solid board, no cosmetic damage.   Board only keycaps not i",pwfppw,1,2,1834kpt
1700866247,2023-11-24 22:50:47,2023,11,[US-NY] [H] Paypal [W] GOK 7V,Hit me up! NY-NJ is local,peterthepie,2,2,1834he2
1700865812,2023-11-24 22:43:32,2023,11,[Store] Systematik Back Friday Sale Is Now Live!,[Gallery](https://imgur.com/a/bqVWqjZ)   The Black Friday Sale is now live! Up to 60% off entire storefront. All Orders Over $50 Will Receive A Free Black Friday Exclusive Artisan Keycap! Stay safe out there and enjoy you Holiday weekend!   [Storefront](https://www.systematik.xyz)   Follow us on Instagram for future releases and sneak peeks.   [Instagram](https://www.instagram.com/systematik.kaps/,SkysTheLimit__,24,1,1834blu
1700865578,2023-11-24 22:39:38,2023,11,"[US-MI][H]Suited Up Keycaps, Espectro 96, Sentraq S60-X, GMK Yuri, MT3 Elven, custom wrist rest, misc. Box switches [W] Paypal, Venmo",Hello r/mm! I've been out of the game for awhile and want to find a good home to some of my stuff I no longer use.    All the items are priced to ship within the CONUS plus PayPal/Venmo Fees. International shipping will be handled on a case to case basis.  **PLEASE** include if you are CONUS or International in your PM so I can figure out your shipping prior to finalizing the sale. I will try to s,lordgiblite,1,8,18348cq
1700865236,2023-11-24 22:33:56,2023,11,"[US-FL] [H] THINK6.5 V3, GMK, ACCESSORIES [W] PAYPAL","[Timestamp](https://imgur.com/a/KFZYh3u)   Think 6.5 v3 - Quicksilver BNIB 1x Flex-cut Hotswap PCB 2x Non-flex Hotswap PCB FR4, PC, Alu Plate Neon Badge Black Black PVD Weight Black Decoration Bar.   $770 shipped  All BNIB GMK Dualshot Addition - $35 GMK Dualshot Accent - $40 GMK Inukuma Spacebar - $25  Mode Sonnet Black bar, weight and bottom bundle BNIB - $80  Mode Sonnet Copper Accent: Patina E",bigwrapB,1,2,183441u
1700865131,2023-11-24 22:32:11,2023,11,"[US-PA] [H] Luminkey80, Retro E-Cream, Assembled - 9009 Keycaps [W] PayPal","Luminkey80, Retro E-Cream, Assembled - 9009 Keycaps  **$250 Shipped.** Will only ship inside US. Only used for about a month.  [Timestamp](https://imgur.com/a/sRlXv5f)",linkismydad,1,3,18342o1
1700864991,2023-11-24 22:29:51,2023,11,[In-Stock] Systematik Black Friday Artisan Sale,[removed],SkysTheLimit__,1,1,18340t3
1700864968,2023-11-24 22:29:28,2023,11,"[US-FL] (H) Think6.5 v3, GMK, Accessories (W) Paypal","[Timestamp](https://imgur.com/a/KFZYh3u)   Think 6.5 v3 - Quicksilver BNIB 1x Flex-cut Hotswap PCB 2x Non-flex Hotswap PCB FR4, PC, Alu Plate Neon Badge Black Black PVD Weight Black Decoration Bar.   $770 shipped  All BNIB GMK Dualshot Addition - $35 GMK Dualshot Accent - $40 GMK Inukuma Spacebar - $25  Mode Sonnet Black bar, weight and bottom bundle BNIB - $80  Mode Sonnet Copper Accent: Patina E",bigwrapB,1,1,18340is
1700864747,2023-11-24 22:25:47,2023,11,[Artisan] Black Friday Blind Bag Dittos,"It's time for another Black Friday sale! B stock Ditto blind bags are back! And this time we have some heavy hitters!        [Pictures](https://imgur.com/a/IcTpeo1)        All caps are MX stem, nothing fancy        Price: $40 per blind bag + shipping (US $5, CA $15, INTL $18, AUS $19)        Sale will be in raffle form.        Form will stay open through the weekend        [Form](https://forms.gle",CookiesR4U,1,1,1833xnq
1700864706,2023-11-24 22:25:06,2023,11,"[CA-QC] [H] Singa Jaguar, Vertex Arc60 and other keyboards as well as GMK sets and other keycaps [W] Paypal","[Timestamp](https://imgur.com/a/G5SvvVr)  &#x200B;  Hi everybody!  &#x200B;  I have kind of fallen out of love with the hobby lately so I am looking to downsize my collection a little bit.  &#x200B;  I haven't really kept up with the fair market value of the items that I'm looking to sell because I haven't really been active on this subreddit as of late. That being said, I am open to negociating t",QuestionMarkShift6,2,26,1833x40
1700863340,2023-11-24 22:02:20,2023,11,"[US-CA] [H] Beak6.5, GMK Terror Below, KAM Superuser, ePBT Ramenstop, Fuji65 plates, Cute artisans [W] Paypal","[Timestamp](https://i.imgur.com/Kp0A4pd.jpg)  CONUS only, prices are all OBO and include shipping. Feel free to ask any questions!  Item | Price | Notes ---|---|---- [Beak6.5](https://imgur.com/a/HL3CUX0) | $700 | Used but looks new, no dings/scratches that I can see. Box corners are in rough shape though. Durock v2 stabs, millmaxed with 3305, comes with the default plate + green door geeks POM pl",Maruuji,1,4,1833enn
1700862750,2023-11-24 21:52:30,2023,11,"[US-TX] [H] Ginkgo65 E-white x copper, PC Fox Lab Key65, Rose gold Fallacy alice layout, Yellow KN2.10^2, Rose gold KBD67 MKII [W] Verified PayPal G&S","**[timestamps and album](https://imgur.com/a/fkufiw2)**  Please comment before PMing, try not to use chat to get faster responses.    Please let me know if you want more pics or details and I will send them over as soon as possible.  Board | Description/included | Details | Price ---|---|----|---- Rose Gold KBD67 MKII| Hotswap PCB, Brass plate, original stabs, screws, and cable | Never used or bui",suparnemo,1,5,183369v
1700862329,2023-11-24 21:45:29,2023,11,"[EU-SK] [H] Cheap Keyboards (alu. Filco Majestouch, GMMK PRO 75%, Alice Lubrigante, VE:A clone) [W] PayPal","Hello, I decided to sell some keyboards from my ""collection"" to make money to buy another more expensive keyboard...You know the drill...    Shipping from Slovakia to Europe is about **15-25€**.    Prices are negotiable.      Timestamp: [https://i.imgur.com/PJ5Gs1I.jpg](https://i.imgur.com/PJ5Gs1I.jpg)  \----------    **Filco Majestouch Ninja, alu. case /w custom controller** \- **100€ + shipping*",banykus,1,3,18330he
1700862127,2023-11-24 21:42:07,2023,11,"[US-CA] [H] GSKT-00 WKL Black with IFK Blue Cyrillic [W] PayPal, local cash","[Timestamps](https://imgur.com/a/whUJA6A)  Have a black WKL GSKT-00 built with broken-in hyperglide MX blacks and cherry stabs. Only has three of the case screws installed since some of the screw holes on the WKL top are stripped, hence the price. Board still works/feels good.  Comes with the pictured IFK Blue Cyrillic caps on. Looking for **$200 shipped/$180 local for everything.**  local to 9511",yaloxcsgo,1,2,1832xvn
1700861021,2023-11-24 21:23:41,2023,11,[US-TX] [H] Paypal [W] Think 6.5 V2 1U FR4 Plate + Extras,"Please comment before PMing!     Hey everyone, I'm looking for a Think 6.5 V2 1U FR4 Plate and a hotswap PCB for the Think 6.5 V2 1U. Prices for each item must be stated.",the97soni,1,2,1832iow
1700860990,2023-11-24 21:23:10,2023,11,[US-CA][H] PayPal [W] GMK Botanical Dark or Light Deskmat,"Mainly hoping to buy dark, preferably new or close to new condition. Will consider light as well.  Buying this as a gift for a friend. Thank you! :)",SeikaHarp,1,7,1832i9r
1700860712,2023-11-24 21:18:32,2023,11,[US-CA][H] Alpha keycaps prayge tropic sunset [W] PayPal,https://imgur.com/a/5YIia6u  Selling the following. Pm before comment. No trades. No local pickup. Price includes shipping and PayPal fees.   **Prayge tropic sunset**: never mounted. Asking **$75 shipped**,trapcorgi,1,4,1832edz
1700860408,2023-11-24 21:13:28,2023,11,"[CA-ON] [H] PayPal, e-Transfer [W] Glove80, Dactyl Manuform, or other contoured, ortholinear",[removed],sean_bob,1,0,1832a6c
1700859841,2023-11-24 21:04:01,2023,11,[US-MD][H] Geon Glare Blue Gray TKL [W] Paypal,"[Timestamp and Pictures](https://imgur.com/a/92aIgVK)  Hi MechMarket,     I am looking to sell my Geon Glare Blue Gray TKL that I've had now for about 6 months.  I am trying to sell it fully assembled (Switches, Keycaps, Hiney Hotswap PCB, POM Plate)  The keycaps yet do not show oil marks.  The switches and keycaps are GMK Trackday and Sarokeys Strawberry Wine with a BCP switch for the spacebar.  ",Screwz_gaming,1,12,183222z
1700859812,2023-11-24 21:03:32,2023,11,[Artisan] Black Friday Special - Photoluminescent Keycap at a BIG DISCOUNT,"🔥 Black Friday Special at r/mechmarket! 🔥  We're back with a fan-favorite, now at an unbeatable Black Friday discount! Illuminate your mechanical keyboard with our Glow-in-the-Dark X-Eyes Metal Artisan Keycap. It's not just a keycap; it's a nighttime spectacle for your setup.  [imgur](https://imgur.com/a/rHBg3GS)  [sale form](https://forms.gle/YzuUVwHas2HAwGe36)  [discord](http://discord.gg/FQ6Yfr",Persona_d,3,1,18321nu
1700859452,2023-11-24 20:57:32,2023,11,"[US-CA][H] BNIB New Retro #66, [W] Cash (Local Only)","Happy holidays all! Just need this board gone asap, $350 or OBO (Local pick up only).     Timestamp: https://imgur.com/a/lbwq17f  | Item    | Description     | Price      | |:-----------|------------|:------------:| | New Retro #66 Keyboard by Deadline Studio          |New and never built. Only taken out of box for pictures. Orange E-coating (E-coating Orange Triangle Bracket + White Transparent P",266748,1,3,1831wgr
1700858898,2023-11-24 20:48:18,2023,11,[US-GA] [H] Paypal [W] Alumizu 7U Novelty Spacebar or Novelty Kit,Looking to replace my Alumizu 7u spacebar that got slightly scuffed up. DM if you have an extra that you’d be willing to sell! I would also be willing to buy a whole Novelty kit if you’re not willing to split.,Kliang9281,1,2,1831p7k
1700858643,2023-11-24 20:44:03,2023,11,[US-CA] [H] ai03 Silver Andromeda TKL [W] Paypal,"[Timestamp](https://imgur.com/a/HWz8ETU)  Hi Mechmarket,   Today I'm looking to sell my Andromeda. Condition is flawless, no visible marks or scratches. Built with OP Blacks (Deskey filmed, 205G0 lubed) and TX stabs on an aluminum plate.  Comes with original carrying case, 1x extra sealed PCB, case and plate foam, and original accessories. Looking for **$650 shipped CONUS, or $600 local to 92708**",fazien,1,2,1831ls0
1700858424,2023-11-24 20:40:24,2023,11,[EU-NL] [H] GMK Gateway [W] PayPal,"https://imgur.com/a/AfLxXa1  Shipping EU only, No FCFS  GMK Gateway base, €100",Dmitri0163,1,2,1831isl
1700858180,2023-11-24 20:36:20,2023,11,[CA-ON] [H] Paypal [W] PBT Resonance keycaps kit,"see title, open to US sellers as well!  &#x200B;  Will cover any shipping or additional costs.",crossfire2215,1,2,1831fmr
1700858176,2023-11-24 20:36:16,2023,11,[US-CA][H] 7v Stainless Steel Badge [W] Paypal,https://i.imgur.com/iHU2C1j.jpeg  Unused.   **Looking for $50 Shipped.**,ChromaticOrogeny,1,3,1831fkr
1700856013,2023-11-24 20:00:13,2023,11,[KR][H] Paypal [W] GMK Thai tea base + alt alpha,Hello! I'm looking for GMK Thai tea base + alt alpha.  I have a US-Proxy and will consider buying from anywhere.  and I don't buy base only without alt alphas.  Please comment before pm and no chat! Thanks for reading and have a nice day :)  &#x200B;,cute57642,1,2,1830mot
1700855795,2023-11-24 19:56:35,2023,11,"[US-CA] [H] Iron 165 with extras, Gmk Boba Fett, EPBT Japanese Hiragana, CRP R4 keycaps, lube[W] PayPal","[Timestamp](https://imgur.com/a/0Dk7G1M)  Hi mm, looking to sell these items  |Item|description|price| |:-|:-|:-| |**Keyboard**||| |Iron 165 R2 Red|62g spring swapped, L&F H1 switches + TX stabs, Carbon fiber plate. Board is in mint condition, has extra Copper weight& badge(installed), Extras: 2 sealed Solder PCBs,1 Sealed 7U Alu plate,1 Sealed 6.25U Alu plate, 2 JST cables, Original weight and ba",Dear-Stand-6382,1,5,1830jvv
1700855486,2023-11-24 19:51:26,2023,11,"[US-CA] [H] Plank, Artisans, Sky Switches [W] PayPal",[removed],Pusheenasaurous,1,0,1830fw5
1700855381,2023-11-24 19:49:41,2023,11,"[US-CA][H] Iron165 R2 PC, TGR Jane V2 ME, Matrix 3.0 8XV, Protozoa P-01 WKL [W] Paypal","[timestamp](https://imgur.com/a/u9bxAwM)  Selling some boards. No trades. Shipping included for CONUS; international shipping is additional.   Comment before PMing. Thanks! \^.\^  &#x200B;  |Iron165 R2 PC |Smoke PC, Brass badge, Brass weight, Alu plate, Pom plate, 1x PCB Brand new, unbuilt, comes in the original carrying case.|$490 shipped| |:-|:-|:-| |TGR Jane V2 ME|Silver/Suave Blue bottom, extr",PrizeQ231,1,4,1830eee
1700855183,2023-11-24 19:46:23,2023,11,"[US-VA] [H] ePBT Dreamscape, Switches, Paypal, Local Cash [W] GMK Soyamilk/Yuru/Birch, Matae Shibakeys, Paypal","[Timestamp.](https://imgur.com/a/5BGZWxj)  Looking to move some stuff and pick up some other stuff.  Prices include CONUS shipping, please comment before PM'ing. Trades preferred.   Looking for Shibakeys to grow my collection, Latin or Hiragana Base for GMK Yuru, and, Base for GMK Birch, and Base + Hidden Store kit for GMK Soyamilk.   Item | Description | Price (USD) ----|-----------|----------- e",Punksquirrel,1,2,1830bvg
1700855151,2023-11-24 19:45:51,2023,11,[Artisan] Owl artisan keycap | Black Friday sale,Owly artisan keycap with rotating head - a unique and adorable addition to your setup. Each keycap is made with epoxy resin cast and is fit-tested with an MX stem for compatibility. Please note that each keycap may have slight cosmetic imperfections and variations from one another and the promo photos.  Get ready for an epic Black Friday extravaganza at [https://vkeycaps.art/](https://vkeycaps.art,vadimchers,1,1,1830bfx
1700855003,2023-11-24 19:43:23,2023,11,[Store] Black Friday sale Vkeycaps artisan keycaps,Get ready for an epic Black Friday extravaganza at [https://vkeycaps.art/](https://vkeycaps.art/)!  **Sale Period:** - Start Time: 22.11 - End Time: 26.11  🔥 Don't miss out on these incredible deals: - Save a whopping 30% on ALL products! - Enjoy a massive 50% off on orders over 100 USD!  ## Worldwide Shipping:  - 🌎 International shipping with tracking available. - 📦 Delivery times:   - 15-30 days,vadimchers,1,2,18309i0
1700854835,2023-11-24 19:40:35,2023,11,[US-MO] [H] PayPal [W] idea23 hipro black set,,Beautiful_Giraffe996,1,0,183074r
1700854144,2023-11-24 19:29:04,2023,11,[WTB] PBT Resonance Keycap Base set,"As per title, looking to find a set of resonance keycaps as a gift for a friend.  &#x200B;  It's his grail keycap set so was hoping to find someone who is open to offers!  &#x200B;  Will cover shipping + any related costs on top of keycap price.  &#x200B;  &#x200B;",crossfire2215,1,2,182zxwn
1700853681,2023-11-24 19:21:21,2023,11,[Artisan] Scarameow and Tighnari Keycaps Raffle sale,"Hello everyone, this is a raffle sale for Scarameow and Tighnari Keycaps   Order form is open Friday November 24 1 pm EST  [Order form](https://docs.google.com/forms/d/e/1FAIpQLScEDzSvCO6mqdeqS8wOigWVqDVZU8U2HHjZNwv3HLpb-YL1tw/viewform?usp=sf_link)  [Image 1](https://imgur.com/gallery/zqShUA8) [Image 2](https://imgur.com/gallery/3WmjHQG) [Image 3](https://imgur.com/gallery/yr9hF04)  -Keycaps are 9",sonjie_art,1,1,182zrxn
1700853081,2023-11-24 19:11:21,2023,11,"[US-TX] [H] Built Keyboards, Unbuilt Keyboard Kits & Parts, Keycaps [W] PayPal","####[Timestamps only album, see each item for more pictures](https://imgur.com/a/gNAvf91)  Reduced prices, open to offers.  Local to DFW.  &nbsp;  --- #Built Keyboards / Macro Pads  Many of these may have been built and sitting for a while (stored in lidded boxes in a closet).  I've tested all switches to confirm they are working & have a valid keymap.  Sorry I cannot confirm the finer details suc",IneffableTao,5,5,182zjyb
1700852802,2023-11-24 19:06:42,2023,11,"[CA-MB] [H] Artisans (BroCaps, DeagCaps, HelloCaps, KbKeycraft, BlankWorks, SodieCaps, Fendent, Artzei, Nightcaps, 2T, Bludgeoned, Lividity) [W] PayPal/Trades","Artisans https://imgur.com/a/V9ldsUz    Caps are listed in order from Left to Right, Top to Bottom.  Have | Want -----|----- Artzei Caps Barney Sumkey | 60USD/Trades Blank Works Tiffany Mooing | 120USD/Trades Lividity Caps Totoro Shriek | 120USD/Trades Nightcaps Dreamhouse Eggpilot | 170USD/Trades Bludgeoned Kaps Kevin in the Devastate CW | 90USD/Trades Bro Caps B&W Betrayer | 200USD/Trades 2TCraf",jackedhardwarejunkie,1,3,182zfzg
1700852645,2023-11-24 19:04:05,2023,11,[US-VA][H] Paypal [W] F1-88 WKL Silver,"Looking to buy an F1-88 with a silver top/bottom. Willing to pay extra for it, and preferably via Paypal GnS.   Comment before pm please, thanks!",kcorgis,1,2,182zdsk
1700852531,2023-11-24 19:02:11,2023,11,"[US-VA][H]GMK Stargaze + Novelties, PBTFans Bow, Switches[W] Paypal","Timestamp: https://imgur.com/VAxmLZj   GMK Stargaze Base + Novelties   \- Mounted only a couple of times. G&S - $170   PBTFans BoW Simple Set   \- Used for a week.  shipped G&S - $60   100x Tecsee Honeydew Switches L + F   \- Mounted once for a sound test, didn't like - $70   WILL BUNDLE THESE FOR A DISCOUNT, PLEASE TAKE THEM AWAY FROM ME",X-caliber,1,5,182zc2f
1700851178,2023-11-24 18:39:38,2023,11,[US-PA] [H] GMK Hineybeige Base Kit (Sealed) [W] PayPal,[TIMESTAMP](https://imgur.com/a/hNI196g)   GMK Hineybeige Base Kit (BNIB/Sealed) - $160 (Shipped CONUS)  Please comment before sending a PM. Thanks!,ajka2452,1,4,182ytmb
1700851082,2023-11-24 18:38:02,2023,11,"[Bulk] L&F Switches: Epsilon, Marshmallow, Silent Alpaca, Alpaca","[Timestamp](https://imgur.com/a/Xk1jtIu)    &nbsp;    |**Switches**|**Number of Switches**|**Lubed/Filmed/Ultrasonic Cleaned**|**Price**|**Quantity Avaialble**|	  :--|:--|:--|:--|:--|  |Epsilon|x70|Ultrasonic cleaned then Lubed with 205g0, Springs lubed with 105, Filmed with tx films|$75|1 Pack|  |Marshmallow|x70|Lubed with 205g0, Springs lubed with 105, Filmed with tx films|$75|2 Packs|  |Silent ",nndelgado,1,3,182ysdy
1700851067,2023-11-24 18:37:47,2023,11,[US-CA] [H] Paypal [W] PBTfans Vior,Lmk if you're selling this! Comment before PM,lightzsword,1,3,182ys7a
1700851023,2023-11-24 18:37:03,2023,11,"[US-TX] [H] Pixelspace Capsule, Pixelspace Lens Wristrest [W] Paypal","[Timestamp](https://imgur.com/gallery/jNFpahA)  Prices include shipping to CONUS  Fantastic board, but not really a place for it in my current rotation.  |Pixelspace Capsule (Black/Chroma)|PC Plate, Hotswap PCB, Chroma badge and backweight. Lubed and tuned TX stabs installed/included. Keycaps and switches NOT included.|450 USD. Flawless condition. Assembled for display & has been on display since.",Bdeasyy,1,2,182yrmf
1700850856,2023-11-24 18:34:16,2023,11,[EU-PT] [H] MMStudio Class65 V1 E-white [W] PayPal,[Timestamp and pictures](https://imgur.com/a/X3Iu9Eh)        POM plate included        Soldered PCB - No bluetooth        All accessories of the board included        200€ - Shipping price not included,Katumbas,2,2,182ype8
1700850440,2023-11-24 18:27:20,2023,11,[Store] Flashquark Black Friday Sales are On!,Hundreds of items are currently on sale at https://flashquark.com for Black Friday. Is there anything on our site that you want to see discounted that isn't yet? Let me know in the comments below and I'll see what we can do! :),Touareg3,5,1,182yjyt
1700849798,2023-11-24 18:16:38,2023,11,"[US-PA] [H] TIME 80 TKL R1, HAKKO FX-8880 Soldering Kit, GMK Striker, Delta Keypora Artisan [W] Paypal","[Timestamp / Pictures](https://imgur.com/a/Ac4t6oX)  Hello. Since it is Black Friday, I need to make room for some new items! I am looking to sell these items quickly, and any offers are welcome!  &#x200B;  **Fox Labs Time 80 TKL R1 - $295 OBO**    Completely unused, comes in original box. I believe there is a R2 of this board now but this is a R1 board from around 2017 I believe. WKL format, PCB ",Turbulent-Cup-8545,6,7,182ybmw
1700849281,2023-11-24 18:08:01,2023,11,"[UK] [H] Uwu Owo Deskmat, Astroneko Deskmat, Sendai Deskmat, DSA Astrolokeys Keycaps, Lilac Linear Switches, Marshmallow Switches, Olivia Cable [W] PayPal","[Timestamp & Images](https://imgur.com/a/FFIkiN4)  Please read on if you are interested :smile:  |Item|Description/Condition|Price includes PayPal fees (excludes shipping)| |:-|:-|:-| |**UwU OwO Deskmat (Vanilla)**|Brand new, only opened to check it over and try it once with a keyboard.|**£15.76**| |**Astroneko “Eros” deskmat**|Like new, used a handful of times.|**£15.76**| |**Sendai Waterproof “D",PurrlinMerlin,1,2,182y51q
1700848321,2023-11-24 17:52:01,2023,11,[US-PA] [H] Luminkey80 Assembled 9009 Keycaps $280 Shipped [W] PayPal,"Moving away from TKLs but this is a great board, only have had for a month or so.  [Verification Images](https://imgur.com/a/iTO2FsQ)",linkismydad,1,2,182xrui
1700847108,2023-11-24 17:31:48,2023,11,[EU-PT] [H] PayPal [W] MNK88-T Hotswap PCB (comes with Kage & TGR Jane V2 ME),Open to offers anywhere in the world.,xxxxed,1,2,182xbz9
1700846725,2023-11-24 17:25:25,2023,11,"[UK] [H] Salvation Samurai Blue, GMK Dots R2 Spacebars, JTK Suited Assassin bundle, ID80V2, Glorious GMMK Compact, Doom linears, Glorious Pandas, keycap trays [W] PayPal","[Timestamp and Album](https://drive.google.com/drive/folders/1wbXeHTraROLPntO2nWQlsnnffaKL5Wu2?usp=share_link)  Hi guys, looking to clear out some things I no longer need.  |**Item**|**Price**|**Description**| |:-|:-|:-| |Salvation Samurai Blue with Hotswap PCB, ANSI Solder PCB, POM plate and FR4 plate|~~£350~~ £250|Brand new and unbuilt. Also comes with included Salvun artisan keycap. Selling it ",tomtomdam,1,2,182x71h
1700846425,2023-11-24 17:20:25,2023,11,[EU-DE] [H] Hotswap Lily58 Pro Wireless Nice!Nano with Kailh Choc [W] PayPal,\[[Timestamp](https://imgur.com/a/4X8CjAK)\]  I have this Lily58 I made to work outside home but ended up not using it.  &#x200B;  **Details:**  Low profile Lily58 Pro with white PCB and clear acrylic case.  It's soldered with both MX and Choc hotswap sockets on all keys.  Uses two Nice!Nano (USB C) and already has the batteries attached.  Can come with either Kailh Choc Red or Kailh Choc Brown.  ,miimzyu,1,6,182x335
1700845866,2023-11-24 17:11:06,2023,11,"[US-SC][H]Idobao ID67 v2, KBDFans D45 v1, Gazzew U4T 65g, Gazzew Bobagum RGB 62g, Outemu Silent Lemon v2, Tecsee Carrot Linear [W]Paypal","Looking to offload some stuff I don't use. All of it is practically brand new, just wasn't for me.   [Timestamp](https://imgur.com/a/wxjtJmK)  &#x200B;  |Item|Condition|Price| |:-|:-|:-| |Idobao ID67 v2|Used for a few months, tape mod'd.|$75 Shipped| |KDB Fans D45 v1|Purchased here on MM. Built with Durock V2 stabs (205g0 and dielectric grease). Brass Plate. Used for a day or two.|$100 Shipped| |G",WesM63,2,8,182wvpr
1700845728,2023-11-24 17:08:48,2023,11,[Store] RGBKB Has 25% off everything including Sol 3 and Gazzew Switches!,"Everything at [RGBKB.net](https://RGBKB.net) is 25% off until November 27th!  [Gazzew U4 Switches](https://www.rgbkb.net/collections/switches/products/gazzew-u4-silent-tactile-switches)  [Sol 3 Keyboard](https://www.rgbkb.net/collections/sol-3) \- lowest price ever!  Discount is applied at checkout. RGBKB ships worldwide until Dec 31st, then international sales will be shut off. We are located in ",RGBKB,4,1,182wtsl
1700845232,2023-11-24 17:00:32,2023,11,"[US-HI] [H] W1-AT, Series 6xx, Noxary 378, CRP OG Tulip R1, Beige PBT Dyesubs [W] Paypal","[TIMESTAMP](https://imgur.com/a/02ekFzW)  Free shipping within the US. All items are below cost.   If an item is not available, it will be ~~crossed out~~. For the love of god, please don't ask if something is available if you do not intend to follow up.  \------------------------------------  **W1-AT Silver - $500 shipped**  * comes with sealed PCB, tadpoles, w/e other default accessories it came",legitloinmeat,2,8,182wmr3
1700844735,2023-11-24 16:52:15,2023,11,"[CA-ON] [H] Hotswap PC Bear 65 with extra plate and solder PCB [W] Paypal, Cash","Timestamp: https://imgur.com/a/QIl0pqT  I can meet up locally in the Kitchener-Waterloo, Ontario region. **Will NOT meet up in Toronto area.**  **Please PM, don't use chat. FCFS but locals are preferred. Not interest in trades  Item | Price (USD) | Availability | Condition ---|---|---|--- [PC Bear 65 v1 with extras](https://imgur.com/a/QIl0pqT) | $400USD shipped without keycaps and switches.| Avai",luuhuy,1,3,182wgaf
1700844179,2023-11-24 16:42:59,2023,11,[US-NY] [H] Frog Mini WKL and switches [W] PayPal,"[Timestamp](https://imgur.com/a/jS25ucZ)  I have a bunch of switches that I'd like to get rid of so I can use the containers they were in for other switches. There are at least 70 of each switch. These include Akko Lavender, Vertex V1, KFA N20, Pink Robin, MM studio Mera Mera No Mi, and Dangkeeb Melon Milks (linear). I'd like to ship all of them together in one box for $100.00 CONUS  I also have a",Saundotorakku,1,2,182w8yb
1700842934,2023-11-24 16:22:14,2023,11,[Store] Drop Black Friday Sitebusters are live,"Hey mechmarket! Happy Thanksgiving to all the Americans out there, and happy weekend to everyone else!   Drop's Black Friday celebration has been going on for a week already, and with today being Black Friday, we're bringing out the Sitebusters! New Sitebusters will be posted daily, so be sure to check back throughout the weekend.   **Friday Sitebusters:**  * [SA Oblivion Keycap Set:](https://drop",drop_official,13,5,182vs1j
1700840858,2023-11-24 15:47:38,2023,11,"[US-NC] [H] Paypal [W] Cutting Mat Deskpad, Workpad Deskmat, any Deskmat of that style (blueprint)","Specifically, the green versions that look like the below:  [Novelkeys Cutting Mat Deskpad](https://novelkeys.com/cdn/shop/products/CuttingMat_green_1512x.jpg?v=1657627758)  [Cannonkeys Workpad Deskmat](https://cannonkeys.com/cdn/shop/files/WorkpadsEngineering_900x.png?v=1683047040)  Any others along this style would be greatly appreciated. Thanks everyone!",Buggot,1,2,182v009
1700839045,2023-11-24 15:17:25,2023,11,"[EU-PL] [H] J80 JER-A06, adi122, crp peacock [W] PayPal","Hello, got some keyboard stuff for sale. Feel free to PM, prices are OBO.   Photos and timestamp here--> https://imgur.com/gallery/uKjuuF1   J80 (JER-A06) Round 2 ""Off White”   built with vintage blues with stem swapped to geon tactile and spring swapped to lumia 55g   extra pcb, badges and cable included - 250euro   adi 122 battleship - cherry mx blacks, prob dcs keycaps - 75 euro   crp peacocks ",BORYS_KEYBOARD,1,6,182ucn0
1700838734,2023-11-24 15:12:14,2023,11,"[EU-PL] [H]J80 (JER-A06), adi122, crp peacock","Hello, got some keyboard stuff for sale. Feel free to PM, prices are OBO. Photos and timestamp here--> https://imgur.com/gallery/uKjuuF1   J80 (JER-A06) Round 2 ""Off White”   built with vintage blues with stem swapped to geon tactile and spring swapped to lumia 55g   extra pcb, badges and cable included - 250euro   adi 122 battleship - cherry mx blacks, prob dcs keycaps - 75 euro   crp peacocks - ",BORYS_KEYBOARD,1,3,182u8ml
1700838623,2023-11-24 15:10:23,2023,11,[IL] [H] PayPal G&S [W] Owlab Chalice / ai03 Meridian,* Black/Grey/Silver Chalice * Grey/White/ Silver on Red Meridian   Comment on thread before DMing,resamune,1,4,182u73j
1700838418,2023-11-24 15:06:58,2023,11,"[CN] [H] Matrix Magic 3 80% Pink, Matrix Badges, Matrix Extras, Space65 R3 Fr4 Plate [W] PayPal",[Timestamp](https://imgur.com/gallery/BbgrERH)  I want to sell some board and board accessories:  **Matrix Magic 3 80% Pink sealed -$1100**  **Matrix Pokemon Charmander badge -$80**  **Matrix Snugglecat Nebula badge -$80**  **Matrix 2.0Add Mcu chip -$25**  **Matrix 2.0Add Pc plate -$40**  **Matrix 2.0Add Type-c daughterboard -$30**  **Matrix 2.0Add LED daughterboard -$30**  **Matrix 2.0Add LED rin,Pennyz23,1,1,182u4ek
1700836982,2023-11-24 14:43:02,2023,11,"[Artisan] Ok, hear me out, “Crochet keycaps”🧶 (ACkeys: HandarbeitCat keycaps)",Check out the [HandarbeitCat keycaps](https://imgur.com/a/6QJXcpe)!  Click [HERE](https://www.ackeycaps.com/pages/handarbeitcat-keycap-raffle-sale) for link to the raffle sale!  HandarbeitCat keycaps raffle sale: https://www.ackeycaps.com/pages/handarbeitcat-keycap-raffle-sale  Name: HandarbeitCat keycaps Series: Cat series Quantity: Limited 30 pcs Colors: HandarbeitCat Denim ver. / HandarbeitCat ,Historical_Camp9458,1,1,182tlxt
1700836448,2023-11-24 14:34:08,2023,11,[Artisan] PCraft - Medieval Artisan Keycaps x IV Kanketsu raffle,"Hello everyone,  In this special raffle, we are proud to introduce the **Medieval Artisan Keycaps** in collab with **IV Kanketsu** designed by BLB Studio!!  Please welcome the Medieval Collection:  * **Shino Lancelot** * **Mew Jester**  **Join us at:** [https://pcraft.studio/raffle/](https://pcraft.studio/raffle/)  **HD Images:** [https://imgur.com/gallery/EDvNSY2](https://imgur.com/gallery/EDvNSY",pisculpts013,1,1,182tf9i
1700834461,2023-11-24 14:01:01,2023,11,[Artisan] Metal Daed Owl Groupbuy,"    𝐓𝐨𝐩 𝟑 ARTISAN FROM 𝐊𝐫𝐚𝐤𝐞𝐧𝐊𝐚𝐩| 𝟐𝟒-𝟐𝟔/𝟏𝟏/𝟐𝟎𝟐𝟑    ▪ Silver Metal Daed Owl    ▪ Copper Metal Daed Owl    ▪ Gold Copper Metal Daed Owl    Exquisitely crafted by artisan jewelers, Daed owls transform into a completely different version.    Metal materials and oxidation techniques create a special color for this interesting artisan collection.    💥 Super Black Friday discount    💥 Metal Daed Owl is c",KrakenKap,1,2,182sqlf
1700832497,2023-11-24 13:28:17,2023,11,[Store] Mechbox Black Friday Sale! Big Discounts and Free Switch Samples!,Pretty much all products are discounted! Big discounts on switch samples up to 100% off! Switches in packs of 10 also with big price reductions.         I only really do 1 sale a year so get you switches quick!   Cheers!        Mechbox Matt        https://mechbox.co.uk/,Chamchu,4,1,182s3ie
1700832325,2023-11-24 13:25:25,2023,11,[PH][H]TGR SingaKBD Unikorn R2.2 Berlin Blue with GSK Unikorn Artisan [W]PayPal,"[TIMESTAMP](https://imgur.com/a/LFmQMx0)        I have a ""TGR SingaKBD Unikorn R2.2 Berlin Blue with GSK Unikorn Artisan"", that is FOR SALE only..        Item is brand new and un-built.            Item info:    TGR SingaKBD Unikorn R2.2 Berlin Blue with GSK Unikorn Artisan        • Brand new, complete, unbuilt, with carrying bag    • With 2x Sealed Solder PCBs    • Extra daughterboard with connect",jeiem21,1,3,182s1mo
1700831763,2023-11-24 13:16:03,2023,11,[Artisan] Encanto & Night Encanto Dynamo,"Dynamo - King of the Ocean is back and making waves! 🌊 No more waiting around because this time, Dynamo is adorned in the vibrant colors of the Day of the Dead festival. But that's not all – Dynamo is not just bringing one, but two stunning outfits to the table. Introducing Encanto - the festive Day of the Dead ensemble, and Night Encanto - the battle-ready attire. 💀👑  🌈 Encanto - Festival Attire:",TienPekaPooh,1,2,182rvei
1700830653,2023-11-24 12:57:33,2023,11,"[US-MI] [H] Mechlovin Olly Orion PCB, Duck Orion V3 CF Plate, Duck Jetfire PCB, Jetfire FR4 plates [W] PayPal, Venmo","[Timestamp](https://imgur.com/a/FFj6He7)  PCBs and plates for Duck Orion V3 and Duck Jetfire:  * Mechlovin' Olly Orion PCB for V3 (new) = $50 * Orion V3 CF plate (*fixed 7u spacebar, ANSI)* = $25 * Jetfire stock/OEM PCB (new) = $45 * Jetfire Half FR4 plate = $25 * Jetfire Full FR4 plate = $25  Prices are OBO and reasonable offers are welcome.  Bundles will get a discount.  Free shipping to USA (al",madmax252,2,6,182rj1v
1700829511,2023-11-24 12:38:31,2023,11,"[AU] [H] Mode Sixty-Five, Planet65, GMK Amethyst Dark, GMK Inukuma, GMK Awaken, , GMK Dots Dark R2, GMK Maestro, EPBT Solaria, IFK Monochrome, Cheap boards, Cheap keycaps, freebies [W] Paypal","Please note - I am in Australia with shipping not included in prices, I can do international postage, but the rates aren't great. On the same note, the majority of things I sell go overseas so prices are in USD for comparability. Can also do organise pickup Brisbane 4510. Negotiable on prices mainly if combining.  Happy to consider and negotiate any trade offers too.  Mode Sixty-Five (Mode 65) - S",tkeatingt,2,3,182r7f1
1700823529,2023-11-24 10:58:49,2023,11,[PH][H]SingaKBD x TGR Unikorn R2.2 Berlin Blue with GSK Unikorn Artisan [W]PayPal,"[TIMESTAMP](https://imgur.com/a/LFmQMx0)        I have a ""SingaKBD x TGR Unikorn R2.2 Berlin Blue with GSK Unikorn Artisan"", that is FOR SALE only..        Item is brand new and un-built.        Item will be shipping from the Philippines.      &#x200B;  >    Item info:    SingaKBD x TGR Unikorn R2.2 Berlin Blue with GSK Unikorn Artisan        • Brand new, unbuilt, with carrying bag    • With 2x Se",jeiem21,1,3,182pn53
1700822493,2023-11-24 10:41:33,2023,11,[US-TX] [H] Mr. Suit WKL Babypowder [W] PayPal or Local,"[Timestamp + Gallery](https://imgur.com/a/2KjJD3B)  Selling Mr. Suit WKL in babypowder with black weight. Hotswap PCB, Spare Hotswap PCB which was mounted just to test functionality then removed right away, POM Plate, Owlstabs, OG Box(not the best condition) and Accessories.  Has a very very small chip? nick?(idk what to call it) on the top case right underneath the space bar. put next to a measur",ikzbear,1,2,182pek6
1700822073,2023-11-24 10:34:33,2023,11,[EU-DE] [H] PayPal [W] WK Tofu60 Redux Case/Barebone (White),[removed],AltruisticTitle7355,1,0,182paod
1700821870,2023-11-24 10:31:10,2023,11,[Artisan] Atelier Axiom | RK-01 Parametric Keycap,[removed],Atelier_Axiom,2,1,182p8sc
1700817942,2023-11-24 09:25:42,2023,11,"[US-NY] [H] Paypal, Venmo [W] Custom-built split columnar stagger keyboard.","Looking for someone to build me my first ergo-keyboard. 12g Choc springs with a function row (most kits only have number row). Also, thumb keys as well. Corne-style is a good base. ",Maverickman1313,1,6,182ocij
1700814857,2023-11-24 08:34:17,2023,11,[Artisan] Just dropped the first Festive Collection.,"Imagine a cozy bookshelf adorned with festive ornaments, making your keyboard a winter wonderland! Let's turn our setups into a bookish Christmas dream!        You will receive all selected keycaps as requested. All orders will be shipped out within 1 week, however it may take longer depending on the volume of orders. Updates will be posted on my Instagram stories.  [Shop here](https://www.zestize",Zeneith_,2,3,182nm9m
1700814592,2023-11-24 08:29:52,2023,11,[Artisan] Big Blind Bag Sale,Hey everyone!   Big Black Friday Sale is now online. ‼️ 100% chance to win a Keycap ‼️ All entries will receive a invoice.   Pic of Keycaps  https://imgur.com/gallery/Bqqv1rG  Information about the raffle can be found below.  Link for purchase entries:  https://hydrakey.nl/  **Cap price ** 30 euro Excl. Shipping  Raffle **information:**  Estimated shipment date: December 5th  Raffle closing Novemb,Gamingirlsam,1,1,182njt0
1700813567,2023-11-24 08:12:47,2023,11,[US-FL][H] PayPal[W] Osume Winterglow Keycaps & Novelties,[removed],Pho_King00,1,0,182nas6
1700812942,2023-11-24 08:02:22,2023,11,"[US-WA] [H] CW60 Skunkworxxx LE WKL, C3 Tangerines L+F, Gateron cream soda, WS Brown tactiles, Kineticlabs moon v2 L+F+SS [W] Paypal","If you buy more than 1 batch of switches, I'll give you a discount of $5 for each extra batch. (Local or shipped) So if you order 2 batches of switches you'll get $5 off.      local to bellevue WA 98006 for local deals     timestamp: https://imgur.com/a/y4ZERzl     CW60 Skunkworxxx LE Full built FLAWLESS - $390    built with Gateron box inks v2 L+F+SS with 55G springs on a pom plate.     Take with",Thedogatethecat2,1,3,182n580
1700810825,2023-11-24 07:27:05,2023,11,"[US-CA] [H] ZoomPad in E White PVD mirror silver knob and weight [W] Paypal, Local","[Timestamps](https://imgur.com/a/XA1ec6b)  BNIB ZoomPad in E-white, (pvd mirror silver) Nightlight Knob & Weight, Tri-mode Non-flex Cut Hotswap RGB PCB, ZoomPad stabilizers, no switches. Asking for $150 shipped CONUS Local is Bay Area",Slight_Bumblebee_940,1,2,182mlo6
1700806981,2023-11-24 06:23:01,2023,11,[Artisan] Mastonon Blacked Fulfillment,Hope everyone had a great thanksgiving! All caps at a reduced price!  &nbsp;  [Keycap Gallery](https://imgur.com/gallery/XccXMsA)   [Raffle Entry Form](https://forms.gle/zVnTF7XEfU4gTfAZ8)  &nbsp;  --- #For your health... ---  ##Available Keycaps  | Sculpt   | Colorway    | Price     | |:-----------|:------------|-------------:| | Shitface | Blacked |     $39.69 | Shittierface | Blacked |     $39.,Blacklistage,6,1,182lkfy
1700805355,2023-11-24 05:55:55,2023,11,[VN][H]hand engraving keyboard kit[W] paypal,"T[ime stamp and pics](https://imgur.com/gallery/TeAAsG6) https://imgur.com/gallery/TeAAsG6 I have had this keyboard for long time from when i engraved it, today i want to pass it to another guy that have taste in gentle western scroll work pattern.  Price is 2000us excluding shipping,  Keyboard inf:  name : original Vkg whale limited edition by LinWork no 20/40  Condition: engraved, unused, unbuil",nb_hand_graver,14,8,182l3ip
1700804218,2023-11-24 05:36:58,2023,11,"[US-AK][H]Rama Kara SEQ 1 Moon, Mode Envoy PC [W] Paypal, Rama Thermal, Saturn60","[Timestamp](https://imgur.com/a/YlNzxvH)  Hello all, just doing some winter cleaning  Switches and keycaps not included  &#x200B;  |Mode Envoy |PC + Multicolored Accent + Multicolored Weight + Pom Plate + Hotswap + Foam Kit|$300 shipped| |:-|:-|:-| |Rama Kara SEQ 1| Moon + Hotswap|$200 shipped|  &#x200B;",snewin,2,7,182krss
1700800290,2023-11-24 04:31:30,2023,11,[Store] Keyboard Treehouse BF Sales,"We have sales going on at keyboard treehouse! Link: [https://keyboardtreehouse.com/collections/black-friday](https://keyboardtreehouse.com/collections/black-friday)  These include:  Satellite 65% - Our entry level satellite for unbeatable value, including staebies and shipping  https://keyboardtreehouse.com/products/black-friday-satellite-kit-pcb  Sat + PCB = 200AUD / ~130 USD  Sat + PCB + 2x pack",brimstoner,3,1,182jlbs
1710460523,2024-03-14 23:55:23,2024,03,"[EU-CH][EU-DE] [H] BM60, Lily58 [W] Paypal",[removed],Key_Actuator_585,1,0,1bf01wi
1710460398,2024-03-14 23:53:18,2024,03,"[US-FL][H] Paypal [W] GMK Burgundy, Violet on Cream, Solarized Dark, Dolch r5 + hangul, Classic beige hangul kit","Looking for the keysets in the title, in any condition, please send me a message if you have any of them.",Spacehok,1,2,1bf005x
1710460137,2024-03-14 23:48:57,2024,03,"[Artisan] FactoKey - BJORN & GUDRUN - Raffle Sale, Friday","Hello world  Let us introduce Gudrun and Bjorn, our latest sculpts inspired in the Nordic old ways.  Their introductory colorway: MODO light will give a minimal and clean feel to your set up.   Images:   https://imgur.com/a/4CHc0qv  Raffle form  https://docs.google.com/forms/d/e/1FAIpQLSfjRh1CxYewbvT7qJLR0ycomz9RUZjvSlK92t39Bq6NTslwIQ/viewform?usp=pp_url   —----------------------------------------",JmaGax,3,1,1bezwgu
1710460117,2024-03-14 23:48:37,2024,03,[US-CA] [H] Paypal [W] Geonworks Glare 65,I'm looking to buy a Geonworks Glare 65 in the raw finish with a hotswap pcb.  ,Gizlby22,1,1,1bezw6u
1710460015,2024-03-14 23:46:55,2024,03,[US-CA] [H] Chimera 65 E-White/Gold R2 [W] Paypal,[Timestamp & Pictures](https://imgur.com/a/LHir1gs)  This just arrived today and since ordering I've put a hiatus on how much into MK I'm into. This is the round 2 version of the Chimera 65.  **Price**: ~~$800~~ $750 paypal/shipping fees included  **What You're Getting**:  * Chimera 65 R2 Board in E-White/Gold * PCB: Hotswap * Plate: FR4 * Extra - PCB: Hotswap * Extra - Badge: Silver * Extra - Bad,hellowowo,1,3,1bezusd
1710459953,2024-03-14 23:45:53,2024,03,"[US-VA] [H] GMK Lavender Rabenda, Cerakeys V1 [W] PayPal","[TIMESTAMP](https://imgur.com/a/Xf3RjzM) **- \[CONUS only\] - PayPal G&S**   Willing to listen to any and all offers as well!        **WTS - for ME:**   \~ GMK Lavender Rabenda Base Kit with very slight texture loss (in bags) - $95 shipped     **WTS - for a friend:**   \~ Cerakeys V1 Crazed Blue with Legends Full Keycap Set - $80 + shipping   \- EXTRA Pink Blank Child Kits (F - Rx1u 4PCS, G - 6.25",alananab,1,1,1beztxi
1710459657,2024-03-14 23:40:57,2024,03,[US-CA] [H] Paypal [W] KBDfans KBD67 Lite ABS Plastic Case,Might also consider some other black plastic cases just hit me up with offers.,KoalaTux,1,4,1bezpzu
1710459624,2024-03-14 23:40:24,2024,03,"[US-CA][H] Chimera65 R2, MT3 Cyber [W] Paypal",[timestamp](https://imgur.com/a/hQoze5a)  Brand new sealed Chimera65 R2 in Sorcerer. Only opened to inspect. $850 shipped CONUS  Comes with  * 1 hotswap PCB * 1 soldered PCB * 1 FR4 plate * 1 CF plate * x2 daughterboards  * brass weight * Aluminum Chimera keycap * Carrying case and all included hardware  &#x200B;  Also have  * Sealed MT3 Cyber - $60 * sealed artifact shield series purple on black ,Sprockies,1,1,1bezpj9
1710459523,2024-03-14 23:38:43,2024,03,"[US-VA][H] KBD67 Lavender, POM Jelly Rainbow, x67 L+F Roselios [W] Paypal","[Timestamp](https://imgur.com/a/idyOICd) / CONUS Shipping Only / All prices include shipping  **KBD67 Lavender\* | $100**   \- Used on and off for 2 years, excellent condition   \- L+F Durock stabs   **POM Jelly Rainbow Keycaps\* | $30**   \- Used on and off for 2 years, excellent condition   **x67 L+F Roselios\* | $40**   \- Lubed with Krytox 205g0 & Novelkey films   \*\*\*\*\*Willing to bundle b",soylemon,1,1,1bezo80
1710459334,2024-03-14 23:35:34,2024,03,"[CA-QC] [H] JTK Nightsakura bundle (all kits) [W] Paypal, EMT","[timestamp](https://imgur.com/a/lkYD2iw)  Selling JTK Nightsakura - all kits no deskmat (base, latin alphas, novelties, gray novelties, gray mods, gray + pink bars) for **$150 USD + shipping via Paypal G&S or EMT(Canada only)**. Shipping within Canada/CONUS only.  Condition is like new / no shine, only mounted for display. Please refer to imgur album for reference.  Comment before pm, thanks!",Koikou,1,1,1bezlp8
1710458525,2024-03-14 23:22:05,2024,03,[KW] [H] Paypal [W] duck keyboards,"Hello,  Im looking for:  - Duck Orion V3  - Duck Eagle / Viper  Please comment before PM  Thanks :) ",z28_q8,1,1,1bezapk
1710458520,2024-03-14 23:22:00,2024,03,[US_CA] [H] PayPal [W] Raw Geonworks Glare 65 w/ HS pcb,Hi I'm looking for a new or like new Glare 65 in Raw with a Hotswap pcb.  Let me know if you're interested in letting go of yours.  Will go to a good home.,Gizlby22,1,1,1bezamt
1710458275,2024-03-14 23:17:55,2024,03,[US-CA] [H] Paypal [W] Raw Geon Glare 65 w/ HS pcb,[removed],Reeves_Studios,1,0,1bez793
1710458264,2024-03-14 23:17:44,2024,03,"[US-CA] [H] Gmk soyamilk deskmat slice of home, Namong Soyamilk Artisan [W] Paypal","[timestamp](https://imgur.com/a/sGo38a5)  New Slice of Home soyamilk collab deskmat from cannonkeys, never been used but has a small dark smudge near center of deskmat - $45 shipped  Namong DJ Peng Soyamilk artisan, 1/5 $80 shipped [does not come with Namong box but has authentication card + sticker] ",taskami,1,1,1bez73o
1710458140,2024-03-14 23:15:40,2024,03,"[US-CA] [H] GMK soyamilk slice of home deskmat, Namong Soyamilk Artisan","[timestamp](https://imgur.com/a/sGo38a5)  New Slice of Home soyamilk collab deskmat from cannonkeys, never been used but has a small dark smudge near center of deskmat - $45 shipped  Namong DJ Peng Soyamilk artisan, 1/5 $80 shipped [does not come with Namong box but has authentication card + sticker] ",taskami,1,1,1bez5ej
1710458000,2024-03-14 23:13:20,2024,03,[US-IA] [H] PayPal [W] PBTfans Neon keycaps,"Hi, looking for the PBTfans Neon base set and teal alphas as well. Please leave a comment before DMing, thank you!",-Grizzl3D-,1,2,1bez3i9
1710456929,2024-03-14 22:55:29,2024,03,[US-WA] [H] PayPal [W] GMK Burgundy base,"Looking for GMK Burgundy, preferably R3 base kit, will pay for spacebars or alt alphas as well if you don't want to separate the kits from the base kit.  Please comment PMed before pming",stalking_brianO,1,1,1beyojq
1710455938,2024-03-14 22:38:58,2024,03,"[EU-NL] [H] Planch Rev6 (un-assmebled), Preonic Rev3 w/ DSA, Poker 2 [W] Paypal, Local cash",[timestamp](https://imgur.com/a/nUjgyEG)  - Planck Rev 6. ~100€ New - Massdrop x OLKB Preonic Mechanical Keyboard Rev3 2019-10-11 ~150€ New 	- with /DSA Keycaps for 60/65% - White & Grey   	- with Cherry Switches (Pack of 10) - Brown 5x £27.50 	- extra ALU Feet - Gray £15 	- with Genuine Cherry Stabilisers - PCB Mounted £8.00 	- extra Cherry Switches (Pack of 10) - Clears 2x £12.00 - Poker II (blu,oschrenk,1,4,1beyaky
1710455482,2024-03-14 22:31:22,2024,03,"[US-VA] [H] Prophet WKL Nylon Plate, Project Keyboard Sirius POM 60%, lubed retools, first run stems, lubed Inks, GMK Analog Dreams R1 [W] Paypal","[Timestamps](https://imgur.com/a/NCvLccd) [more](https://imgur.com/a/6uSKtVI)  &#x200B;  Prices have been reduced. Prices are firm unless I note OBO. Please post in thread before PMing. (I don't typically see chats, please make sure you sent a PM!) Thanks!  &#x200B;  **Boards**:  &#x200B;  **Standard layout POM Sirius**  Machined POM, original price $300+  Comes with a Wilbatech WT60-D Mekanisk PC",BlameThePinot,1,2,1bey4cx
1710454394,2024-03-14 22:13:14,2024,03,"[US-GA] [H] Silver & Green Kalam Unikorn, Starry Night PVD Matrix Corsa, PC ParamountKeeb Jixte, GMK 80082, GMK Deepwell, GMK Botanical Standard, GMK DMG Latin, KKB Darling, KKB WoB, Aifei Pyga TKL, (L+F+SS): x90 HG MX Blacks, x90 Retooled MX Blacks, 2 Packs of x90 MX Black Clear-Tops [W] Paypal","[Timestamp](https://imgur.com/a/FwoBdOw)  * Please **comment and** **send a DM** (**not a chat invite**) if you are interested in any item! * **Shipping is $5** (USPS Ground Advantage) for **switches**, **$9** for **keycaps**, and **$12** for **keyboards** for **CONUS**. The **listed price does not include shipping.** * I will use **PayPal** to **send** an **invoice.** * I **prefer shipping** to *",Darkage911,1,1,1bexocv
1710454390,2024-03-14 22:13:10,2024,03,"[EU-NL] [H] Planch Rev6 (un-assmebled), Preonic Rev3 w/ DSA, Poker 2 [W] Paypal, Local cash","- Planck Rev 6. ~100€ New - Massdrop x OLKB Preonic Mechanical Keyboard Rev3 2019-10-11 ~150€ New 	- with /DSA Keycaps for 60/65% - White & Grey   	- with Cherry Switches (Pack of 10) - Brown 5x £27.50 	- extra ALU Feet - Gray £15 	- with Genuine Cherry Stabilisers - PCB Mounted £8.00 	- extra Cherry Switches (Pack of 10) - Clears 2x £12.00 - Poker II (blue switches, black keys) (100€ New)  Happy ",oschrenk,1,3,1bexob3
1710454155,2024-03-14 22:09:15,2024,03,[US-FL] [H] PayPal [W] GMK Signal,Looking for Signal base kit + space bars kit. Shine doesn’t really matter to me. Comment before PM.,dank-meemer,1,3,1bexksw
1710453821,2024-03-14 22:03:41,2024,03,[US-FL] [H] PayPal [W] GMK Signal,[removed],Grand_Lengthiness166,1,0,1bexfth
1710453282,2024-03-14 21:54:42,2024,03,[Store] UNIKEYS |We have made great progress on HMX restock/HMX Xinhai switches/HMX Sunset Gleam switches/HMX Cloud switches/HMX Jammy switches/HMX Blue Topaz Switches/HMX Swift Switches,"Hi everyone, this is Dashan from [Unikeys](https://unikeyboards.com/),        The HMX drought is about to end! Since HMX resumed production after the New Year holiday, we have been gradually receiving restocks since then. For now, most of the HMX switches are back in stock, and the rest of the collection will be restocked in about 1-2 weeks.        HMX Restock        1.[HMX Xinhai Switches](https:",Dashan-Yuan,2,1,1bex7wc
1710453151,2024-03-14 21:52:31,2024,03,[US-LA] [H] Paragon75 [W] Paypal,[https://imgur.com/a/vffWNm0](https://imgur.com/a/vffWNm0)  Hotswap Gunmetal with Silver Weight and rotary encoder.  Will come with GMK HAKU set (including original box). Lubed & filmed Banana Milk switches from DangKeebs.  Asking 425 + free shipping ,rei_waifu,2,1,1bex65e
1710452694,2024-03-14 21:44:54,2024,03,"[US-CA] [H] RAMA U80 Seq 2, Paragon75, Various GMK, ePBT Dreamscape, PBT Bingsu [W] Paypal","Timestamp:  [https://imgur.com/a/KDEpgxz](https://imgur.com/a/KDEpgxz)  &#x200B;  * BNIB Paragon - $350 OBO + Shipping    E White, Aluminum Plate, Hotswap, Include Gunmetal Gray Keylab Knob. Small scratch on the side.     * RAMA U80A SEQ 2 - $350 OBO + Shipping    Moon Stealth. Built with Cherry Black lubed with Krytox. Includes W02 - A Damper.     * GMK - Each $100 OBO + Shipping    Peaches n Cre",Kss98031,1,3,1bewzmr
1710452531,2024-03-14 21:42:11,2024,03,"[US-OR] [H] Ikki68 R2 Snow (Barebones), Built Zoom65 EE Mirrored SS, GMK Blossom w Novelties [W] Paypal","[timestamp](https://imgur.com/a/nfxNkaf)  Selling a few things,  Ikki68 Snow with Alu top, comes with carrying case as well as an extra brass plate. Built with PE foam and tape modded, will come with two hyperglide browns to keep the pcb and plate connected - 180$ shipped OBO  Zoom65 Sky blue with SS weight, unlubed Boba U4T’s, and Cannonkeys PBT Noel. Will come with carrying case - 350$ shipped O",Upset-Brilliant3079,1,2,1bewxaj
1710452086,2024-03-14 21:34:46,2024,03,[CA-ON] [H] PayPal [W] Merisi OQ,I’m looking for Merisi Ottantaquattro. Please send a message and also leave a comment here.    Thanks,StarsAreHiding,2,2,1bewqvu
1710452023,2024-03-14 21:33:43,2024,03,[CA] [H] PayPal [W] Merisi OQ,[removed],StarsAreHiding,1,2,1bewpyv
1710451792,2024-03-14 21:29:52,2024,03,[Store] 40% off Site-Wide on Vala Supply (Pi Day Exclusive),"##[**In stock keycaps, keyboards & more - 40% off for a limited time! →**](https://vala.supply/)  Hello r/mechmarket!  We're currently hosting a Pi Day sale - you can get **40% off** sitewide* until Thursday, March 14th at 11:59PM PDT - including pre-orders!  *\*Paragon & Swiss keyboards are not eligible for our Pi Day sale.*  Here's a quick highlight of some of the items available for our sale, b",valasupply,1,4,1bewmkx
1710450293,2024-03-14 21:04:53,2024,03,[US-NY] [H] PayPal [W] Aluvia and alumizu keycap set,,scalyflea815,1,1,1bew0p9
1710449984,2024-03-14 20:59:44,2024,03,[Artisan] ETF-XXVII,"Today we have:  ___   **[Impending Doom](https://i.imgur.com/9mBwO9E.jpg) 12/12**   **Fugu v3 + Moonblank $55** ___ **[Previous Shots Catalog](https://imgur.com/a/4iiMq2C)** ___  * Form stays open for an hour (3pm Pacific), invoices follow shortly after. * Incorrect answers on trivia = 💀 * Form is [**>>here<<**](https://forms.gle/L8ztEcMtaxKsxZ4N7)   ___",Eat_the_food,4,8,1bevw34
1710449610,2024-03-14 20:53:30,2024,03,[US-NY] [H] Sirius WK [W] PayPal,"Timestamp:  [Here](https://imgur.com/PZpeHAH)  Keyboard bought from [here](https://www.reddit.com/r/mechmarket/comments/hmam24/uswa_h_sirius_liminal_w_paypal/) and barely used.   |Sirius WK|Built with Creams, lubed and filmed w/205g00. Stabilizers lubed with 205g00. DZ60 USB-C PCB. Black weight. POM plate. Also comes with an extra FR4 plate. Very good condition.|$260 shipped CONUS | |:-|:-|:-|  Th",Hjilp,1,1,1bevqsi
1710449290,2024-03-14 20:48:10,2024,03,[US-WA] [H] Flower Moon Fugkotsu (ETF x Hello Caps) [W] PayPal,"[Timestamp](https://imgur.com/94hIo3f)  Hello friends, looking to sell this artisan.  ETF x Hello Caps **Flower Moon Fugkotsu** \- $75 shipped **CONUS ONLY**  Comment before PM, FCFS, thanks!",FilthyMike720,1,1,1bevm4r
1710448778,2024-03-14 20:39:38,2024,03,"[US-TX] [H] Paypal [W] Autumn Lilac Kohaku, Green Kalam Unikorn",[removed],Kbdjent,1,0,1bevepw
1710448572,2024-03-14 20:36:12,2024,03,[US-GA] [H]Paypal [W] GMK Apollo Numpad and Novelties,"Comment before PM please, no chat. Thanks in advance",wormocious,1,1,1bevbtg
1710448148,2024-03-14 20:29:08,2024,03,[US-OH] [H] Happy Hacking Professional 2 (Black) [W] PayPal,"[Timestamp](https://imgur.com/a/dvkJRrX)  $200 or best offer  Bought it back in 2019 and used it for maybe 6-9 months total (on and off use, switching between other keyboards). Mainly just been sitting on a shelf collecting dust.  Works like new but ***doesn't*** come with the original box or cable.   PM or comment for any questions!",magnamite9,1,2,1bev5pt
1710446491,2024-03-14 20:01:31,2024,03,"[US-AR][H]QK100, Gmk Rainy Day, Gmk Zooted, Gmk Arch + other Keycaps, Switches, Artisans and Keyboards [W] Paypal or Local cash","[Timestamp](https://imgur.com/a/MwDJxvX)  Hey MechMarket,  Looking to get rid of some things as i change up plans.  Everything is open to reasonable offers and bundles.  Prices include shipping.   Keycaps   Gmk  Rainy Day - Bought second hand look unused - $150   Gmk Zooted - Bought second hand look unused - $120   Gmk Arch - Bought from here look unused - $120   NK Charcoal NK sand and NK Stone -",PirateJinbe,1,1,1beuhp0
1710446168,2024-03-14 19:56:08,2024,03,"[EU-PT] [H] Cruel World CW60, JLabs Augur60, Prophet60, Command65, GMK sets, Epbt sets, Matrix Falcon Topre Kit [W] PAYPAL","[TIMESTAMP](https://imgur.com/a/Euc1ag6)   Hello Keyb fellows, the time has come to make space for other builds.   Can provide further pics of any item you might be interested in.   Based in Portugal/EU, so preference for a sale within the EU.   Open to send internationally.   **BOARDS**   **Cruel World CW60** (bnib) - Grey WKL + solder pcb + extra solder pcb + PC half plate + CF bottom plate - 58",fonrenovatio,1,1,1beucsx
1710445992,2024-03-14 19:53:12,2024,03,[CA-ON] [H] J-02 (Black / WKL / Blackout Edition) [W] Paypal or Trades,"[timestamp](https://imgur.com/a/l1mo8uE)  \- comes with extra compatible hotswap PCB (bakeneko PCB)  \- configuration: ansi, carbon fibre plate.   \- completely new, only mounted the plate and screwed in the daughterboard. didn't even mount keycaps on.  \- reason to sell: it's a gorgeous board, i just have two J-02 (one is black, aka this one, and another one). I realized I really don't need two a",PasteIIe,1,2,1beuaaf
1710445819,2024-03-14 19:50:19,2024,03,"[US-MN] [H] PayPal [W] Zoom75, QK75n, etc.","Trying to find a nice-ish keyboard for a new build, something like a Zoom75, QK75n, or similar. Needs to be wireless (2.4GHz usb/tri-mode) and white or grey. With or without switches/keycaps is fine.  For reference, I've got an NJ80ap and Keychron V1 at the moment, want something nicer than those.   Have a couple trades on here, and over 100 on /r/hardwareswap.",Staas,1,1,1beu7p0
1710445537,2024-03-14 19:45:37,2024,03,[US-VA] [H] BNIB Stock x216 Nixes and x90 Cherry MX Black Hyperglides [W] Paypal,"[*Timestamp*](https://imgur.com/a/lEWbW5q)  To anyone that stumbles upon this post, cheers! I am selling 6 boxes of 36 sets of Nixies bought from Novelkeys and x90 Cherry MX Black Hyperglides bought from Swagkeys, want to sell altogether for $110 shipped OBO, never used/mounted BNIB just sitting in my shelves collecting dust that needs a new home!",kimpai,2,2,1beu3jy
1710445503,2024-03-14 19:45:03,2024,03,[US-TN] [H] PayPal [W] HHKB Studio,Looking for any available and fully functional but open to condition. Paypal G&S and/or will travel (reasonable distance) for pick-up at secure location (i.e. police station).,godddamnit,1,2,1beu32b
1710445246,2024-03-14 19:40:46,2024,03,"[US-PA] [H] Bauer Lite Ghost Edition, KTT Vanilla Ice Cream [W] PayPal","[Timestamp](https://imgur.com/a/VhqnLf3)  I bought this a couple months ago but I never built int, and have since been given a Mode tempo, so I no longer need it.   Looking for $100 for the kit.  Also have pre lubed stabilizations that I’d throw in for $15.   Looking for $40 for the switches (90 count). ",Xxav,1,1,1betz81
1710445160,2024-03-14 19:39:20,2024,03,[US-TN] [W] HHKB Studio,Looking for any available and fully functional. Do not have any trade offers. Paypal G&S and/or will travel (reasonable distance) for pick-up at secure location (i.e. police station). ,godddamnit,1,1,1betxzv
1710444911,2024-03-14 19:35:11,2024,03,[CA-ON] [H] PayPal [W] GMK Botanical Novelties,"Looking for GMK Botanical Novelties, any condition  Can meet in the GTA, or I’ll pay for shipping. I just want to avoid paying for DeskHero shipping. I’m looking for a lower price than the total of that.",namgavemetheseskills,1,1,1betuew
1710444306,2024-03-14 19:25:06,2024,03,[US-MD] [H] Boog75 Shockwave Prebuilt [W] Paypal,"Timestamp: [Here](https://imgur.com/a/oDGImd3)  Asking $230 including shipping to CONUS. Includes carrying case + coiled cable  Impulse bought it, then regretted it because I prefer to build my own boards. Only opened the box to look at it (and take pictures of it), it's never been used.   Comment before PM please. ",jeauvi,1,2,1betlq7
1710443533,2024-03-14 19:12:13,2024,03,"[US-CA] [H] Iron180, Nazare [W] PayPal","[Timestamp](https://imgur.com/a/XEyOOPK)  Iron 180 -  Alu bot, graphite, wkl, tsangan w/ used pcb and plate + new pcb. $425+ shipping.  BNIB Nazare 60 - black top / white bottom with full kit plus 1 additional pcb and 1 carbon fiber plate. $450+shipping.        Comment before PM. CONUS only.",chafalama,1,1,1betak7
1710443194,2024-03-14 19:06:34,2024,03,"[US-CT] [H] RAMA Zenith Kuro Hotswap, GMK Nord, PBT Milkshake, Osume Tsukumi, Ink Blacks [W] Paypal, Local Cash","I have found endgame and need to dump some stuff. Would prefer to have to ship as little as possible. If the lower-dollar items don't move I may throw them in with the more expensive stuff.  Timestamp + more pics:  [https://imgur.com/a/cYHzQmZ](https://imgur.com/a/cYHzQmZ)  &#x200B;  Boards:  =====================  $450 Shipped - NIB Rama Zenith Kuro, Brass plate, hotswap PCB. There may be Durock ",Top_Director,1,1,1bet5jt
1710443038,2024-03-14 19:03:58,2024,03,[US-CA] [H] Artisans [W] PayPal,[**Timestamp**](https://imgur.com/a/b7GMrBZ)  ||A|B|C|D|E|F|G| |:-|:-|:-|:-|:-|:-|:-|:-| |1|Hello Caps My Neighbor Bongo - $800|NightCaps Mo Face Fugthulhu F2 - $400|Lotus Totoro Grinix - $150|Alpha Keycaps No Face Keypora - $300|Alpha Keycaps Haku Geekpora - $125|No Face Care Bare - $75|Totoro Jamjams - $125| |2|Hello Caps Protoro Bongo - $800|NightCaps Mo-Face Idyllwild - $400|No Face Grinix - $,orzhenry,1,2,1bet37b
1710443034,2024-03-14 19:03:54,2024,03,"[US-SC] [H] Kinesis Advantage 360 Smartset, Piantor Pro 42-key [W] Paypal","[Verification Pic](https://i.imgur.com/V6MAaBm.jpeg)  Hi all, for sale today are two split keyboards. They've been lightly used, and well taken care of in a smoke-free home. After trying a few boards, I settled on a wireless corne 5-column setup, so I'm letting these bad boys go to a good home.  - [Kinesis Advantage360 Smartset](https://kinesis-ergo.com/products/#adv360) with Kailh Pinks - $425 in",the_bengal_lancer,1,1,1bet35o
1710442983,2024-03-14 19:03:03,2024,03,[CA-NS] [H] Paypal [W] GMK Umka,"Looking for GMK Umka, comment before PM. Not super picky on condition reach out with whatever youve got. ",St-ealthassassin,2,1,1bet2dw
1710442787,2024-03-14 18:59:47,2024,03,"[USA-SC] [H] Kinesis Advantage 360 Smartset, Piantor Pro 42-key [W] Paypal","Hi all, for sale today are two split keyboards. They've been lightly used, and well taken care of in a smoke-free home. After trying a few boards, I settled on a wireless corne 5-column setup, so I'm letting these bad boys go to a good home.  [Verification Pic](https://i.imgur.com/V6MAaBm.jpeg)  - [Kinesis Advantage360 Smartset](https://kinesis-ergo.com/products/#adv360) with Kailh Pinks - $425 in",the_bengal_lancer,1,3,1besz8u
1710442602,2024-03-14 18:56:42,2024,03,[US-OH] Happy Hacking Keyboard Pro 2 (Black) [W] PayPal,"[Timestamp](https://imgur.com/a/dvkJRrX)  $200 USD or best offer  Bought it back in 2019, ended up using it for maybe 6 months total on and off over the years. Just been sitting collecting dust for the rest of the time.   &#x200B;  Works like new but ***doesn't*** come with the original box or cables though!",magnamite9,1,1,1beswmm
1710442142,2024-03-14 18:49:02,2024,03,"[US-NJ] [H] PayPal, Local Cash [W] Owlab Spring",Any color is fine. Can send payment any way you need. Thanks!,OrinNY,1,2,1bespv3
1710442034,2024-03-14 18:47:14,2024,03,[US-WA] [H] Cartel Contra 40% Ortholinear [W] Paypal,"$40 seem fair? If you're outside North America maybe an extra few bucks for shipping.  This is from the original? run of boards right after they switched from the ""Danck"" name. I'm no pro-solder man, but I've never had a problem with it working. I've used it very little. I got it to try Ortholinear and it's just not my thing. It's been mostly sitting since I built it in 2017.  The switches are wha",slycoder,1,2,1beso98
1710441556,2024-03-14 18:39:16,2024,03,[EU-IT] [H] Paypal [W] split keyboard smaller 36/42 corne/piantor,"So as title says, wana try one of the split minimalist keyboards.  So if anyone has any he wishes to part ways with feel free to hit me with an offer.  Thanks",denisgsv,1,1,1besh0z
1710441001,2024-03-14 18:30:01,2024,03,"[US-NH] [H] Wilba Salvation, GMK sets [W] Paypal, Local Cash","[Timestamp](https://imgur.com/a/6tmt10Q)  Local to 03766 and would be very happy to meet up somewhere or give you my address so you can swing by on your own time. Not looking for trades, sorry.   Wilbatech Salvation- Black, includes hotswap WT60 PCB with both ISO and ANSI plates. Haven't even taken off the original paper packaging because I didn't want to rip it just to take pictures. Looking for ",Kaery,1,1,1bes8jt
1710440841,2024-03-14 18:27:21,2024,03,[US-TX] [H] Keychron OEM Beach keycaps version A [W] Paypal,"Timestamp: [https://imgur.com/a/S2Y0MU6](https://imgur.com/a/S2Y0MU6)  &#x200B;  Asking for the cost price of $40 which is what I paid for these before shipping and tax. I'm in Dallas, TX but can ship anywhere in US if buyer pays shipping. Brand new set of keychron OEM keycaps in Beach colorway. These are dye-sub PBT keycaps straight from Keychron. I ordered them at the same time as I bought my ke",cheyennerhap,1,2,1bes65x
1710439049,2024-03-14 17:57:29,2024,03,"[US-CA][H] Fully Built Wireless MX Corne Keyboard with Aluminum Case, Cerakeys [W] PayPal, local cash"," Timestamp: https://imgur.com/a/TMGPyR3   $430 shipped US - V2.1 Corne 3x6 with Nice nanos. aluminum chieftain 42 case. MX hot swap. Blank PBT keycaps. JWK Black lubed linear switches. Mounting legs+spacers.  $70 - Cerakeys V1, crazed blue. Partial set, missing some keys. https://imgur.com/a/RzcT1pe   Tags: ergo, mechanical, split, ortho, ortholinear   Local to LA 90064 ",nude-rating-bot,2,1,1berfzv
1710438973,2024-03-14 17:56:13,2024,03,[US-DC] [H] PayPal [W] Glare TKL WK with brass bottom or other absurdly heavy keyboards,"Hey all,  Looking for a super heavy board. A glare TKL WK with brass bottom would be perfect, but also open to other suggestions. Let me know what you’ve got!",Batiu,1,2,1berewf
1710438969,2024-03-14 17:56:09,2024,03,[IC] PBTFans Golden Age,Welcome to the Golden Age!   PBTFans golden age is a keyset inspired by a true life story about warriors overcoming all odds and entering into a golden age. This ABS Doubleshot keyset will be using metallic gold resin alongside sparkly specks to really make your keyboard SHIMMER!  [Render on Bully ](https://i.imgur.com/h0FRfJS.jpeg)  [Render on f1-8x](https://i.imgur.com/FQJlXIl.jpg)  [Render on M,haunterloo92,3,1,1bereu1
1710438932,2024-03-14 17:55:32,2024,03,[US-CA] [H] Black Hand engineering Haus [W] PayPal,"[Time stamp](https://imgur.com/a/AxJdXNt)   Price drop to move quickly!   Hand Engineering Haus   Re-anodized black (a stock no marks)   Milmaxed pcb    Alu plate, cf plate, cf half plate, pc plate, pp plate   Orings   Carrying case   Built with tx stabs and mx2a browns (can take off switches for less)   500 shipped built obo   475 without mx2a browns obo     Comment before pm. Thanks!",EducationNo4022,1,2,1berebt
1710437906,2024-03-14 17:38:26,2024,03,[EU-DK] [H] Frog TKL Burgundy F13 with MX Blacks on Alu [W] PayPal GnS,[Timestamp](https://imgur.com/a/tdDii9z) (The price includes the PayPal GnS fee.)   |Item: |Description: |Price: | |:-|:-|:-| |[Frog TKL Burgundy F13 C-stock](https://imgur.com/a/5roKQ2T)|Selling this gorgeous Burgundy F13 Frog TKL!! It has been great but I wanted to get a smaller keyboard to not have the same layout in my 3 keyboard rotation. It's a C-stock because the middle top screw hole is on,EatDatCatCat455,1,1,1beqzfr
1710436524,2024-03-14 17:15:24,2024,03,"[US-CA] [H] GMK/JTK Sets, KBDFans Maja v1, GMMK Pro (and accessories), Various Artisans and RAMAs[W] Paypal/Local Cash, Miru's","Timestamp: https://imgur.com/a/zmoZPYv  All prices include shipping (US only).  Item | Kits | Details | Price ----|----|-------|----- KBDFans Maja v1 | Black Used, Hotswap, Barebones, Wooden wrist rest | I am the original and only owner of the Maja. Used very lightly for about a month and then never again. Will be sold barebones -- includes the aluminum case, brass weight, Maja v1 hotswap PCB, bra",StaggeredRay,1,1,1beqfav
1710435881,2024-03-14 17:04:41,2024,03,[US-WA] [H] Paypal [W] PBTfans retro dark lights transparent,,kwen4758,1,2,1beq5sq
1710435743,2024-03-14 17:02:23,2024,03,"[US-TX] [H] GMK DualShot 2 Katakana base, GMK Klassiker base [W] Paypal", [Timestamp](https://imgur.com/a/TRR5UQZ)  BNIB. Opened to inspect once. Never used. No shine. Perfect condition.  Asking price for each set: $110 + shipping  Ship both CONUS and international.  Please comment before PM.,skinnyCoconut3,1,2,1beq3ss
1710435645,2024-03-14 17:00:45,2024,03,[Artisan] Landcaps Rangda Revenant Raffle sale,Welcome to Rangda Revenant Raffle.  Keycaps album : [https://imgur.com/a/Skkbupd](https://imgur.com/a/Skkbupd)   Sale Form : [https://forms.gle/9RX1a6gNcUgf2Ytm9](https://forms.gle/9RX1a6gNcUgf2Ytm9)   Here’s what you need to know before you join the sale:  * It's a Raffle style sale * All keycaps are MX. * Resin casting and hand painted with acrylic paint and seal-coated varnish. * Price is $70 f,blackkey30,1,1,1beq29b
1710434982,2024-03-14 16:49:42,2024,03,"[US-MI] [H] Norbauer Heavy 6, J-02 Blackout Edition, L+F Zakus [W] Paypal","Timestamp: [https://imgur.com/a/675KQbD](https://imgur.com/a/675KQbD)   Norbauer Heavy 6, Aperture Finish, Fully built: $480 Shipped, Invoiced CONUS  *  Biip Extended 2048 Stealth Mode Keycaps (only those show, not complete set) * Lubed, Realforce Silent Sliders * Built with Hasu FC660c Usb C controller, will also include original controller. * Ships in original Norbauer Box * R1 is a bit lighter ",jbird4msu,1,1,1bepsmd
1710434201,2024-03-14 16:36:41,2024,03,"[US-TX] [H] PayPal [W] Autumn Lilac Kohaku, Green Kalam Unikorn",[removed],Kbdjent,1,0,1bephm1
1710432865,2024-03-14 16:14:25,2024,03,[US-CA] [H] GMK Rudy (Base Set) Brand New In Box [W] PayPal,[Timestamp](https://imgur.com/a/jxOMRJV)  |Have|Condition / Details|Want| |:-|:-|:-| |GMK Rudy|Base Kit - Brand New in Box - Never Opened|$120 shipped|  &#x200B;,SnooChipmunks5613,1,2,1beoyc7
1710432756,2024-03-14 16:12:36,2024,03,"[US-NJ] [H] GMK Frost Witch R2 Kits, GMK WOB, GMK Nimbus [W] Local Cash, Paypal","Hello,  I'm selling couple keycaps. Locally available in 07003 for pick up! Prices include shipping!  Gallary: [https://imgur.com/a/ZIf4n0v](https://imgur.com/a/ZIf4n0v)  Timestamp: [https://imgur.com/a/RQoGxYR](https://imgur.com/a/RQoGxYR)  **Preference given to bulk purchase!**  GMK Frost Witch R2 Base Kit Sealed - $135  GMK Frost Witch R2 Novelties sealed - $40  GMK Frost Witch R2 Latin Add on ",Johnksk12,1,2,1beowrf
1710431166,2024-03-14 15:46:06,2024,03,"[US-TX] [H] Paypal [W] Osume Dalgona x Ikki68 Keyboard, Osume Dalgona Coiled Cable, Mode Sonnet","Local: 75206  I am looking for the Osume Dalgona x Ikki68 keyboard as well as the Coiled Cable to match.   I am also looking for a Mode Sonnet with an Ice Blue Top, Silver Mirror Accent and Weight.   Please comment before you PM.",rekkat,1,1,1beo9su
1710430351,2024-03-14 15:32:31,2024,03,[US-GA] [H] Paypal [W] Osume Keyboard Shelf in White,[removed],xUmaruChan,1,0,1benyoi
1710428960,2024-03-14 15:09:20,2024,03,"[US-MI] [H] PayPal [W] KAM Ghost Split Space, Colevrak","Ideally looking for both kits, but open to buying one or the other. Please comment before PM.",SentientFly,1,1,1benf5v
1710428891,2024-03-14 15:08:11,2024,03,[Artisan] Tada! (nope.) Thermochromic launch sale,"This is a raffle.  After the form closes winners will be randomly selected and invoiced.  All caps have recessed MX stems.          Happily, today we have tadas and nopes in Active Algae and Heat Map colors.  Tadas and nopes are Cherry R1 (esc) profile with recessed MX stems.        Active Algae & Heat Map are thermochromic (changes color in response to temperature).  At 77°F(25°C), the caps chang",DJfunH8R,1,1,1bene8g
1710428784,2024-03-14 15:06:24,2024,03,"[JP] [H] SEGA HTR-2106 , Alps SKCL Green , Prophet WKL , Tektronix , 119-2468 , Mitsubishi MP-2120 286L , Vecom CSK-2101 , CRP Desko Color , Alps SKFL Switch [W] Paypal","[TimeStamp](https://imgur.com/a/Wht9P5x)  [ALPS SKCL Green×100](https://imgur.com/a/l1GKHwy)  Condition 8.5/10  $135+Shipping  * [SEGA TERADRIVE HTR-2106 Alps buckling spring](https://imgur.com/a/CPvKJfA)  Everything works as intended Condition 8.3/10  $390+Shipping  * [Prophet WKL Navy](https://imgur.com/a/1pPLHUj)  New PCB,PC Plate, Nylon Plate Condition 9.9/10  $260+Shipping  * [Tektronix 119-2",CobblerIllustrious,1,1,1bencrp
1710428526,2024-03-14 15:02:06,2024,03,[US-VA][H] Keycaps and Artisans [W] Paypal,"Timestamp: https://imgur.com/a/B5YUNlC       Hey MM, looking for a better home for these items! Please comment and then PM, if you want to communicate with me, please add me on Discord: Jepsei#9791 thank you!  WTS/WTTF | US-VA   GMK Base Kits:    \- Will be shipped in bags but have 3 JTK sets I can use for +$10 if needed!    Fuji: $95 (LNIB - mounted/typed on for an hour collectively)   Nord: $90 ",Jepesi,2,1,1ben96u
1710427419,2024-03-14 14:43:39,2024,03,"[US-VA] [H] GMK Minimal 2 (Base + Color), GMK Mr. Sleeves R2 (Original Sleeves), Wooting 60HE [W] PayPal, Mode Eighty Carrying Case, GMK Modern Dolch (1 / 2), LEMO USB-C Cable, Cherry MX Black Hyperglide Switches (x90)",[Timestamp](https://imgur.com/a/oggov9f)  |Have|Condition / Details|Want| |:-|:-|:-| |GMK Minimal 2 (Base + Color)|Good condition - base was used for 1.5 months. Color is sealed.|$110 shipped| |GMK Mr. Sleeves R2 (Original Sleeves)|Excellent condition - only keys used were the pink 'ESC' and blue 'Enter'.|$50 shipped| |Wooting 60HE|Good condition - used for 4-5 months. Comes with original accessor,TWENTYONESOLO,1,2,1bemtyw
1718407720,2024-06-14 23:28:40,2024,06,[US-MD][H] Paypal [W] Wooting Alumaze 60 Case,"Looking to buy either the black, white or grey alumaze60 case. Looking for the case only. Please comment as well if you pm.",basilnoor,1,2,1dg4dgt
1718407462,2024-06-14 23:24:22,2024,06,"[US-TN][H] Iron180, QK75N, Portico75, Keycaps, Free Switches [W] PayPal, Local Cash",[removed],thelegojunkie,1,1,1dg4abf
1718407001,2024-06-14 23:16:41,2024,06,[US-CA] [H] PayPal [W] Hiney h87a or h87c PCB,Looking to buy an h87 a or c or any other pcb that fits the typical jane v1 style keyboard,Gold_Noise6338,2,5,1dg44ro
1718405715,2024-06-14 22:55:15,2024,06,"[CA-ON] [H] Geonworks F2-84 in Black [W] WKL TKL Trades, PayPal/Interac e-Transfer","[new timestamp](https://i.imgur.com/xOfPmEJ.jpeg)  [old timestamp](https://i.imgur.com/DMBhUUC.png)  comment first then PM please, chats will be ignored. priority goes ontario>canada>conus  [Black WKL F2-84](https://imgur.com/a/C3PpYnt) in flawless condition, polished ss weight, built with broken in then lubed cherry black on an aluminum plate, spring swapped to i think 68-70g, lubed cherry stabs.",heloitsame,1,2,1dg3ok6
1718405225,2024-06-14 22:47:05,2024,06,"[US-NJ] [H] Sealed GMK Keycaps, J-01 Rev 1 (Red), Fjell R5, Norbauer Heavy-9 [W] PayPal","Timestamp and pictures: [https://imgur.com/a/JsRlNJ4](https://imgur.com/a/JsRlNJ4)   Hello! Looking to downsize and sell most of my personal collection, most of which is unused and  gathering dust (hence the dusty pictures, I'll do my best to dust the boxes off before shipping)   Prices are USD and do not include shipping  |Item|Asking|Notes| |:-|:-|:-| |GMK Rudy R1 Base Kit|$150|Sealed| |GMK Crim",menemone,0,5,1dg3hvg
1718405138,2024-06-14 22:45:38,2024,06,[US-IL] [H] Oceanographer 45% w Extras [W] Paypal,"The price includes CONUS shipping  # [Oceanographer](https://imgur.com/a/XVThzz5) $315  * Brass and FR4 Plate * Purple Colorway with Matching Purple Knob * Rubber Bumptons  Brand new, never used!     Local pickup: Western Chicago Suburbs. ",FocusPuRe,1,2,1dg3grr
1718402543,2024-06-14 22:02:23,2024,06,[US-CA] [H] PayPal [W] GMK Peach Blossom (base + spacebars),,cauliflowercats,1,2,1dg2jkm
1718402266,2024-06-14 21:57:46,2024,06,"[US-CA] [H] 70x L&F creampacas, 69x L&F hyperglide reds, 76x L&F Durock linears, 71x cherry blues [W] Local cash, paypal",[Timestamp](https://imgur.com/a/yKgm9Jg)  ,Salted_Mangoes,0,9,1dg2fu1
1718402156,2024-06-14 21:55:56,2024,06,"[US-MD][H] Lubed Alpaca Switches, Ritual Master Watcher Artisan, x30 Switch Sampler Pack, Geon Springs [W] PayPal","[Timestamp](https://imgur.com/a/WjNMaQn)  All shipped items and prices are within CONUS.  |Item|Description|Price| |:-|:-|:-| |[x80 Hand-Lubed & Spring Swapped Alpacas](https://i.imgur.com/VtYRc3r.jpg)|Lubed with RO-59, springs swapped to 57g 16mm TX stainless steel springs and oiled with GPL 105. Cleanly desoldered with FR-301.|$50 shipped| |[Ritual Master Goober Watcher Artisan](https://i.imgur.",motivatedknight,1,2,1dg2egy
1718401497,2024-06-14 21:44:57,2024,06,[EU-DE] [H] Paypal [W] SA Laser Numpad + 40s,"Looking for:  - SA Laser Numpad Kit  - SA Laser 40s Kit  Numpad Kit definitely has the higher priority, preferred from EU",WhiteHelix,1,2,1dg25z6
1718400482,2024-06-14 21:28:02,2024,06,"[US-CA] [H] KBDFans D65, GMK Botanical Set (Wave 1) [W] Paypal, Cash","[Timestamp](https://imgur.com/a/fPCUgJ8)  Hello All,      I got a new keeb and don't use this one as much anymore. Let me know if you have any questions, thanks! Also, local meetup in Orange County 92821 is available - if you're local to the area.     ***ASKING $725 SHIPPED FOR ALL***  **KBD D65 (Transparent Grey):**  * **PCB HotSwap / PC Plate** * **TEALIOS V2 Lubed** * **GMK Botanical Keycap (R1",driedmangoezzz,0,2,1dg1slk
1718400481,2024-06-14 21:28:01,2024,06,"[US-NY] [H] Saturn 60 (beige top/black bottom), Saturn 60 all Black (Vinyl Wrapped top in wine red), Modern Dasher D60 [W] Verified PayPal, CONUS","[Timestamp](https://imgur.com/a/Nn3hBUI)  Hi Everyone,  Paring down my collection due to hard times. I have the following three boards that have just been display pieces for a while so it's time to find them an good home;  1. [Saturn 60](https://imgur.com/a/nDJZZ8P) - beige top, black bottom, Silver IBM badge added, black hardware, switches: Lubed Zakus, stabs: Durock V2 with band-aid mod, PCB: ts",piercejenkins,2,4,1dg1sla
1718398984,2024-06-14 21:03:04,2024,06,[Artisan] kittycaps - sakura kitty,Hello everyone! ·⩊·  🌸 Let us remember spring with this soft to the touch matte sakura keycap! 🌸  Handmade polymer clay over PBT Cherry MX Keycap coated in UV resin and matte varnish  [Images](https://imgur.com/gallery/kittycaps-sakura-kitty-raffle-sale-xAosjEM)  [Sale Form](https://docs.google.com/forms/d/e/1FAIpQLSdglDA7JhkIHum8cQ67G-bTKDTixZCdzbzk-xAbYfI9CqSiXw/viewform?usp=sf_link)  [Discord](,kittycaps_,0,2,1dg18e3
1718397748,2024-06-14 20:42:28,2024,06,[CA-ON] [H] Paypal [W] GMK Beta JS,"Paying up to $150 for a base kit that's in good condition. Also interested in the spacekeys kit if you have one, paying up to $50 for a good condition kit.",BranYip,2,2,1dg0rqs
1718395998,2024-06-14 20:13:18,2024,06,"[US-TX][H] Iris Rev 7 with case, MT3 Ortho [W] PayPal",[Timestamp](https://imgur.com/a/jnuFBl4)  All prices include CONUS shipping.  # Keebio Iris Rev 7 **$150** - NK Creams - Case - Coiled and normal USB cable (to connect the halves)  Works great but I prefer low-profile.  # Drop MT3 Ortho White-on-Black caps **$35** - There might be one or two missing but it's enough for an ortho 40% or 50% ,here_for_code,3,6,1dg03py
1718395638,2024-06-14 20:07:18,2024,06,"[US-OH] [H] Keychron v1, gmk pixel, polycap hippo, qk65, Drop ctrl misc keycaps and switches. [W] PayPal","Keychron v1 with GMK pixel keycaps and akko lavender switches: 100  Drop CTRL with skylight keycaps and (panda?) Switches: 150  Qk65 white with brass weight, voyager switches: 200  Polycap hippo: 60  Lot of random switches and keycaps: 100  Expect some bent switches on some of these.  Willing to do discounts for bundles  ALL ARE OBO (or best offer)",Imaginary-Vehicle-48,2,6,1dfzytg
1718395572,2024-06-14 20:06:12,2024,06,"[US-TX][H] Iris Rev 7 with case, MT3 Ortho [W] PayPal",[removed],selling-all-my-keebs,1,0,1dfzxwk
1718394416,2024-06-14 19:46:56,2024,06,[GB] Petrichor FRL 1800 by AKB. GB now live until July 15th!,"# [Petrichor by AKB](https://i.imgur.com/Rf6XoVb.png)  Ello children, tis James of AKB here to let you know that **the Petrichor group buy is now live until July 15th!**   It's a well-optimized FRL 1800 layout, plus USB hub and all kinds of fancy bits, and it's **starting from just $230!** You'd be a damned fool not to buy one for yourself, all of your loved ones and maybe even that neighbor with ",parallelojam,14,4,1dfzhkf
1718393741,2024-06-14 19:35:41,2024,06,[GB] LIVE NOW: Petrichor FRL 1800 by AKB,"# [Petrichor by AKB](https://i.imgur.com/Rf6XoVb.png)  Ello children, I'm here to inform you that **the Petrichor group buy is now live across all vendors 'til July 15th!**",parallelojam,1,1,1dfz8mj
1718393332,2024-06-14 19:28:52,2024,06,[EU-NL] [H] Paypal/iDeal [W] Arc 60 Peacock Blue,,Oohwshitwaddup,1,2,1dfz34s
1718393273,2024-06-14 19:27:53,2024,06,[US-CA] [H] Artisans [W] PayPal,[Timestamp](https://imgur.com/a/Tlth1E3)  |X|A|B|C|D|E|F|G| |:-|:-|:-|:-|:-|:-|:-|:-| |1|Hello Caps My Neighbor Bongo - $800|~~NightCaps Mo-Face Idyllwild - $400~~|Lotus Totoro Grinix - $150|Alpha Keycaps No Face Keypora - $300|Alpha Keycaps Kaonashi Belooga - $125|No Face Care Bare - $75|Totoro Jamjams - $125| |2|Hello Caps Protoro Bongo - $800|DeathCaps No Face Revthulhu - $250|No Face Grinix - ,orzhenry,0,2,1dfz2cj
1718393259,2024-06-14 19:27:39,2024,06,[EU-NL] (WTB) Arc 60 Peacock blue,,Oohwshitwaddup,1,1,1dfz266
1718393005,2024-06-14 19:23:25,2024,06,"[US-CA] [H] Paypal [W] Keychron Q5 barebones or other 96% cases/kits, Wuque Silent Tactile (or other silent switches), 96% keycaps","Hello,  First time posting here, but I've got a lot of trades in [](https://www.reddit.com/r/BoardGameExchange/) and [](https://www.reddit.com/r/fragranceswap/); feel free to check out my history.  I'm looking for the Keychron Q5 barebones, black or white (not navy). I'm building my first mechanical keyboard.  I'm looking for **silent or otherwise extremely quiet** switches (Wuque Studio silent ta",phrazo,1,2,1dfyyvs
1718392271,2024-06-14 19:11:11,2024,06,"[USA-CA][H] PayPal [W] Keychron Q5 barebones or other 96% cases/kits, Wuque Silent Tactile (or other silent switches), 96% keycaps","Hello,  First time posting here, but I've got a lot of trades in [](https://www.reddit.com/r/BoardGameExchange/) and [](https://www.reddit.com/r/fragranceswap/); feel free to check out my history.  I'm looking for the Keychron Q5 barebones, black or white (not navy). I'm building my first mechanical keyboard.  I'm looking for **silent or otherwise extremely quiet** switches (Wuque Studio silent ta",phrazo,1,3,1dfypa0
1718392202,2024-06-14 19:10:02,2024,06,"[US-DC] [H] Paypal [W] dcs windbreaker, preferably 10u","WTB DCS Windbreaker, preferably 10u. If you have other kits and don't want to split them I'm willing to pay more for all of them.   Please reach out if you have a set you're looking to sell. ",aa212121,0,2,1dfyoaz
1718391905,2024-06-14 19:05:05,2024,06,"[US-CA][H] PayPal [W] Keychron Q5 barebones or other 96% cases/kits, Wuque Silent Tactile (or other silent switches) & 96% keycaps","Hello,      First time posting here, but I've got a lot of trades in r/BoardGameExchange and r/fragranceswap; feel free to check out my history.   I'm looking for the Keychron Q5 barebones, black or white (not navy). I'm building my first mechanical keyboard.   I'm looking for **silent or otherwise extremely quiet** switches (Wuque Studio silent tactile in particular, but open to others), 96% case",phrazo,1,3,1dfyk9n
1718390362,2024-06-14 18:39:22,2024,06,"[US-CA] [H] MelGeek Mojo68 Retro, MelGeek carrying case, Nuphy Halo96,  L+F Akko Jelly Black, L Gateron North Pole 2.0, Loobedswitches Pine, L+F Prevail Epsilon, DCX Jasmine, DCX WOB, Keychron cherry PBT keycaps and Keychron PBT KSA profile keycaps [W] PayPal",[removed],just_joe816,1,0,1dfxz6l
1718389899,2024-06-14 18:31:39,2024,06,[US-MN] [H] Freebird Numpad Pro [W] PayPal,"[Timestamp](https://i.postimg.cc/MT782hY7/PXL-20240614-182229173.jpg)  Barely used (like new). It's currently built with silent alpacas, stupidfish foam, all 1U keys (I intended to use it as a macropad), and blank smolo black keycaps. Selling because I just didn't end up using it as much as I anticipated. $70 shipped CONUS.",WH-Zissou,1,2,1dfxsun
1718389416,2024-06-14 18:23:36,2024,06,[US-TX] [H] Artisans / Artisan Holder / Artkey Artisan / S65V2 W/ 3.5 Inch IPS Screen Storm Blue Sparkle [W] PayPal,"NRD Nest Arctic Blue Holder (Artisan Holder) $80  Shown in artisan pictures below  [Artisans](https://imgur.com/gallery/artisans-GXUcrTy)  |Row / Position|Name of Keycap|Price| |:-|:-|:-| |A1|Winecat Jaws|$70| |A2|S-Craft Batch 4 Vulpix|$40| |A3|S-Craft Batch 4 Eevee|$40| |B1|NZCaps Marble Mortality|$30| |B2|O\_OOH Keycaps SneakInKitty|$35| |B3|O\_OOH Keycaps Ninku|$35| |B4|1 of 22 Artkey LeuLeu """,Basic-Chocolate3777,0,4,1dfxm3i
1718388413,2024-06-14 18:06:53,2024,06,[US-CA] [H] BastardKB Charybdis w/ DSA Keycaps [W] Paypal,[removed],Antagonist_,1,2,1dfx80i
1718388097,2024-06-14 18:01:37,2024,06,[UK] [H] KAT Space Dust (various kits) [W] PayPal,"[Timestamp](https://imgur.com/a/Nkb3cbY)  Postage not included, willing to ship worldwide if you pay costs (varies wildly based on size/weight). Pay via PayPal Goods & Services, in £ GBP.  # KAT Space Dust keycap set bundle: £140  All kits in cardboard boxes are unsealed once only, to inspect all keys are present and correctly manufactured. All kits in clear plastic are touched. Not for sale separ",eddiekins,1,2,1dfx3oa
1718387652,2024-06-14 17:54:12,2024,06,[US-HI] [H] Grovemade Desk Pad (Matte/Black/Medium Plus) [W] PayPal,"[Timestamp](https://i.imgur.com/rTQwyi4.jpeg)  Grovemade Desk Pad (Natural Linoleum/Matte Black/Medium Plus) - $50 shipped  Can see indents where keyboard feet were resting and a small scratch in bottom right (see photo), but otherwise great condition. It's a bit too large for my desk setup. 15.75"" x 38"" [More pics](https://imgur.com/a/bigvt5k)  Local zip: 96766 Comment before PM. CONUS Only.",Abarimon,1,3,1dfwxbj
1718386252,2024-06-14 17:30:52,2024,06,[US-CA][H] PayPal [W] Silent Switches,[removed],CGeezus100k,1,0,1dfwe1c
1718385029,2024-06-14 17:10:29,2024,06,"[UK] [H] GMK Redline Accent Kit, 83x Gateron UHMknown Switches [W] PayPal","[Timestamp](https://imgur.com/a/jHfnFxA)  **-** GMK Redline Accent Kit: Mounted 1-2 times, no shine. Comes in zip-lock bag.  **-** 83x Gateron UHMknown Switches: Used for about 6 months, de-soldered from a previous build. All stock.  **Prices:**  **-** GMK Redline Accents: £12  **-** Gateron UHMknown Switches: £25  ***Note: Shipping outside of the UK is possible, but it'll cost more due to higher ",MatteBlxck,0,2,1dfvx2g
1718385007,2024-06-14 17:10:07,2024,06,[EU-DE] [H] PayPal [W] Hand Engineering 2000 Mini SE,Looking to buy a Hand Engineering 2000 Mini SE in Moonrock Gray/WKL. Preferably from a seller in the EU.,DistressedMeerkat,1,3,1dfvwpy
1718384786,2024-06-14 17:06:26,2024,06,"[US-TX] [H] Sat75 / Satisfaction75 R2 Pirate Black, Extras [W] Paypal",[Timestamp](https://imgur.com/a/uTjqRWa)  Hey everybody! Downsizing a bit so putting this bad boy on the market.   CONUS Only. Shipping included in price.  **Satisfaction75 R2 Pirate Black** - ***$650***  * Millmaxed PCB * Brass plate * Switches: Nightwalker Solaris (Tactile and glow in the dark!) \[Lubed and filmed\] * Stabs: Nightwalker Glow in the dark stabilizers \[Lubed\] * Keycap set: Cybers,bturnage24,0,3,1dfvtpa
1718384643,2024-06-14 17:04:03,2024,06,"[US-NY][H] JJW Moment Midnight WK, Class 60 Silver WK, SW Lylia, Linworks Burgundy [W] Paypal","[Timestamp](https://imgur.com/cccuQF1)  All prices negotiable and includes fees & shipping  **JJW Moment Midnight WK** - Lots of extras: solder + hotswap pcb, fr4 + pp plate; has a mark at the bottom of the case ([shown](https://imgur.com/I5aswNf)) $380 shipped  **Class60 Silver WK** - ton of extras; has a mark next to one of the feet ([shown](https://imgur.com/aRtjOT5)) $250 shipped:  * EC Alu ki",iamwiki,1,6,1dfvrrn
1718384533,2024-06-14 17:02:13,2024,06,"[US-MD][H] huge frog mini bundle [W] paypal, local cash","[simetamp](https://imgur.com/a/WlUAOKk)  selling a huge bundle of frog mini and parts  what's included:  x1 red wkl frog mini  * absolutely zero blemishes, flawless a stock * comes with 80A and 50A tadpoles * all accessories, screws, weights, etc included * i can send more pics upon request  x2 solder pcb  * both in used working condition * one dz60 and one fm60  x1 hotswap pcb  * fm60 * not worki",waters_wrld,1,2,1dfvqb8
1718384225,2024-06-14 16:57:05,2024,06,"[US-TX][H] Matrix 3.0 Light Blue Ano, Neo70 Silver/Gold[W] paypal/trades",Local to DFW area.  Timestamp: https://imgur.com/a/HTQTcxR  **Matrix 3.0 Light Blue Ano With Eye/Advanced Weight** $360 shipped CONUS or 340 local.  - 1x solder pcb built with vertex v1 switches on polycarb plate  - 1x alu skeleton plate   - original accessories and carrying case  - includes aftermarket nylon washers and appropriate screws for top mount   - small scuff near page down key  - keycap,BluCSGO,5,2,1dfvlwk
1718381111,2024-06-14 16:05:11,2024,06,[CA-ON][H] Osume Tsukimi R1 Base + Novelties [W] Paypal or Local Cash,"[Time stamp](https://imgur.com/a/FXL8byy)  Selling as a pair, both are R1.  Used but no noticeable wear whatsoever, all cleaned.   Looking for $75 CAD, +$10 CAD shipped (within Canada) or possible locally if within the GTA",JoeMoguss,2,5,1dfueyh
1718379560,2024-06-14 15:39:20,2024,06,"[US-MA] [H] KBDFans KBD67 Lite R1 White 65% Custom Mechanical Keyboard Build: Durock POMs, Equalz R1/R1.5 Olivia stabs, ePBT Blue&W Keycaps + GMK Godspeed Novelties [W] PayPal","Timestamp: https://i.imgur.com/kAhX9GI.jpeg  As much keyboard pictures I can provide + example of a keycap's major vs minor fading: https://imgur.com/a/sCCmSsu  Typing demo cause someone asked and might as well publicly share: https://www.youtube.com/watch?v=iDwuth4EK5M  This is my main build that stuck with me, I built it fully and spent almost 150-180 on it. I'll try to price it accordingly to o",Quack-Zack,0,2,1dfttg1
1718378581,2024-06-14 15:23:01,2024,06,"[US-CA] [H] Akko Mod007B HE PC Tokyo, Lubed Oooolong Tea Switches [W] Paypal, GMK Striker",[timestamp](https://imgur.com/a/mRvNjoc)  Looking for GMK striker in like new condition.  CONUS Only. OBO.   **Akko Mod007B HE PC Tokyo Ver. // 100 USD Shipped.** * cream yellow magnetic switches. * used for a week. few small blemishes that can only be seen under direct light. * stabilizers have been syringe lubed.   **Lubed Zenclack Oooolong Tea Switches // 50 USD Shipped.** * 88x.  * 205g0 on ho,ItsSArCaZm,0,5,1dftfk2
1718377921,2024-06-14 15:12:01,2024,06,[US-GA] [H] GMK Peaches N Cream Lite + Novelties [W] Paypal,"[Timestamp](https://imgur.com/a/TUP4Y0O)  Selling this set I used on my Derivative for a couple months on and off, it has no shine and is in excellent condition. It was a rotational board.  Looking for $110 shipped, which includes all fees. CONUS Shipping only.  Please comment before PM, and I'll try to get back to you ASAP. ",Verestrasz,0,2,1dft65o
1718377840,2024-06-14 15:10:40,2024,06,[US-NJ] [H] Ritual Master Keycap (Watcher #4/8) [W] Paypal,Ritual Master Keycap - Watcher - Colorway Black#1 Vol. BF #4/8    Timestamp: [https://imgur.com/a/FhUKQaP](https://imgur.com/a/FhUKQaP)    $200 shipped or best offer.    I've had this over for over 5 years now.  The only artisan I've kept since drifting away from this hobby.  Sad to let this one go but I need the money.    Thank you for looking!,woo1986,0,4,1dft50t
1718377592,2024-06-14 15:06:32,2024,06,"[US-NY] [H] Many Keyboards (Think6.5v3, Space65 r3, etc.), Keycaps (GMK Space Cadet II, GMK Polybius, etc.), Switches (Broken in MX Black, Broken in MX Brown, etc.), and other misc things [W] PayPal","[Timestamp](https://imgur.com/a/Qd0oCH2)  I hoarded too much stuff so now I'm selling mostly everything I have as I change hobbies.  * Please **comment first** and **send a DM** (**NOT a chat invite**, I will **NOT** accept orders unless it's in a private message) * Prices **do not** include shipping. Shipping is **FREE** if an order is at least **$30**. Shipping will only be for **CONUS** via USP",PichuPancake,0,12,1dft1jt
1718377170,2024-06-14 14:59:30,2024,06,[Artisan] Demon Slayer Succulents by ZestiZena,"Blooming with Demon Slayer spirit! These succulent keycaps are bursting with color and inspired by all our fave demon slayers. Who will you add to your keyboard garden?  You will receive all selected keycaps as requested. All orders will be shipped out within 1 week, however it may take longer depending on the volume of orders. Updates will be posted on my Instagram stories.  [Shop here](https://w",Zeneith_,0,1,1dfsvfp
1718376400,2024-06-14 14:46:40,2024,06,"[CA-ON] [H] Tofu65 Vior Edition, KBD 8x MKiii built, Monsgeek TKL, Luminkey80, Cerakey BoW Set, SA Bliss R2 [W] Local Cash, EMT","Timestamp: [https://imgur.com/a/QMXtK4w](https://imgur.com/a/QMXtK4w)  Hello everyone! Exiting the keyboard hobby and would like to free up funds for future projects, everything is to be sold AS-IS, specs and builds will be listed as accurate as possible and will not be disassembled or parted out. **Everything should be priced relatively low, however feel free to offer or correct my pricing if any",bwilliamsiu,0,15,1dfskx9
1718376355,2024-06-14 14:45:55,2024,06,"[US-PA][H] Keycult TKL, Sat75, Jane v2 ME, Jer1800, KAT Keysets and more [W] PayPal, local cash","Timestamp - [https://imgur.com/a/RgPlpe2](https://imgur.com/a/RgPlpe2)  Feel free to make offers, I've been out of the hobby for awhile and might not have found all the recent price trends.  If it's pictured but not listed, it's not available.  Prices don't include shipping or PayPal fees.  # Keyboards:  **Keycult no.2 rev1 WKL grey/brass**  * One build with brass plate and mint holy pandas * Extr",MotivateMeCapt,1,11,1dfsk98
1718372527,2024-06-14 13:42:07,2024,06,[Artisan] Pizzza013 - The Void Brothers - Artisan Keycaps Raffle,"Happy Friday!!!    Thanks for our great community that we could know about this beautiful design keyset - the Symbiote!!!    Getting to know more and more about the wonderful world of mechanical keyboard is always a bless.  With the help and opinion of everyone, this week we would like to introduce our new sculpt - the Little Rua that inspired by our old Master Rua, with a blend of Blastoise (Pizz",pisculpts013,0,1,1dfr4u3
1718367620,2024-06-14 12:20:20,2024,06,[US-NY] [H] Keykobo Signet keycaps [W] Paypal,"[Timestamp](https://imgur.com/a/M4Ily6n)  $75 shipped, never used. Purchased from Novelkeys just days go.   I'd be open to trades for other Keykobo sets. I am looking for 2TBlue or Ashen in particular, but may be open to others.   TYIA",OldTrafford25,1,4,1dfphp8
1718367423,2024-06-14 12:17:03,2024,06,[Artisan] Hyperfuse artisan raffle sale by Symbio Keys,"*An epic adventure awaits in the neon-lit world of Hyperfuse, where the lines between reality and the future blur.*   *Fenrir, the powerful warrior, stands tall amidst the glowing cityscape, ready to defend and conquer.*  *Mir, the inventive genius, crafts technological wonders that push the boundaries of imagination.*  *And Jormund, the enigmatic serpent, weaves through the shadows with sleek agi",symbiokeys,4,1,1dfpfjs
1718366071,2024-06-14 11:54:31,2024,06,"[HK] [H] SINGA PC Kohaku, [W] Trades, Zelle, Local Cash",[removed],No_Meet_4955,1,0,1dfp0ym
1718362552,2024-06-14 10:55:52,2024,06,[EU-NL] [H] Purple alluminum case for monsgeek m1 sp-he [W] Silver alluminum case for monsgeek m1 sp-he,"Hey all, I got a second hand he-sp recently and id like to move it into a silver colored case.  Does anyone in EU happen to have any lying around somehow? And if so, im open to either trade for the silver case or, or simply buy depending on price.",JmintyDoe,0,2,1dfo2em
1718355433,2024-06-14 08:57:13,2024,06,[KR] [H] OTD Koala WK Silver [W] Paypal,"[Timestamp](https://imgur.com/a/otd-koala-bundangsaint-UzTwfZ0)     OTD Koala WK with 2 board+plate set. (All assembled)  One is black switch (I don't know exactly what this switch is) on typical A87 board,  The other one is blue switch with full LED on limited board.    price : $2800 (include air delivery)  bonus : cream cheese keycaps (well-worn)  Quick sale as is, located in Korea.  Thanks.  ",BundangSaint,4,2,1dfmd32
1718350156,2024-06-14 07:29:16,2024,06,[US-WA] [H] GMK Pacific Base BNIB & GMK Yeeti Base + Rama [W] PayPal G&S or Venmo G&S,[removed],T_RextheCat,1,5,1dfl6hr
1718350001,2024-06-14 07:26:41,2024,06,[US-NY] [H] PayPal [W] Rainy75 Standard Blue,"Since it seems a lot of folks have their hands on this board, I'm looking to pick one up. Specifically, the blue standard edition. However I am open to other colors if the deal is good. Local to 10928, but could meet in the city possibly?",nukez1,0,4,1dfl5bb
1718347568,2024-06-14 06:46:08,2024,06,"[HK] [H] SINGA PC Kohaku, [W] Trades, Zelle, Local Cash",[removed],No_Meet_4955,1,0,1dfkkgf
1718345702,2024-06-14 06:15:02,2024,06,"[SG][H] Lin Special Dolphin v2, LZ Ergo v1, Rainy75, Keycaps and Artisans [W] PayPal","[10/06 - Imgur](https://imgur.com/a/r-mm-10-06-9ZYlpu6)  # Keyboards  [Lin Special Dolphin v2](https://imgur.com/a/MLvsyGi) **- USD 450 built, OBO**   Built with 2.5mm alu plate, lubed (205g0 on stem, 105 on spring) and filmed (TX) retooled Cherry Reds (2019 batch, spring-swapped with TX 60g)   Paint splatter cerakote in the colors of future funk   hiney h87a PCB  [LZ Ergo v1](https://imgur.com/a/",wyuzhi,0,4,1dfk4eh
1718340878,2024-06-14 04:54:38,2024,06,"[US-CA] [H] Burgundy TGR x GSK 910 , GSK Anatomy Nawa 420[W] Paypal","[Timestamp](https://imgur.com/a/3wR83xQ)  Selling my GSK x TGR 910 with hotswap pcb, aluminum plate, along with a GSK 420 Anatomy Nawa. I am the only owner. I built it once, used it for a bit, but I need my wacky layouts too much to use it as is, and do not currently want to measure out and test outlines and jst positionings to make my own custom pcbs for it (I never got a response when I reached ",sirknighting,0,5,1dfivsi
1718338205,2024-06-14 04:10:05,2024,06,[US-CA] [H] Swagkeys Transition Lite TKL Transparent [W] PayPal,"Timestamp: https://imgur.com/a/ehMhcFN  Color: Transparent - Foam Color: White  Brand new, never opened seal. Comes with original accessories and kits  Price: $100 shipped",DrewDevs,2,5,1dfi586
1718337411,2024-06-14 03:56:51,2024,06,[US-MN] [H] PayPal [W] JTK Griseann,Looking to buy JTK griseann either brand new or lightly used (no shine or texture loss) send a pm if you have one!,Cdawg2385,0,4,1dfhwgc
1718337015,2024-06-14 03:50:15,2024,06,[US-VA] [H] PayPal [W] PBTFANs BoW or DCX BoW,Looking for either in BNIB or lightly used condition. Thanks! ,YearSubstantial7104,0,2,1dfhsl5
1718336794,2024-06-14 03:46:34,2024,06,"[US-PA] [H] BNIB GMK a Hiragana Base, GMK 80082 BL00 Base [W] Paypal",[Timestamp](https://imgur.com/TeafpsI)  Hello MM. Comment before PM. Chats will be ignored. Shipping to CONUS only. Items may be shipped in bags at a lower cost (take -$5).    |Item|Description|Price| |:-|:-|:-| |GMK a Hiragana Base|BNIB. Opened to check contents. Never mounted.|$135 Shipped| |GMK 80082 BL00 Base|Used for 1 month. No shine.|$95 Shipped|  ,RueOS,0,3,1dfhqau
1718335464,2024-06-14 03:24:24,2024,06,[US-NE] [H] Red Mammoth75 [W] Paypal G&S,[Timestamp](https://imgur.com/a/dgPk4uB)  **$325 Shipped OBO**- Mammoth75- M1 Hotswap PCB. was originally a R1 Navy mammoth 75 Alu PVD mirror that was cerakoted red. Durock v2 Stabs lubed with 205 G0 . PC + CF plate (part around the spacebar has been clipped off to fit the case. This was revised in the GB models. This was a instock FCFS Initial batch unit. The JST cable is glued onto PCB before be,New-Gas-9860,1,3,1dfhcif
1718334737,2024-06-14 03:12:17,2024,06,"[Artisan] Craftkey Dolly and Misa ""Maxton"" Raffle Sale","Hello my friend.   This week, let's welcome the Maxton colorway: Journey Into a World of Colors and Mysteries.  On the planet Maxton, where bright spirits and endless joy reside, there exist two mystical creatures known as Dolly and Misa. According to legend, Dolly and Misa embody cheerfulness and the connection between the living world and spirits, bringing peace and happiness to all creatures on",Craftkeycap,0,1,1dfh4ts
1718334615,2024-06-14 03:10:15,2024,06,"[US-PA] [H] Wind X98 R1 parts, KBD67 Lite, GMK Aurora Polaris, TX AP Stabilizers Rev 4, Artisans (nightcaps, artkey, balloondog, rama, thok, jelly key, deagcaps, wildkeycaps, keycraft, craftkey, asian joy, dwarf factory) [W] Paypal","\[Timestamps\](https://imgur.com/a/2cw2zZH)  * Shipping not included, calculated by weight and location * Comment PM before sending DM * Chats will be ignored  |Item|Price| |:-|:-| |KBD67 Lite R3 Transparent Ink Green wired (light used) - included bottom silicone pad, coiled cable, and carrying case|$130| |GMK Aurora Polaris (BNIB)|$180| |Wind X98 R1 PC plate (new)|$40| |Wind X98 R1 Alu plate (new",lazyhl1994,0,4,1dfh3ie
1718334401,2024-06-14 03:06:41,2024,06,"[US-PA] [H] Sho S60 HG [W] PayPal, 104/108UG-HiPro","[TIMESTAMP](https://imgur.com/a/PDwieIW)      **Sandblasted Alu S60 HG w/ Polished SS Weight - 400 Shipped (CONUS)**    3 Plates (Brass, SS, Alu)    All original hardware/accessories    Carrying Case       Only built once and used for less than a few hours. Board is in great shape, no damage. (Board will be shipped unbuilt. Caps, domes, sliders, etc. used for the build in the pic not included but ",ajka2452,2,2,1dfh1a1
1718334072,2024-06-14 03:01:12,2024,06,[US-OR] [H] S-Craft Keycaps Bundle [W] Paypal,[Timestamp](https://imgur.com/a/35afjng)  I have a bundle of 8 keycaps from S-Craft that I am looking to sell.   * Bulbasaur * Charmander * Squirtle * Pikachu * Gengar * Mewtwo * Umbreon * Blastoise  My asking price is $450 for the whole bundle. Comes out to about $56.25 per keycap. I am open to listening to offer as well. Paypal G&S.   ,romeovertome,0,4,1dfgxnp
1718333761,2024-06-14 02:56:01,2024,06,[US-CA] [H] Keychron 81 Pro [W] Paypal,Tagged photos and timestamp  https://imgur.com/a/JmsAlWM  Only used once! Purchased this one at the same time as a QK65 but been using the QK65 as my daily.   $175 obo 🤟,Unlikely_Cheek6836,0,3,1dfgucr
1718333552,2024-06-14 02:52:32,2024,06,"[CA-ON] [H] Built Iron 180 in Midnight green with extra switches, Iron 165 R2 Graphite Kit [W] PayPal","[Timestamp](https://imgur.com/gallery/timestamp-165-180-AcqqBiO)  **Smith + Rune Iron 180 midnight green build:**  - Gateron baby racoon switches + SP stars for some of the F keys (lubed)   - typeplus stabilizers mixed with Durock V2 stabs   - 21 KB Desko keycap set   - Graen Smith + Rune Accent Keycap   - Hotswap Iron 180 PCB   - Case foam, PE foam & plate foam   - Black Polycarb plate   - Extra ",migbrgd,0,2,1dfgs4i
1718332811,2024-06-14 02:40:11,2024,06,"[US-OR] [H] White Zoom TKL EE, switches (Popu, Sakurio, Sacramento, Pink Robin) [W] PayPal","[Timestamp](https://imgur.com/a/xEQxyzb)  White Zoom TKL EE - $160 shipped - Polycarbonate plate, Silver PVD Mirror back plate - Factory flaw with backplate where it doesn’t sit flush - Scratches on PVD backing and PC plate (careless handling cause I thought this was my last board 🤦🏻‍♂️) ** See pictures for flaws before buying! **  SWITCHES Sakurio - Lubed - x100 - $70  Popu - Lubed/Filmed - x85 -",mooeykim,0,2,1dfgk0v
1718332679,2024-06-14 02:37:59,2024,06,"[H] White Zoom TKL EE, Switches (Popu, Sacramento, Sakurio, Pink Robin) [W] PayPal",[removed],mooeykim,1,1,1dfgikn
1718331452,2024-06-14 02:17:32,2024,06,[US-MI] [H] Paypal [W] Space65 R3 Vader,"Looking for the above board, only interested in the Vader colorway.",landofthestupid,0,4,1dfg4vt
1718331265,2024-06-14 02:14:25,2024,06,[US-MI]  [H] PayPal [W] Space65 R3 Vader,"Only looking for the Vader colorway, thanks ",landofthestupid,1,2,1dfg2s5
1718329554,2024-06-14 01:45:54,2024,06,"[US-CO][H] GMK Chocolatier, Nautilus, dolch, charred orange, red alert, TA, RA typewriter, 9009, 3run, mint choc, iris, aero, yuri ortho, pristine, signal, space cadet, dmg, WoB japanese, calm depths, handarbeit [W] Paypal","[Timestamp](https://imgur.com/a/AKeo5BK)  All sets are in new/like-new condition being either mounted for display.  All sets with multiple rounds are the r1.  All prices are in USD and do not include shipping or paypal fees.  Prices are OBO, so feel free to message if something interests you.   3run - $250  aero - $250  signal - $300  TA - $300  9009 - $200  handarbeit + spacebars(sealed) - $300  ",Tuesday,4,27,1dffj1o
1718329433,2024-06-14 01:43:53,2024,06,"[US-NY] [H] PayPal, Local Cash [W] GMK Noire",[removed],nygiri,1,0,1dffhlg
1718328469,2024-06-14 01:27:49,2024,06,"[HK] [H] PayPal, Local Cash [W] Vento80, Glare TKL","Looking for Owlab Vento 80, and Geonworks Glare TKL with Brass bottom & weight.  PM details and prices please.   Have proxies in CONUS, HK and CN, can do domestic/international shipping.",nemoriesa,0,10,1dff6xq
1718327608,2024-06-14 01:13:28,2024,06,"[US-NY] [H] THOK Rose Gold Set, New Retro#66, Singa Neko Pink [W] PAYPAL or HAKKA","[Timestamp](https://imgur.com/a/NMPluxv)  PM for offers/timestamps/details/questions CONUS  **~THOK Rose Gold Set~** *250$*    Ace R1/Esc    Hearts R3/Enter    Spacebar  **~New Retro#66 Cream~** **w/ matching wrist-rest** *470$*    Comes with OG Boxes, two hotswap PCBs, two batteries (one inside board), FR4 Plate, Aluminum Plate (cut off one bottom gasket mount)    ; stabs are \[TX AP spacebar, Du",YunaLunaTuna,0,5,1dfexl3
1718327184,2024-06-14 01:06:24,2024,06,"[US-IN] [H] Killer 65, Keycaps, Artisans, Switches, Mode Envoy parts [W] PayPal","[ʕノ•ᴥ•ʔノ ︵ dɯɐʇsǝɯı⊥](https://imgur.com/gallery/4fNnsmm)  **[Killer65](https://imgur.com/gallery/wFUFfgc)**  **125$**  *Black Top | White Bottom | Spirit Prism Counterweight*  *Flawless, built once and left on display. Comes with case, and accessories.*  **Keycaps**  Tai-Hao Slime Sprout - **40$**  *Mounted several times, but mostly for [pictures](https://imgur.com/gallery/pEniLIk) and display. Li",Xenocult,0,6,1dfesrh
1718323993,2024-06-14 00:13:13,2024,06,[US-CA] [H] ZSA Moonlander [W] paypal,"[timestamp](https://ibb.co/JpsVKPK)  bought new last month. used it off and on for about two weeks, and realized i just do not like staggered columnar layouts. includes box, cables, and the neoprene sleeve thing.  asking $250 shipped CONUS, $230 local to San Diego, 92104.",Big_Mouse_9797,0,6,1dfdrrg
1718323929,2024-06-14 00:12:09,2024,06,[Artisan] Praetorian | by Archetype - Raffle Sale Live!,"[https://imgur.com/a/FgjUVx4](https://imgur.com/a/FgjUVx4)  In the desolate wasteland of a post-apocalyptic world, where survival is a daily battle and hope is a scarce commodity, the Praetorians stand as formidable warriors. Clad in armor forged from the remnants of a lost civilization, they embody the raw, untamed spirit of the wasteland.  \*\*\*\*\*\*\*\*\*\*\*\*\*\*\*\*\*\*\*\*\*\*\_  **Featur",mekanist,0,1,1dfdqzv
1718323817,2024-06-14 00:10:17,2024,06,"[US-CA] [H] Built Entry-Level Keyboards, DCX Emerald [W] PayPal",[Timestamp](https://imgur.com/lXRBmv3)  [Drop Sense75](https://imgur.com/n6XFJzi) Black w/ blue weight - ~~$200~~ ***$175***  * Aluminum plate * Akko Cream Blue V3 Pro tactiles (stock) * Everglide V3 screw-in stabs * MT3 Dusk keycaps (full set) * Polished metal knob * One of the underglow diffusers is scuffed  [NK65 Aluminum](https://imgur.com/B9gU2uJ) Alien green - ~~$180~~ ***$150***  * Aluminum,Matte_Box,0,3,1dfdpn1
1718323217,2024-06-14 00:00:17,2024,06,[US-MA] [H] Paypal [W] LeleLab Scorpio46,[removed],chemba27,1,0,1dfdi6g
1718323137,2024-06-13 23:58:57,2024,06,[US-PA][H] Paypal [W] Mode Sonnet White Oak Accent,Looking for the Mod Musing White Oak Accent for the Mode Sonnet.  Comment then PM please. Thank you.  ,pixel-pixel-pixel,0,4,1dfdh6a
1718321722,2024-06-13 23:35:22,2024,06,"[US-NY] [H] GMK Blurple, KKB Artlife, ePBT Cool Kids R2 + Pencils Kit [W] PayPal",[Timestamp](https://imgur.com/a/june-13th-sZwEgLb)  **Prices include shipping to the USA only**. **Canada shipping is not included**.   Keycaps will be shipped in bags.  GMK Blurple Base - $70.00  ePBT Cool Kids R2 Base + Pencils Kit $85.00  KKB Artlife Base $65.00  Can bundle all 3 for **$200.00** shipped,Saundotorakku,0,2,1dfd005
1718320358,2024-06-13 23:12:38,2024,06,"[US-CA] [H] Glare65, Cycle7, Switches, Keycaps, Misc [W] Paypal","[Timestamp](https://imgur.com/gallery/T7xbZO2)  All prices shipped CONUS, Bundles take priority, not fcfs  PM only no chat. Comment before PMing.  |Keyboard|Description|Price| |:-|:-|:-| |Cycle7 |WK Silver, Wired HS PCB. One HS socket came off, so I connected with a wire - works flawlessly. |180| |Glare65|Cream, HS PCB, Alu, CF, PP plate.|720 or trade for black kohaku|  |Keycap|Description|Price| ",daeyul00,2,15,1dfciqv
1718319119,2024-06-13 22:51:59,2024,06,"[US-NY] [H] Jelly Epoch, QK65 Stone Age, Owlab Spring and more [W] Paypal",\[WTS\]  Img Link: [https://imgur.com/a/mechmarket-06-13-24-tT5FkMP](https://imgur.com/a/mechmarket-06-13-24-tT5FkMP)  Moving soon and am trying to downsize my collection a bit; not particularly interested in trades as a result.   Prices are in USD (Paypal G&S) and do not include shipping. All items listed underneath each listing are included. None of the prices include keycaps and switches. That ,capt_plushie,0,7,1dfc2lq
1718317731,2024-06-13 22:28:51,2024,06,"[US-AZ] [H] Topre stuff (FC980C, Epson numpad, Realforce housings, misc keycaps) [W] Paypal, trades","[TIMESTAMP](https://imgur.com/a/RdAdSQ3)     Hi everyone,  * Prices are OBO w/ CONUS shipping included. * Discount for bundle. * Discord: tieungu (best way to chat).  # HAVE  * [Leopold FC980C](https://i.imgur.com/jUufeqy.jpeg) - 45g, mint condition, missing gray enter key so it'll come with a red OEM enter key, I'll throw in a red Esc key to match - **$200** * [EPSON numpad](https://i.imgur.com/s",TieuNgu,0,7,1dfbkpk
1718317422,2024-06-13 22:23:42,2024,06,[CA-ON] [H] Paypal [W] Thermal+ Solder PCB WT65-CX or Hibiki PCB,,jsnau,0,2,1dfbgqn
1718317168,2024-06-13 22:19:28,2024,06,[CA-BC][H] Coolermaster CM Novatouch TKL [W] Paypal,"Timestamp: [https://imgur.com/a/guAtChd](https://imgur.com/a/guAtChd)  Have a like new CM Novatouch TKL. Original box and accessories. Was used maybe for like 10-15 mins, mounted some keycaps on it but mostly stored. $250US + Shipping from Canada.",breitling88,0,3,1dfbdgw
1718317167,2024-06-13 22:19:27,2024,06,"[US-OH] [H] QK65 Gray/Black trimode wireless, TTC Frozen Silent Switches, 21KB Classic Keycap Set [W] Paypal",[Photo Album + Timestamp](https://imgur.com/a/L2trYop)  Selling QK 65 in Gray/Black. Comes with wireless PCB which has bluetooth and 2.4GHz connectivity. Battery and all accessories included. Trimode hotswap ANSI PCB + POM Plate + PE foam + Poron foam + Dongle + charging cable + carrying case. Lubed stabs (krytox 205g0). Asking $200  Currently assembled with TTC Frozen Silent switches and 21KB cla,XmasFlaxonJaxonWaxon,0,5,1dfbdgb
1718315923,2024-06-13 21:58:43,2024,06,"[US-FL] [H] Custom Wooting ""leftovers"" [W] Paypal","[Timestamp](https://i.imgur.com/8TomDh6.jpeg)  **$15 Shipped (including Paypal fees)**  These are all of the leftovers from a custom Wooting build I just did. I'm really only trying to get the shipping and Paypal fees covered. Otherwise, this is all just getting donated or thrown out.   Includes:   - Case - Case foam - Gateron Lekker switches (+2 extras) - Wooting keycaps - Wooting USB-C cable - K",clothing_throwaway,0,5,1dfax88
1718314701,2024-06-13 21:38:21,2024,06,[US-NY] [H] Keykobo Signet keycaps [W] Paypal,"Here is the time [timestamp] and imgur gallery.   $90 shipped, never used.   I'd be open to trades, particularly other Keykobo sets.   TYIA",OldTrafford25,1,6,1dfah15
1718313807,2024-06-13 21:23:27,2024,06,[US-CA] [H] Paypal [W] Numpad,[removed],Some-Implement2873,1,0,1dfa4rs
1718312411,2024-06-13 21:00:11,2024,06,[Artisan] ETF Shot n' a Beer 40,"Mid-June is a time for got-damn purple.     *-nobody*  :  ___   **[Parsnip (Type 1)](https://imgur.com/a/DeHCfbz) 6/6**   **Fugu v3 + MoonDrop set $110** ___ **[Previous Shots Catalog](https://imgur.com/a/4iiMq2C)** ___  * Form stays open till until 5pm Pacific), invoices follow shortly after. * Incorrect answers on trivia = 💀 * Form is [**>>here<<**](https://forms.gle/jNEk3Rp6aaxqcE5J8)  ___",Eat_the_food,9,9,1df9lic
1718311940,2024-06-13 20:52:20,2024,06,"[US-NY] [H] Olivitti/Camillo MT3 Ortho, Acute Preonic caps, Quadrant [W] Paypal","Hi all, selling some keycaps and a keyboard. All in like-new condition. Shipping within the US or meet in person in NYC. PayPal G&S.  [Timestamp](https://imgur.com/a/lvs0k6d)  MT3 Olivetti/Camillo Ortho Kit - $55 shipped / $50 local. Mounted once, barely used.  OLKB Acute Preonic - $25 shipped / $20 local. Brand new, opened but never mounted.  Quadrant 5x14 White ortho keyboard. Elite-C, millmaxed",sparka,0,2,1df9f0c
1726357155,2024-09-14 23:39:15,2024,09,"[US-IN] [H] Rama U80-A SEQ 2 Soya [W] Paypal, Local cash","pics: https://imgur.com/a/d5M4v0q  $400 plus shipping  Includes dampener and hotswap PCB.  There's a scratch from the usb port on the inside of the case that's pictured.   There's also scratch marks from all four bottom screws. Only took picture of two.  Then there's a small scratch on the plate from a switch puller that's pictured.  Includes ribbon cable, screws, allen wrenches, even the plastic ",blackhacker999,0,2,1fgz7a8
1726355233,2024-09-14 23:07:13,2024,09,[CA-BC] [H] Fully Built Black Zoom65 EE [W] Paypal,"      [Timestamps](https://imgur.com/a/fc5KbzC)      Black Zoom 65 EE V1 - Silent / All black build - 190 USD shipped (if outside US / Canada, pm for a quote)",GandBoink8,0,3,1fgyjwm
1726354940,2024-09-14 23:02:20,2024,09,"[US-WA] [H] PayPal [W] PBTfans Vior, Univers R2 carbon grey or Unique layout/design keeybaord with arrows under $300", What the title says.,Thetrappedcow,0,4,1fgyg8y
1726354340,2024-09-14 22:52:20,2024,09,"[US-CA] [H] Kibou Lamy TKL, GMK Rainy Day (Base, Hangul, Spacebars) [W] Paypal, Local Cash","[Timestamp](https://imgur.com/a/mm-9-14-24-cGzk5tX)  Prices include shipping to CONUS. Local pickup to OC gets priority and discount. Not FCFS, will be prioritizing local trades first.  |Item|Description|Price| |:-|:-|:-| |Kibou Lamy TKL|Moderately used, but in great condition (no scratches/marks). Comes with 1 used PC plate, 1 new aluminum plate, 2 PCBs (1 new and 1 desoldered with FR-301)|$460 s",fazien,2,5,1fgy8lv
1726353433,2024-09-14 22:37:13,2024,09,[US-CT] [H] 40% Prime-E [W] Paypal,[Timestamp](https://imgur.com/a/V4M3pP0),Luneth12,0,4,1fgxx9k
1726353401,2024-09-14 22:36:41,2024,09,[US-FL][H] Paypal [W] GMK Panels,"Hey!  As the title says, looking for GMK Panels.   Definitely looking for a good condition, no shine set and want box, not bags.   Let me know if you want to part with it! If you have any interest on GMK Katakana or Laser Synthwave we could also entertain a trade.   Thank you! ",reyesv9,0,2,1fgxwui
1726353114,2024-09-14 22:31:54,2024,09,[US-CA][H] BNIB Neo 65 Tri-Mode PCB [W] Paypal,"[Timestamp](https://imgur.com/a/uVQaBfS)  I recently requested a replacement for my faulty Neo Ergo PCB, but they accidentally sent the 65 one instead, so I'm selling here since they let me keep it and I have no use for it. It is the non-flex cut tri-mode option and it has the dongle + all the foams.  Asking for $40 + shipping, $5 below the price from Neo.  Comment then pm please",yayyouexist,0,5,1fgxt48
1726353079,2024-09-14 22:31:19,2024,09,[US-NC][H]PayPal [W] Keycap set - Keychron Q13 ready (Alice w/ num pad) - Cherry Profile or something comparable,I'm looking to try out a lower profile keycap set for my Q13 Max. Please let me know if you have something's compatible that you're looking to part ways with. ,HeadWombat,0,2,1fgxsog
1726350808,2024-09-14 21:53:28,2024,09,[US-OH][H]Lily58 Pro split keyboard (clear acrylic case & clear pcb) fully assembled[W]PayPal,[Time stamp](https://imgur.com/a/yB7cP3b)  * Includes set of brown switches * Pro Micros controllers with OLED screens with TRRS cable included * Pre flashed with firmware and plug and play with via  $125 Shipped! - CONUS,nonstoppants,2,4,1fgwz8s
1726350698,2024-09-14 21:51:38,2024,09,[CA-ON] [H] PayPal [W] Space65 R3 per-key RGB PCB,"Hey there!  Currently searching for a Space65 R3 per-key RGB PCB. The one with no flex cuts that Gray Studio released a while ago.  Please drop a comment before a [PM](https://www.reddit.com/message/compose?to=thisisfootball9). Thanks for helping with my search, take care!",ThisIsFootball9,0,2,1fgwxqg
1726350499,2024-09-14 21:48:19,2024,09,[US-GA] [H] PayPal [W] Alpine65 Plate,[removed],Fwuzzy123,1,0,1fgwv73
1726350477,2024-09-14 21:47:57,2024,09,[US-NY] [H] Linworks Burgundy & CRP R4 keycaps [W] PayPal,"Timestamp: [https://imgur.com/a/LhuY82V](https://imgur.com/a/LhuY82V)  CRP R4 bundle, will not separate: English alphas, Red Cyrillic alphas, Japanese Black/Pink on white alphas, White 60s mods, Beige 60s mods. Like new, no shine. $165 shipped for all (USA shipping only)  Linworks Burgundy. Like new, no shine. $60 shipped. (USA shipping only)  Comment before PM and PM only please, no chat. Thank y",SE7EN_ate_NINE,0,2,1fgwux9
1726350177,2024-09-14 21:42:57,2024,09,[US-VA] [H] ePBT Dreamscape base + novelties [W] Paypal,[Timestamp](https://imgur.com/a/PPNBs6j)  Used lightly no shine. Asking for $70 Shipped.,wineloop,0,2,1fgwqzq
1726349841,2024-09-14 21:37:21,2024,09,"[US-IN] [H] Indigo and Silver Kalam Unikorn, PC Kalam Kohaku, Silver Typface Monospace [W] Paypal",[Timestamp](https://imgur.com/a/XrTIYMg)  **Indigo Kalam Unikorn w/Brass Weight**  - Newer batch to where it resembles the color of the r2.1 Indigo korn. First batch was a washed out purple - New Solder PCB  - Aluminum Plate  - $280  **Silver Kalam Unikorn w/PVD Multicolor Weight**  - New Solder PCB  - Aluminum Plate  - Protective film still over weight - $280  **PC Kalam Kohaku w/Copper Weight** ,Hyperfuse28,0,5,1fgwmpq
1726349656,2024-09-14 21:34:16,2024,09,[US-FL][H] HHKB Hybrid Type-S Beige [W] Paypal,"[Timestamp](https://imgur.com/a/VQ0YUAV)  * HHKB Hybrid Type-S - Beige, low use. It came to me with undisclosed battery leakage; I opened it up and cleaned everything thoroughly that had dried battery, no corrosion or any other issues. Comes with original box and installed mat, no batteries included. **$220** shipped in CONUS",profanum429,0,2,1fgwk70
1726349202,2024-09-14 21:26:42,2024,09,[US-CA] [H] GMK Red Samurai 65% kit; IFK Aether; IFK BlackLight; GMK Sumi Base kit; GMK Awaken Neo Tokyo Kit; GMK Shashin Latin Base w/ Novelties [W] PayPal,"Getting out of the hobby to fund other things. Starting off with some keycaps sets that has been sitting around.  [Timestamp](https://imgur.com/a/Yqsne8r)  CONUS ONLY  GMK Red Samurai 65% kit | Mounted once for photos, no shine, like new - $70 Shipped  IFK Aether *(sealed)* | $70 shipped  ",Ennvie,0,6,1fgwe6m
1726348152,2024-09-14 21:09:12,2024,09,[US-ID] [H] GMK Honor Dark [W] PayPal,"Timestamp: [https://imgur.com/a/gWLcKqv](https://imgur.com/a/gWLcKqv)  Hey Y'all I am selling GMK Honor Dark.   Please Feel Free to PM or Message.  GMK Honor Dark (Base Set) for $110 Shipped   -Keycaps. No Shine. Like New.   -Original Packaging included, but slightly damaged (See Photos)",DifficultLook8034,0,3,1fgw0gl
1726347738,2024-09-14 21:02:18,2024,09,[US-CA] [H] Copper Top F2-84 [W] Paypal,[removed],Metszu,1,0,1fgvuxu
1726346148,2024-09-14 20:35:48,2024,09,"[US-MI] [H] CRP Tulip, Built: Mc65, Neo Ergo, Kalam Unikorn  [W] PayPal","https://imgur.com/a/QmrSeFz  https://imgur.com/a/mm9mHhI  Prices are shipped conus, and all boards come with other keycaps. Bundle to save, and more pics provided upon request -15 off crp tulip in bundle, -20 off each board added.  * **CRP Tulip:** light shine on some more heavy used keys, shipped in bags, Comes with icon mods (w/ purse caps lock), row 4 and row 5 bottom row, tulip windows, and tw",mwedeven,0,6,1fgvchg
1726346117,2024-09-14 20:35:17,2024,09,[US-GA] [H] Space65 R3 in Darthvader (Black) [W] Paypal,"[Timestamp](https://imgur.com/a/N47Arod)  Hey all, just recently got this board but unexpected situation arose and I quickly need to get some funds.  Really sad to part with this board that I've been trying to get my hands on since 2023, but life is life.  **Here's whats included:**  * Two pcbs, one hotswap, one mill-maxed solder pcb. (7u and split backspace) * 1 hotswap PC plate, 1 solder POM pla",Verestrasz,1,9,1fgvbzm
1726346057,2024-09-14 20:34:17,2024,09,"[US-CA] [H] PayPal [W] 2000 Mini SE plate & PCB, Floppy Processor Deskmat, KKB Red Alert, GMK Mictlan, other keysets","Looking to buy a CF plate and spare PCB for the 2000 Mini SE.  Floppy Processor tiger deskmats of any colorway. Will consider other artisan deskmats or keebpixel designed deskmats.  Also looking for KKB Red Alert, GMK Mictlan, GMK Carbon, GMK Skidolcha, or other GMK/KKB sets.  **Comment before PM**",AkDoxx,0,5,1fgvazo
1726345160,2024-09-14 20:19:20,2024,09,"[Bulk] Chiccenwangg's Affordable Lubing & Break-In Service | Broken-In Cherry Switches (L/F/SS): MX2A Unlubed Blacks (no prelube), MX2A Oranges, MX Browns, L/F Gateron Milky Top Yellows",[Timestamp](https://imgur.com/a/ivoBPcQ)  # Discord: chiccenwangg  # Due to an influx of large orders 1-day turnarounds may vary!   # [Lubing/Break-In Service Order Form](https://forms.gle/K8swsjSUMUZCvhYj7)  * Send/order in your own switches and have them modded at affordable prices! * 1-2 Day turnaround (Mon-Sat) * Two-person operation using tried-and-true technique to ensure consistency and qua,Chicccccenwanggg3424,6,3,1fgv0ji
1726344373,2024-09-14 20:06:13,2024,09,[US-CA] [H] PayPal [W] Modern Dolch Light,"Looking for BNIB Modern Dolch Light, will also take slightly used with no shine.",Dexinthecity,0,2,1fguq3o
1726343364,2024-09-14 19:49:24,2024,09,"[US-CA][H] S&R Iron165 R2 - Graphite, DSA Nineteen Thirty 1930, GMK 80082 BLOO - Base + Aesthetics, NK PBT Charcoal, Deep Deskmat-Grey, PC/Acrylic - Artisan Trays[W] PayPal","Timestamp - [https://imgur.com/a/tGxAzrY](https://imgur.com/a/tGxAzrY)  * Not FCFS, will prioritize Local sales - Zip Code: 95134 * Please post ""PM"" first then send Private Message me with any questions or if you want to pick up an item. \*Do not send chat invite - I will not respond to chat invites\*. Also do not post any questions in the comments of my ad. All questions need to be sent to me via",jpm804,0,10,1fguc1f
1726341290,2024-09-14 19:14:50,2024,09,[US-CA] [H] PayPal [W] Switch Parts,"Looking for some bottoms compatible with Gateron tops, heavier springs, or whatever else switch parts you have. Just interested to see what’s out there and I like frankenswitching. ",a_real_go_getter,1,2,1fgtl58
1726341163,2024-09-14 19:12:43,2024,09,[KR] [H]Paypal [W]Bias R2,Looking to buy a bias r2  preferred price is at 400 usd + fees & shipping if necessary  black preferred but other colors are fine as well.,mahabanyabaramilda,1,2,1fgtjh1
1726340511,2024-09-14 19:01:51,2024,09,"[US-MD] [H] Drop CSTM80, GMMK Pro 2 Full Size, GMK Dracula V2 Git Base, GMK Mr. Sleeves, Various Ortho Keycaps, Switches [W] PayPal","[Timestamp](https://imgur.com/a/iris-v4-drop-cstm80-gmmk-pro-2-full-size-gmk-muted-r2-gmk-dracula-v2-git-base-ortho-keycaps-switches-I5dt4iN)  Selling a bunch of stuff I no longer need. Preference given to bundles, **feel free to make offers**. CONUS only. **All prices include shipping!** Please comment before PMing, and please, no chat. Happy to answer any questions and provide additional picture",widget_factory,0,4,1fgtakr
1726338973,2024-09-14 18:36:13,2024,09,[US-CA] [H] KBD DZ60  [W] Cash,[removed],iXaney,1,4,1fgsuvh
1726337746,2024-09-14 18:15:46,2024,09,[US-FL] [H] Paypal [W] Zoom75 Yellow,[removed],Odd_Enthusiasm_408,1,0,1fgse83
1726337016,2024-09-14 18:03:36,2024,09,"[US-MA] [H] Neo65, Switches, Keycaps [W] PayPal","[Timestamp](https://imgur.com/a/rKXMTIp)  **Neo65 E-White**  * Perfect condtion, mirror chrome weight with the peel still on * Tri-mode PCB with Alu plate * Comes with case, unused stabs and all accessories * $140 (open to offers)  **Sarokeys BCPS x 100**  * Stock * $60  **Cherry Emrald Keycaps**  * Sparsely used * No shine or damage * S40  Can sell neo65 built with BCPs and tx stabs   Shipping is",DigitalxDruglord,0,4,1fgs4fm
1726335862,2024-09-14 17:44:22,2024,09,"[US-KS] [H] Cerakeys Blank Green Keyset (sets A, B, & C), Drop MT3 Black-on-White Base Kit [W] Paypal","\[Timestamp\](https://imgur.com/a/ZD3NA65)  # Cerakeys V2 Blank Green Keyset (sets A, B, & C) - $100 shipped  Great condition, barely used them. Just decided I didn't like the color with my white NIU Mini.  # Drop MT3 Black-on-White Base Kit - $50 shipped  In good condition, mostly only used the alphas. Picked up the ortho kit so it's no longer needed.  CONUS only  Thanks.     ",Caskla,0,3,1fgroyx
1726335788,2024-09-14 17:43:08,2024,09,[US-CA] [H] LeleLab 60% +Macro Pad [W] Cash,"hello selling some of my keebs ive been holding. **Price is for both Keeb & Macro Pad**   Local only please Located in Camarillo, CA    Asking for **$350 OBO**  Please comment before PM!  [Timestamp](https://imgur.com/a/lelelab-LcmeYiQ)[](https://imgur.com/a/lelelab-LcmeYiQ)",iXaney,0,4,1fgrnyq
1726334695,2024-09-14 17:24:55,2024,09,[CN] [H] Matrix Corsa/Navi/Think 6.5 V3 [W] Paypal,"Timestamp:  Matrix Corsa: [https://imgur.com/a/sEQ6kMJ](https://imgur.com/a/sEQ6kMJ)  Matrix Navi Mcflurry : [https://imgur.com/a/j2LKjzb](https://imgur.com/a/j2LKjzb)  Matrix Navi Silver ano&Linen: [https://imgur.com/a/zzCgaHM](https://imgur.com/a/zzCgaHM)  Think6.5 v3 and Keycaps: [https://imgur.com/a/lPqeIv9](https://imgur.com/a/lPqeIv9)  Hi guys, I have some nice keyboards, most of them are br",Jazzlike_Cockroach73,0,2,1fgr9hu
1726334041,2024-09-14 17:14:01,2024,09,[US-IL] [H] Zoom75 He [W] Paypal,https://imgur.com/a/vmz8lMI Zoom75 he black with seal keycaps v3 have grips so i wouldnt ruin keycaps no use on keycaps had them for a month now  want $160 ,Cubrir,0,4,1fgr187
1726333338,2024-09-14 17:02:18,2024,09,[EU-FR] [H] GMK Cafe Dark alphas + ISO/Numpad kits [W] PayPal G&S,"GMK Cafe Dark alphas + ISO/Numpad kits together  Condition : BNIB, Sealed   Price : 150 euros + shipping (can ship internationally)  Timestamp : [https://imgur.com/a/xGnXGkt](https://imgur.com/a/xGnXGkt)",AgentMyth555,0,6,1fgqs1w
1726329720,2024-09-14 16:02:00,2024,09,"[US-MI] [H] Ikki68 Aurora Charcoal Wireless [W] PayPal, Ergonomic Mouse","[Timestamp](https://imgur.com/a/QBbEyCm)  Looking to part with my Ikki68 Aurora, willing to trade for a barely used ergo mouse.  Comes with everything included in the original kit, including  * Extra silicone and poron gaskets * Original Badge (on board currently) and an extra Mizu edition badge * The included coiled cable (never used, always preferred wireless) * Aluminum plate * All silicone pie",SammyPhotos,2,2,1fgpf24
1726328764,2024-09-14 15:46:04,2024,09,[US-CA] [H] Paypal [W] SINGA x TGR Unikorn R2.1 Indigo,Hello! I’m currently looking for a Unikorn in Indigo.  Please PM me with details! :),reddith_m,0,2,1fgp1vr
1726327120,2024-09-14 15:18:40,2024,09,"[UK][H] Mode Sonnet 75% Grey bottom Cream top, GMK Retro Cyrillic, GMK Mr. Sleeves 2 [W] Paypal","Hey peeps,  Selling my Mode Sonnet with FR4 plate, built with band-aid mod but unused. Throwing an extra POM plate for free with it. Also GMK retro cyrillic and Mr. Sleeves available.  [Timestamp](https://imgur.com/a/gtHC5mp)  Mode Sonnet - £220  GMK Cyrillic retro - £110  GMK Mr. Sleeves £30  Will prioritise UK buyers and bundles  Cheers !  mb",martinb_,2,2,1fgofra
1726326021,2024-09-14 15:00:21,2024,09,"[EU-FR] [H] Magic 3 Creamy 80, Kohaku Lilac, PBT Doggie, TMG [W] Paypal",[Timestamp](https://imgur.com/a/14-09-2024-kMJjwSm)      \[WTS\]  * Keyboards  |Magic 3 Creamy 80 brand new never used|1050€ + shipping| |:-|:-| || |**Kohaku lilac brand new never used**|**1500€ + shipping**|  * PBT Doggie + Nov (used but still new): **75€ + shipping** * TMG Chopper/Mariner9/Nostalgia: **80€ + shipping**     Have a nice day everyone :),hadeshellife,0,4,1fgo0t7
1726325786,2024-09-14 14:56:26,2024,09,[Artisan] TOR07 Accent,"Hello everyone,   We would like to introduce to everyone Lolita TFA Accent  Review  [https://ibb.co/JrssRVr](https://ibb.co/JrssRVr)  [>>Raffle Form<<](https://www.creasikey.com/event)  ***Information***   Name: TOR07   Type: Multishot casting   Colorway: Accent   Stem: Cherry MX   Size: width/length \~18mm, height\~15mm   UV Effect: >>NO<<   Quantity: 10 keycaps  Price 100 USD  SHIPPING   Choose ",CreasiWorkshop,0,1,1fgnxo6
1726324284,2024-09-14 14:31:24,2024,09,[US-MI] [H] Pink Ergodox Glow + Tent Kit + Rests [W] PayPal,"https://imgur.com/a/jzDMBmF  Gently used, Asking $250 PayPal with shipping included in Continental US States.  open to offers, Willing to ship other locations as well.  Includes tent kit, cables and wrist rests Kailh Black Box switches and stock ""glow"" keys Spray painted the case pink to match my aesthetic  Recently wiped down the case and switch out the keys and switches  The TRS Cable does not w",sku11lkid,0,3,1fgndwl
1726322430,2024-09-14 14:00:30,2024,09,[Artisan] HotShot Daed Owl,"Kobe Bryant was a legendary NBA player who spent his entire 20-year career with the Los Angeles Lakers. Known for his exceptional skills, relentless work ethic, and ""Mamba Mentality,"" he became a five-time NBA champion, two-time Finals MVP, and 18-time All-Star. Bryant was an elite scorer, ranking fourth on the NBA's all-time points list, and was renowned for his clutch performances.   To reminisc",KrakenKap,0,1,1fgmq36
1726321739,2024-09-14 13:48:59,2024,09,"[UK] [H] Greige WKL Sagrada, GMK Keycaps, Other Keycaps, Lavender Switches [W] PayPal","World-wide shipping on all products- prices do NOT include shipping. Timestamps are linked to product titles.  |Keyboard|Description/Details/Extras|Price| |:-|:-|:-| |[Greige WKL Sagrada w/ Brass Weight](https://imgur.com/a/QUSqxkB)|Brand new, unbuilt + 1 Solder PCB + 1 Daughter board + 1 FR4 plate + 1 Carrying case|£600|  GMK Keycaps:  |GMK Keycap Set|Description/Details/Extras|Price| |:-|:-|:-| ",ShringMusic,0,4,1fgmhnj
1726320257,2024-09-14 13:24:17,2024,09,[Artisan] Pretty Petite Crafty Shibakama,♡♡Henlo Frens!!!!!!!!!!!! ♡♡  [**♡♡Photos♡♡**](https://imgur.com/a/L0wrzD5)   [**♡♡Nakama Pins are still available!!!♡♡**](https://imgur.com/gallery/5V3E3uZ)  [**♡♡Enter Nakama Red Panda Raffle Here♡♡**](https://docs.google.com/forms/d/e/1FAIpQLSdXLOAiIBLApvQWm-twguIb2SGKuB7VOV4-pZK5pPAY_9lt0g/viewform?usp=sf_link)  **♡♡Raffle Info♡♡**  *	**♡♡Price: Nakama $45 USD♡♡**  *	**♡♡Price: Nakama Pin $8 U,PrettyPetiteCrafty,44,2,1fglze1
1726319881,2024-09-14 13:18:01,2024,09,"[US-MD][H] PayPal , Local Cash [W] Navy / Gunmetal Grey Haven TKL","Looking for a WKL or WK (preferred)  Navy or (Ordnance) Grey Haven TKL.   Hotswap preferred, but can also settle for solder.   Please comment here before PM'ing. ",Archavius,1,4,1fglunj
1726319414,2024-09-14 13:10:14,2024,09,"[CA-AB] [H] GMK Keycap Sets (Fuji Bundle, PONO Bundle), Tomo 75% - Suave Blue - Monokei x TGR Collab (Solder) + Extras, Artisans (ESCLAB Series 00, Mr Nom Nom) [W] Paypal",Timestamp: https://imgur.com/a/ts-2024-09-14-oEYICFm Trying to sell some things as I do not need them anymore.  **Want some fresh keycaps for your board?**  Item | Condition | Looking for :--|:--|:-- GMK Fuji Bundle (Katakana Base + Novelties + Spacebars (Sakura) + Rama) | Brand New/Sealed | ~~$265~~ $239 USD / ~~$365~~ $329 CAD  + Shipping GMK PONO (Base + Novelties) | Brand New/Sealed | ~~$265~~,Bot_Cookie,0,4,1fglp0x
1726318611,2024-09-14 12:56:51,2024,09,[VN] [H] Matrix 2.0 Add Xmas Edition [W] PayPal,# Matrix 2.0 Add Xmas Edition by Matrix Lab  Selling keyboard.  [Timestamp + Photos](https://imgur.com/a/cDt2m1v)  Selling my collection Matrix 2.0 add xmas coat:  * ﻿﻿1x Solder PCB * ﻿﻿2x Plate * ﻿﻿Stock Alu Plate and PC Plate * ﻿﻿Original Box and accessories + Plate Rubber/Foam thing + Case Rubber/Foam Thing. Feet...  Looking for ~~$750~~  $650 shipped via Paypal invoice OBO,Twinkle273,0,4,1fglfbm
1726315025,2024-09-14 11:57:05,2024,09,[EU-AT] [H] Cablemod Slimline USB-C/USB-A Cable in GMK 2B[W] Paypal,"[Timestamp](https://imgur.com/PvfrtDd)  Hi guys   For my last build I ordered two cables from Cablemod! I kept one and for the other one I don't have any usage, therefore I'd like to sell it :) It's basically a grey cable with black connector, so perfectly for almost all keebs.   You can see the configuration details [here:](https://eustore.cablemod.com/configurator/?load=kbc:ea48a50d4030)   Price",ktrezzi,0,4,1fgkdvm
1726311195,2024-09-14 10:53:15,2024,09,[EU-FR] [H] Wooting 60HE+ with Tofu60 Redux [W] Paypal,"[Timestamp and pictures](https://imgur.com/a/ZZ5ACk9)  I sell my brand new Wooting 60HE+ module, bought this august, I used it for like 2 weeks. Awesome keyboard, but I just don't like the 60% layout. Comes with a Tofu60 Redux case brand new, bought this month too.  * Wooting 60HE+ module * Lekker 45 swtiches (70 pcs) * Wooting white keycaps PBT (backlit) * Tofu60 Redux Azure coating * USB-C cable",Langbardr,0,4,1fgjgbl
1726308651,2024-09-14 10:10:51,2024,09,"[EU-LV][H] WKL E-White Prophet, KKB BoW, KKB GIGACHAD [W] Paypal","[Timestamp](https://imgur.com/a/Z7Xp2iT)  |Item|Desc|Price| |:-|:-|:-| |CableCarDesigns Prophet WKL E-White|Built with Salvation PCB, Mix of TX and Durock stabs, AEBoards Blaecks, PP plate, comes with the original carry case|€250 + shipping OBO| |Key Kobo Black on White|Barely used, comes with the stock trays.|€69 + shipping| |Key Kobo Gigachad CMYW & Dark RGBYW|Barely used, comes with the stock t",fungusbanana,0,3,1fgivgm
1726299642,2024-09-14 07:40:42,2024,09,[US-CA] [H] PayPal [W] Planck EZ Polycarbonate,"Hey, I’m looking for a working polycarbonate Planck EZ. Will also accept other colors depending. ",very-bad-goose,0,3,1fggwec
1726299440,2024-09-14 07:37:20,2024,09,"[TH] [H] Jaguar V2 , Noxary 378 , JJW moment, GMK sets[W] Paypals","HI, I want to sell some board & GMK sets.  I got a few confirm trade US,Frace   [Timestamp](https://imgur.com/a/leGsnU0)",Tide-Geek,0,8,1fggupw
1726299132,2024-09-14 07:32:12,2024,09,"[US-CO] [H] Paypal [W] JJW Derivative (WK), GMK Hammerhead child kits, JTK Emerald Spacebars",WTB  GMK Hammerhead Extras kit (40s) and Novelties  JTK Emerald Spacebars kit   JJW Derivative WK Coast blue or Mercury silver,mrskwrl,0,2,1fggs5p
1726294541,2024-09-14 06:15:41,2024,09,[AU] [H] GMK Cojiro - Base Kit [W] Paypal,"[Timestamps](https://imgur.com/a/zU6jrxc)  Hi Everyone,  Selling my GMK Cojiro - Base Kit for AUD $200+shipping   This was purchased in 2022 and put onto my keyboard for a few months until put different keycaps on it. From then, it's been packaged and boxed away without use.   Just a note: there is a little dent on the spacebar you can barely see in the pictures. The spacebar arrived to me like th",Xcided,0,3,1fgfqb7
1726294388,2024-09-14 06:13:08,2024,09,[EU-GR] [H] Paypal [W] Fjell 60% Black Or Frog mini Black,I will buy from anywhere but prefer inside the EU. Please comment before pm ty ,LilKozi,0,2,1fgfoxg
1726292977,2024-09-14 05:49:37,2024,09,[US-SC] [H] Rainy75 - Pro [W] Paypal,"[Timestamp](https://imgur.com/a/zu1BPRF)  # Rainy75 Pro - Electric Blue  * Connect 3 ways- wired with USB-C cable, wirelessly with Bluetooth 5.0 and 2.4 GHz. * Double Shot PBT keycaps. * FR4 plate. * JWICK WoB switches. * RGB backlighting. * Open Box/Displayed Only. * $140.00 USD",Kushmasturpussyfart,0,3,1fgfcq3
1726292230,2024-09-14 05:37:10,2024,09,[US-NY] [H] PAYPAL [W] BNIB GMK Classic Blue / GMK White Blue / GMK Artisan,Hello! Looking for a BNIB / Sealed GMK Classic Blue or White Blue with White alphas. Open to other gmk sets that follow the White keys with blue legends theme.  Also interested in purchasing a BNIB / Sealed GMK Rama Agent 01 Fingerprint and GMK Rama Demon Sword Artisan Caps.   Thank you!,GUNDOM101,0,2,1fgf64o
1726290221,2024-09-14 05:03:41,2024,09,"[CA-ON] [H] PayPal, E-Transfer [W] H60 PCB, Lemo Cable, Screw-In Stabilizers","Hey all, looking to purchase the following:  - H60 Solder PCB - Lemo cable of some sort - Screw in stabilizers",SaleemA25,0,2,1fgenvl
1726289477,2024-09-14 04:51:17,2024,09,"[AU] [H] Kalam Kohaku Grey [W] PayID, Paypal","\[Timestamp\](https://imgur.com/a/5pPORsw)    Grey with SS weight    $415 USD, excluding shipping    Overall condition of the board is great, exterior is flawless, inside of top case seems to have some pitting marks from the factory but are completely hidden when the board is assembled.    Includes    Hotswap PCB, alu plate, carrying case, extra screws & gaskets.    Keycaps, switches and stabs are",_Adados,0,2,1fgegqp
1726284403,2024-09-14 03:26:43,2024,09,[Artisan] Puddings by ZestiZena,"Our keycap captures the essence of a delectable pudding dessert, bringing a dash of charm and personality to your keyboard.  You will receive all selected keycaps as requested. All orders will be shipped out within 1 week, however it may take longer depending on the volume of orders. Updates will be posted on my Instagram stories.  [Shop here](https://www.zestizena.com/product/puddings)  [Image Ga",Zeneith_,0,1,1fgd4au
1726283198,2024-09-14 03:06:38,2024,09,"[US-TN] [H] Keychron Q3 QMK Custom w/ extra PBT OEM Keycaps, NuPhy Air75 V2 [W] PayPal","[timestamp](https://imgur.com/a/B0M5Vow)  two keyboards for sale  Keychron Q3 QMK Custom w/ Knob | Transparent Black Glossy ABS Keycaps, Kailh Clione Limacina Clear Switches, purchased Feb 2023. A couple of lightly faded legends, also some light water spotting on keycaps (I think I sprayed air freshener too close a couple of times). Will include like new Keychron OEM Profile PBT Retro Keycap Set (",cultureshak,0,3,1fgcrr6
1726278960,2024-09-14 01:56:00,2024,09,"[US-MA] [H] Paypal [W] GMK Shoko, GMK Masterpiece GMK Violent Tendencies",GMK Shoko GMK Masterpiece + Latin alphas preferred  GMK Violent Tendencies,Valkurize,0,2,1fgbibj
1726278885,2024-09-14 01:54:45,2024,09,"[US-CA] [H] Kalam Kohaku Red/Copper, QK65, GMK Keycaps [W] PayPal, Cash","[Timestamps](https://imgur.com/a/timestamps-4U9a0uc)  Shipping to CONUS Only  Discount for Bundles (Orange County, 92805)  Comment before PM  **Kalam** Red Kohaku with Copper Weight  -- **$430 Shipped / $410 Local**  * Hotswap Red PCB * Aluminum Plate * Gasket Set, Bumpons, extra screws * Carrying Case * [1 Very Small Flaw Interior](https://imgur.com/0THsdPz) not visible when built  [QK65 Green wi",fitemebtch,0,2,1fgbhch
1726273108,2024-09-14 00:18:28,2024,09,"[US-NJ] [H] Drop x Noctua MT3 Keycaps, Logitech G915 TKL Clicky, Divoom Retro Pixel Art Bluetooth Speaker - [W] Paypal, Local Cash","[Timestamp](https://imgur.com/a/R3CU4Qh)  Hi all, I don't use these anymore so I'm trying to find a new home for them.  CONUS only. Free shipping. $5 off if you buy 2 items, $10 off if you buy all 3. Local is central NJ  Links to product pages are non-affiliate. I just want people to have the option of looking at the items with more detail.  If you're interested in other items, I have some stuff p",tokiguy,2,2,1fg9mz3
1726271426,2024-09-13 23:50:26,2024,09,[US-CA] [H] Custom Wooting 60HE+ Module + E-White Tofu Redux Build [W] Paypal,"timestamp: [https://imgur.com/a/zsGV6VP](https://imgur.com/a/zsGV6VP)  Hey everyone, it's just as the title says.  I am looking to sell my Wooting module build with Geon Raw HE switches and a E-White Tofu Redux. It also comes with TX AP PCB mount long pole stabs but I ended up having a hard time trying to fit them with the PC wooting plate so I just used the stock stabs. I hear you can use them wi",aaaaaaanree,0,6,1fg92uu
1726271283,2024-09-13 23:48:03,2024,09,[US-CA] Custom Wooting 60HE+ Module + E-White Tofu Redux Build [W] Paypal,"timestamp: [https://imgur.com/a/zsGV6VP](https://imgur.com/a/zsGV6VP)  Hey everyone, it's just as the title says.   I am looking to sell my Wooting module build with Geon Raw HE switches and a E-White Tofu Redux. It also comes with TX AP PCB mount long pole stabs but I ended up having a hard time trying to fit them with the PC wooting plate so I just used the stock stabs. I hear you can use them w",aaaaaaanree,1,1,1fg913b
1726271010,2024-09-13 23:43:30,2024,09,"[US-WA] [H] GMK (LedZep, Rainbow, Mizu, Cyan, Carbon, etc) sets, Topre boards [W] PayPal, Trades","[TIMESTAMP](https://i.imgur.com/Ji9dyHb.jpeg)  [More images](https://imgur.com/a/3jT1o7I)   **WTS:**  -shipped in bags (tray/banderole add $10+ ship) and keyboards will be packed accordingly, mostly minimal use, see timestamp for exact conditions and what you exactly get  GMK Mizu - base, novs, partial bars - $315  GMK Valentine 2018 Cherry KA 2018 Liebe - base - $200  Realforce 101 ML0100 - $215 ",Rewstery808,0,29,1fg8xty
1726270830,2024-09-13 23:40:30,2024,09,[Artisan] Mastonon Viscous Vagrant Shittierface Raffle,Fresh from the Underdark!  &nbsp;  [Keycap Gallery](https://imgur.com/gallery/viscous-vagrant-Rl900ZI)   [Raffle Entry Form](https://forms.gle/1xfZjibUHNNr6B7y7)  &nbsp;  --- #For your health... ---  ##Available Keycaps  | Sculpt   | Colorway    | Price     | |:-----------|:------------|-------------:| | ShittierFace | Viscous Vagrant |     $110   |    ##Raffle Deets  | Data Point   | Value    | |,Blacklistage,2,1,1fg8voz
1726270687,2024-09-13 23:38:07,2024,09,"[US-MA] [H] Paypal [W] AKB is0GR, illuminati iso, ja-Bae-Ted, or any iso macro pad (no pink) , Rubrehose & Alchemy screw tray, Busy Town deskmat, dcs windbreaker",thanks for your time,Spirited-Connection8,1,2,1fg8tzz
1726267569,2024-09-13 22:46:09,2024,09,[US-SC] [H] Custom Wooting 60HE+ [W] PayPal,"Timestamps: [https://imgur.com/a/UHipuuq](https://imgur.com/a/UHipuuq)  Selling my custom Wooting 60HE+ as I realized I do not utilize the functions of the Wooting as much as I thought I would, and am going back to my TKL.  Specs:  * Anodized Black Tofu60 Redux with brass weight bar * Tofu Redux case foam * Wooting 60HE+ PCB * Wooting silicone and poron plate foam (built with poron currently) * Wo",AdministrationOld436,0,4,1fg7qq5
1726267235,2024-09-13 22:40:35,2024,09,[US-NY] [H] Paypal [W] Zoom75,looking for a zoom75,rlrawr,0,5,1fg7mhk
1726266490,2024-09-13 22:28:10,2024,09,"[US-AZ] [H] E-White Paragon (75%), MW Voynich, KBM Fairy [W] PayPal","Timestamp: https://imgur.com/a/6VuZtIx  Clearing out some stuff I don’t use. All prices include shipping (CONUS only). If you’re local and I don’t have to ship, I’ll knock a bit off the price.  - Artemis Design Studio Paragon. Beautiful 75% keyboard, I just prefer a 65%. Lightly used. $300.  - MW Voynich mono alphas, sub alphas, novelty spacebars, novelty mods. Would prefer to sell as a set. Opene",iwilleatyrsnacks,0,3,1fg7cys
1726265194,2024-09-13 22:06:34,2024,09,"[US-TX] [H] GMK Maestro Novelty, GMK ShanShui, Alpha Keycaps, S-Craft, and ProjectKey [W] Paypal","Timestamp: [https://imgur.com/a/oHr5f8E](https://imgur.com/a/oHr5f8E)  Free shipping within the CONUS, but additional charges if international.  GMK ShanShui Traditional Base Set is gently used  GMK Maestro Novelty Kit is BNIB/sealed     |Maker|Model|Color |Price|Status| |:-|:-|:-|:-|:-| |Alpha Keycaps|Matapora|Golden Eye|$40|Available| |Alpha Keycaps|Matapora|Storm Trooper|$40|Available| |S-Craft",dangsimple,0,4,1fg6wff
1726265003,2024-09-13 22:03:23,2024,09,"[US-MI] [H] Salvation w/ extras, GMK Serenity [W] PayPal","[Timestamps](https://imgur.com/a/rOZKSCh)  Bundles will receive discounts and priority. All keycaps will be shipped in zip loc bags unless buyer pays for shipping. All prices are OBO (Or Best Offer), and shipping is to CONUS only. If you have any interest, questions, or concerns then let me know and I'll gladly help out.  **Salvation w/ Extras - $165 SHIPPED OBO**  * Lightning Silver Salvation Cas",Chicccccenwanggg3424,3,4,1fg6txh
1726264342,2024-09-13 21:52:22,2024,09,"[US-KS] [H] GMK Polybius, GMK Botanical R2 (Desert Base) + Novelties [W] PayPal",[Timestamp](https://imgur.com/a/W8lVfaN)  Hey Friends 📋 (WTS Post) Selling some extra items. Let me know if you are interested. (All Prices include CONUS shipping) 👌  Keycaps:  ~~GMK Sandstorm Base ($285)~~ ⏳ (SOLD for Asking)  GMK Polybius Base ($100) 👾  GMK Botanical R2 Desert Base & Novelties ($145) 🌵  NK Stone ($60) 🪨  ~~Keyboard: Cycle 7 - Creme / Gold PVD SS - Polycarb Plate - Wired Hotswap ,PlsBeNice2MyDog,0,4,1fg6kx6
1726264082,2024-09-13 21:48:02,2024,09,[CA-ON] [H] Dygma Defy Keyboard [W] Paypal,"[Timestamp](https://imgur.com/a/OF0HBeN)  Brand new Dygma Defy keyboard, used only for a few hours to test configurations and decide if I liked it. No heavy typing, like new condition.  Spec:  Black Base   Black English US Keycaps   Kailh Silent Pink Switches   Includes Built-in Tenting   Includes Wireless upgrade   Includes Underglow upgrade      Also includes a travel case, repair/swap kit and a",Shadowwraith86,0,2,1fg6hen
1726263798,2024-09-13 21:43:18,2024,09,"[CA-ON] [H] Freebird TKL, NE Macropad [W] PayPal","[Timestamp](https://imgur.com/a/UyxVHRu)  Freebird TKL - White, WKL, pom plate, hotswap pcb. Can include the switches and keycaps that it is currently built with (some sort of long pole linears and dyesub pbt keyset). Ships with original carrying case.  NE Macropad - The ""NE"" key, 2 key macropad, black with brass bottom, built with broken in creams.  Would like to sell them as a package, $125 USD ",Thundychundy,0,4,1fg6dh5
1726263646,2024-09-13 21:40:46,2024,09,[US-CA] [H] PayPal / Venmo [W] KBDfans Clear 2048 Purple,"Just got a new all-purple keyboard with purple panda switches and these would be the perfect caps for them! Please no chats, message only.",danisreallycool,0,4,1fg6bdt
1726263639,2024-09-13 21:40:39,2024,09,"[US-NY] [H] Paypal [W] GMK Nimbus base, troposphere deskmat, GMK Beloved hangul","Looking for one or the other for the caps. OK with bagged and used, just not heavily worn please. Can local pickup in NYC as well.",u_rang,0,2,1fg6bax
1726263005,2024-09-13 21:30:05,2024,09,"[US-FL] [H] PBTFans Kabuki-Cho, WS Camping, EPBT Pink on Blank and Shurikey Keycaps [W] Paypal","Timestamp: [https://imgur.com/a/4LqYDOI](https://imgur.com/a/4LqYDOI)  Feel free to pm for more pictures and info.    Shipping included to CONUS.  |Keycaps|Description|Price| |:-|:-|:-| |Shurikey 002 Western Desert - Doubleshot PBT Cherry|Used, great condition|$25| |Shurikey 003 Arcade Game - Doubleshot PBT Cherry|Used, great condition|$25| |EPBT Pink on Black  w/  Pink accents - Doubleshot ABS Ch",iancolumna,0,3,1fg62ge
1726262899,2024-09-13 21:28:19,2024,09,[CA-BC][H] Iron180/Iron 180 Brass Bottom Gray Top WKL [W] Paypal,"Timestamp: [https://imgur.com/a/HA86pG6](https://imgur.com/a/HA86pG6)  Flawless board that has been barely used. There are no scuffs on the board or the pvd, in brand new condition.  * Includes one build: HMX clouds on carbon fibre soldered PCB. * As well as an extra brass plate and sealed PCB for a second build  Firm at $450 USD or $600 CAD for fellow Canadians   Price does not include Paypal GNS",tombfvr,0,3,1fg60zv
1726262689,2024-09-13 21:24:49,2024,09,"[US-CA] [H] Matrix 2.0 add Pink Ano cwkl, Space 65 r3 death Vader, matrix vita white, gmk deep spade, Gmk solarized dark, gmk bleached, extra gmk keycaps, 2.0 add pcb and plate, 60 percent pom half plate, [W] PayPal, trades","[Matrix 2.0 add](https://imgur.com/7WY60Hv)  [Timestamps Space 65](https://imgur.com/a/3BERr0I)  [Timestamps extra keys](https://imgur.com/a/timestamps-CcEOp5Y)  [Timestamps cyan, wob, keycaps](https://imgur.com/a/dFecbDO)  [Timestamps Sangeo](https://imgur.com/a/KQM76jZ)  Matrix 2.0 add pink ano cwkl with siver ano outer, and light blue ano inner. Has some scuffs inside of case not visible and ti",Ilovecutomskeebs,0,4,1fg5y0h
1726262249,2024-09-13 21:17:29,2024,09,[UA] [H] 5x Cheapino v2 [W] PayPal,Hi there! Want to sell 5x fully built Cheapinos v2.  [Timestamp](https://imgur.com/a/sXL3Fbx)  Price(shipped worldwide): - Orange with black bottom: $120(XDA Gentleman keycaps and Outemu Tactile switches) - $100 for the others.  Switches and keycaps are mostly for demonstration purposes but I'll include them to check is everything working.,br64k,1,3,1fg5s2v
1726262127,2024-09-13 21:15:27,2024,09,[US] [H] PayPal [W] GMK Trackday Keycaps,[removed],PulsarJB,1,0,1fg5qdx
1726261584,2024-09-13 21:06:24,2024,09,"[US-VA] [H] KBDFans D60 Lite Pharaoh Edition + JTK Dreaming Girl + 2x Jerrzi Tu Linear Switch Packs [W] Paypal, Cash",[Timestamp](https://i.imgur.com/7XKUgto.jpeg)  **!!! CONUS ONLY !!!**  Local dropoff available. Shipping is free. Need these gone ASAP since I am not going to be able to list/deliver these for awhile. Cash is only available if doing local.  |Name|Price|Notes| |:-|:-|:-| |KBDFans D60 Lite Pharaoh Edition|$95|New. Still in wrapping/packaging| |JTK Dreaming Girl|$70|New and never used.| |Jerrzi Tu Li,I_Was_Beamed,0,4,1fg5iq2
1726260720,2024-09-13 20:52:00,2024,09,"[US-NY][H]Sho s60 v2 HG (Heavy Grail) HHKB, Sho S60v2 Clear PC HHKB, H40io Amano Clear PC Alice, CRP r6 Bundle, GMK Beloved Base [W] Paypal","Hello MechMarket,     [Timestamp](https://imgur.com/a/loar62J)  Continuously curating and letting go of the following  $550 Sho s60v2 HG built: Brushed top and Sandblasted bottom, Built with HHKB pro v2 PCB, domes and springs are also HHKB, Sliders are lubed MX.  Extras include: stock HHKB sliders, carbon fiber plate as well as all other included accessories.  Small nick on the front edge that can",ArsRoch,0,7,1fg56lv
1726260296,2024-09-13 20:44:56,2024,09,"[US-CA] [H] Keyboards, Keycaps, Artisans, Ink Wells Life or death Deskmat [W] PayPal",[TIMESTAMP](https://imgur.com/3LDV64B)  PM if interested or have any questions or offers. Thank you. I will try to ship same day if not then definitely the next day. i will try to ship everything the best that i can to prevent any damage to the item. Comment before PM and no chat please. Prices do not include shipping.  KEYBOARDS  $50 - [Freebird Numpad Pro](https://imgur.com/a/rniqaRn) built with,Ok_Philosopher4444,0,10,1fg50s0
1726259737,2024-09-13 20:35:37,2024,09,"[US-FL] [H] Monokei Kei v1/r1/round 1 (silver) HHKB with red base, RAMA M60-A Seq 2 in white/""milk"", Piggy WK in all white, Rama M6-B in green/""sage"" [W] PayPal","[Timestamped photos](https://imgur.com/a/Xs8lMZo)  I bought my friend's whole collection to sell, starting with some of the keyboards. I intend to relist everything until it sells, so reasonable offers will be considered. All prices include insured domestic priority mail shipping. Domestic buyers will have priority. All keyboards ship with original packaging, except the M6.  #keyboards  All tested",Oatburner,2,2,1fg4t1e
1726259010,2024-09-13 20:23:30,2024,09,"[UK] [H] GMK WOB + Shinethrough keys, Icon Mods + Others, KKB Machinist [W] Paypal","Timestamp: [https://imgur.com/a/7z82WEc](https://imgur.com/a/7z82WEc)     **KKB Machinist (inc UK ISO)**  * Bought from SerpentKeys and mounted once, decided I didn't like it and put it back in the box. * Like new, comes with UK ISO included.  Price: £70 inc shipping   **GMK WOB (with additions)**  * This comes with extras, like the Cherry coloured enter, windowed caps lock and scroll lock keys, a",noni4gurj,2,2,1fg4iwc
1726258587,2024-09-13 20:16:27,2024,09,"[US-CA] [H] JK Nightsakura Base kit + Latin Alphas + Novelties, GMK Rainy Day R1 Base kit [W] PayPal",https://imgur.com/a/3OiB7FL  Selling these items. No trades. CONUS sales only. Include your PayPal email in your pm if you would like to purchase anything.  JTK Nightsakura base kit + Latin alphas + Novelties. Two JTK smoky clear keycap cases. All brand new. $170 + Shipping  GMK Rainy day R1 base kit. Brand new in box. $160 + Shipping  Please comment before pm. No chats.  Will bundle both keycap s,Constant_Message_548,2,4,1fg4d21
1726257683,2024-09-13 20:01:23,2024,09,"[US-WA] [H] Olivia Dark Zoom 65 V1 + Soldered Ferris Sweep [W] Venmo, Local Cash","[Timestamp](https://imgur.com/a/lK5KlrE)  Prices include Venmo fees and shipping in the US only.  Please pm if interested.  Sales only no trade.    Olivia Dark Zoom 65 V1 with case - $225  Soldered Ferris Sweep split keyboard with nice nanos, black LP switches, TPU case with rubber feet included - $215",awoobear90,0,4,1fg40fq
1726255042,2024-09-13 19:17:22,2024,09,"[US-OR] [H] unbuilt Rama X Ion Zenith (moss green) [W] PayPal, local cash","https://imgur.com/a/p6Wppx9  Unbuilt Zenith with brass plate and solderable pcb  $400 shipped $350 pickup in Portland, OR",ChillKeebs,0,2,1fg2zav
1726254930,2024-09-13 19:15:30,2024,09,"[US-CA] [H] Archetype, Latrialum, Clackeys, RAMA artisans, Smoked Hiney TKL One PC, ai03 Vega (Black), GMK First Love, GMK WoB, GMK Darksel Lime Accents [W] Paypal"," [Timestamp](https://imgur.com/a/0UJgZnM)  Hi all, I'm trying to clear up some space by selling part of my collection. Please comment before PM'ing. Discounts will be available for bundles, and will be prioritized. $20 discount for keyboard/ keycap bundles, $5 discount for every extra artisan bundled. Prices are OBO, and include shipping to CONUS. Additional photos can be provided upon request. Th",Hdjekso,2,17,1fg2xro
1726252109,2024-09-13 18:28:29,2024,09,[US-GA][H] Mode 65 V2 (PC) GMK DMG R3 Hiragana Base + Novelties [W] Paypal,Timestamp: [https://imgur.com/a/NHzv9u3](https://imgur.com/a/NHzv9u3)  **Mode 65 V2**  BNIB PC Top and Bottom Case  Hotswap PCB  Solder PCB (mill-Maxed - 3305-50)  PP Plate  CF Plate  White Weight  PC Badge  Multi-Color and Walnut Accents  Foam Kit  All original package contents and carrying case.  **$370 Shipped**  **\*\*Received from mode a few weeks ago. Keyboard arrived with several scratches ,sadtoys,1,2,1fg1u5k
1726251649,2024-09-13 18:20:49,2024,09,"[TW][H] Cycle7 Rock, Haven TKL Iceland [W] PayPal","[Timestamp](https://imgur.com/a/6mgsB3F)  **Cycle7 Rock WK - $165 shipped** - Hotswap pcb, custom cf, pp and Alu plate - Comes with stabs   **Haven TKL Iceland WKL - $450 shipped** - Hotswap pcb and Alu plate - All original accessories",OkRecording6032,0,2,1fg1noj
1726251019,2024-09-13 18:10:19,2024,09,[US-GA][H] Chimera 65 R2 Rogue Matrix Noah V1 with MT3 Susuwatari [W] Paypal," [Chimera](https://imgur.com/a/sJZvYAF): Selling a R2 Chimera in the Rogue (Smoke PC) color way.  Included are all the parts of the kit as well as an extra PC Top, FR4 and Alu plates, and a hot swap and Solder PCB.  Asking $400 shipped  [Matrix Noah](https://imgur.com/a/DxyqaA5): Also Matrix Noah V1 including Susuwatari (or can be DCX WoB) with lubed Tealios, plate foam, and durock V2 Stabs. Askin",JoseCantUSee,2,2,1fg1ejp
1726250524,2024-09-13 18:02:04,2024,09,[US-MD][H] Paypal [W] JTK night sakura 2u backspace key,As title states,FireWrath9,1,2,1fg17hi
1726250470,2024-09-13 18:01:10,2024,09,"[US-CA] [H] Mode Envoy Mirage, Av4 Claymore, GMK Sets, Switches, and Neo 80 Accessories [W] PayPal","[Timestamps](https://imgur.com/a/6rY1G0b)  Hello, I am selling these to fund my college tuitions. I can offer 10% off for any kind of bundle for each category.  |Keyboards|Price|Description| |:-|:-|:-| |||| || |Mode Envoy Mirage|$190 shipped|^(Multicolor Accent and Weight; HS pcb + Aluminum plate; Like new; comes with tuned stabs; normal accessories included; carrying case included; extra block mo",brodream913,2,4,1fg16nc
1732492121,2024-11-24 23:48:41,2024,11,[US-CA] [H] GMMK Compact's and GMMK Pro 75% full kit [W] PayPal,[removed],-MetalMetal-,1,0,1gz5723
1732492025,2024-11-24 23:47:05,2024,11,[Artisan] Mastonon Black Fridaze Raffle!,Hope everyone has a great thanksgiving!  &nbsp;  [Keycap Gallery](https://imgur.com/gallery/black-fridaze-KI1qn3c)   [Raffle Entry Form](https://forms.gle/4jdmTT421JTb1yFo8)  &nbsp;  --- #For your health... ---  ##Available Keycaps  | Sculpt   | Colorway    | Price     | |:-----------|:------------|-------------:| | Fry Guy V2 | Black Fridaze |     $70   | | Marrow | Black Fridaze |     $50   | | ,Blacklistage,1,1,1gz55ta
1732491021,2024-11-24 23:30:21,2024,11,"[US-MA] [H] Glove80 Rev2 w/ Grey / Kailh Choc v1 Brown, Used 1 Day! [W] Venmo","[Timestamp](https://imgur.com/a/MlrZgzn)     Used for 1 day and realized it's not the right keyboard for me. It's in perfect condition and comes with all accessories, including travel case!  $330 + shipping, not looking for trades  Shipping to continental US.     Please comment then PM     Images: [1](https://imgur.com/mtXc7AZ), [2](https://imgur.com/AVTY46o)",datascience388,1,3,1gz4sus
1732489113,2024-11-24 22:58:33,2024,11,"[US-MD] [H] GMK Frost Witch, GMK Indigo, GMK Galaxy, CYSM Artisans [W] Paypal","[TIMESTAMP](https://imgur.com/a/3nFsCWF)  Hello looking to sell some stuff I dont plan on using anymore  CONUS Shipping  Please comment then PM  |Item|Description|Price| |:-|:-|:-| |GMK Galaxy Base+Novelties+Spacebars|Sealed BNIB|$200 Shipped| |GMK Indigo Base|Sealed BNIB|$120 shipped| |GMK Frost Witch|BNIB, opened once to check if a keycap was missing (it wasn't)|$125 Shipped| |CYSM Lunar Keyby|B",noitskelvin,3,3,1gz43y8
1732488084,2024-11-24 22:41:24,2024,11,"[US-CA] [H] Paypal [W] Osume YOTR base + novelties, white Mode Sonnet","Hey all,  Looking for Osume YOTR Year of the Rabbit Base + novelties, or a white case Mode Sonnet (flexible on accents and such).     Comment before replying.",milkshaakes,1,4,1gz3q8z
1732488047,2024-11-24 22:40:47,2024,11,"[US-NJ] [H] A lot of GMK Sets, RAMAs etc. [W] Paypal","Timestamps:  [https://imgur.com/a/20241124-GFg12Bc](https://imgur.com/a/20241124-GFg12Bc)  .  GMK Sets priced as below, shipping is not included and is $10 for 1 GMK CONUS via USPS, $20 for 2-3, $25 for 4-5 sets.  Pricing is technically OBO, but will largely stick to list price 90%+ of the time.  .  Artisans/RAMAs cost $10 in shipping via USPS CONUS for up to 3 individual keycaps  .  PM Paypal ema",brohothepirate,0,7,1gz3pqu
1732487313,2024-11-24 22:28:33,2024,11,"[US-NY] [H] MATRIX LAB Mr.Hat Faukwaa, Gok Venn, Machina Orbit 65 & keycaps [W] Paypal","Timestamp: https://imgur.com/a/eeaooB1  5% fee added for Goods & Services.  Price in USD. CONUS shipping fee not included.  Local sale preferred, can meet at UES of Manhattan in NYC  Please Comment before PM\~ Offers are welcome\~    MATRIX LAB Mr.Hat Faukwaa, McFlurry  $800(bundle)  Condition: just built  Built with:  \- 1.2mm HW PCB  \- non-flex Alu Plate  \- Owlab Stablizer  \- TTC Speed Silver",ZH-Techer,1,2,1gz3fzy
1732486228,2024-11-24 22:10:28,2024,11,[US-CA] [H] YMDK Wings V2 Hotswap w/Wooden Wrist Wrest and Lubed and Filmed Gateron Milky Yellows [W] PayPal,[timestamp](https://imgur.com/a/i3rQzmw)     Hey all I have a YMDK Wings in Gray here that I have used for a while. starting to shrink my collection due to more interest in other hobbies (photography rip my wallet).     It has been cared for at my desk. cleaned monthly.     There are no issues at all with the KB.  \-RGB Backlight w/ South Facing RGB  \-Alice style layout  \-Fully VIA compatible  \,DavidBassBoi,1,4,1gz313w
1732485905,2024-11-24 22:05:05,2024,11,[US-NC][H] DOIO Megalodon Triple Knob Macropad [W] Paypal,[Timestamp](https://imgur.com/a/r-mechmarket-fTnFL1Z)  Switched to a steam deck so no longer in use. Looking for $50 Shipped. Switched to all black DSA keycaps but can include the light/dark grey DSA keycaps if requested. Switches included are Novelkeys Emerald (JWK Linear switches).,Ionic-Nova,1,4,1gz2wm7
1732485361,2024-11-24 21:56:01,2024,11,[US-MA][H] Parallel Portal + Extras [W] PayPal,[Timestamp](https://imgur.com/a/gtt1Wzt)  Hey! Please feel free to ask any questions!  **Parallel Portal - $180 + shipping:**  Used only for 3 days but decided I have enough white boards. Few scuffs/dings can be seen in the photos hence the reduced price (I attempted to mount with screw in stabs initially). Bought a bunch of extras too so I could maintain the board for a long time  * E-white Case ,_overtime_,1,2,1gz2oz2
1732484761,2024-11-24 21:46:01,2024,11,[US-TX] [H] Ergodox EZ Shine [W] Paypal,"[Timestamp](https://imgur.com/a/CKi4uqi)  **Ergodox EZ Shine** with tenting kit, wrist rests, and original keycaps-and-switch puller. Has the original Cherry MX Brown switches. Replaced the keycaps with DSA blanks from Signature Plastics; I'll include the original black printed keycaps as well.  Price $230 shipped to CONUS.",daghouse,1,3,1gz2gn7
1732484255,2024-11-24 21:37:35,2024,11,"[US-CA] [H] Zoom75 SE Lavender, Swagkeys Knight Stabilizers V2, PBTFans Kabuki-Cho R2 [W] Paypal",[Timestamps](https://imgur.com/a/MJVewwR),Celmisa,0,7,1gz29kp
1732482619,2024-11-24 21:10:19,2024,11,[US-CA] [H] Sealed GMK Rubrehose Base [W] Paypal,[Timestamp](https://imgur.com/a/osiMVd0)  Prices are Shipped CONUS OBO. All sales are final. Local to 95014.    **Keyboards**  |Name|Condition|Price| |:-|:-|:-| |GMK Rubrehose Base|Sealed|130 USD|,Ragesmile,2,5,1gz1mt9
1732481713,2024-11-24 20:55:13,2024,11,"[US-CA] [H] Space 65 r3 darthvader, Gmk space cadet r1, Gmk modo, gmk striker numpad, bunch of random gmk sets, matrix ‘Mstronaut’ badge [W] PayPal",[Timestamps](https://imgur.com/a/VNY0rlc)  Everything OBO  Space 65 r3 darth vader includes hotswap pcb and one plate $300 + Ship  Gmk striker r1 numpad $30+ship or free $200 purchase  Gmk space cadet r1 shined base+symbols+space bar kit? $130 + Ship  Gmk modo shined has all the kits in photo below but missing color space bars $120 + ship  Gmk botanical r1 space bar kit $20 + ship  Gmk Eclipse nov,Ilovecutomskeebs,0,5,1gz1a7o
1732481006,2024-11-24 20:43:26,2024,11,"[US-CA][H] Taichi, Canoe, Thermal Seq2, Canoe Gen2, Skog Reboot, Dolphin, Keycaps [W] PayPal","Timestamps: https://imgur.com/a/9xDgVmU  All prices OBO. I have been out of keyboards for several years, all prices are negotiable, haven't been following second hand market prices. If interested, will provide more detailed photos, current build, extras, etc.  * Taichi TKL: $499 * PC Canoe: $249 * Thermal Seq2: $349 * Canoe Gen2: $299 * Skog Reboot: $299 * Dolphin 2021 (no pcb): $399  Pictured key",Boy_314,0,3,1gz10ez
1732480953,2024-11-24 20:42:33,2024,11,[US-CA] [H] Paypal [W] GMK Cluck Alt Alphas Kit,I want to buy the GMK Cluck Alt Alphas Kit. I have the GMK Cluck Base kit and Novelties. I want the Alt Alohas kit so I can complete the chicken face.,SgtFinley96,2,2,1gz0zka
1732480227,2024-11-24 20:30:27,2024,11,[US-NV] [H] Brand New Keyboards and GMK Sets [W] PayPal,"Timestamp: [https://imgur.com/a/MULQgfU](https://imgur.com/a/MULQgfU)  Hello everyone, one of my first posts here so bear with me. I got into custom keyboards around the start of 2021, ordered a bunch of things and by the time I received all of these, I got too busy with work to continue with this hobby so I figured I should sell them here. Everything was purchased by me and is brand new/sealed un",Training-Bid-5579,0,5,1gz0ovt
1732479742,2024-11-24 20:22:22,2024,11,"[EU-AT] [H] MMStudio Class65, GMK Future Funk Base & 40s, Redacted, Minimal, Birch, Civilizations [W] PayPal","  [Timestampu](https://imgur.com/a/kwRPhFR)  Hey you lovely people,  need to get some stuff sold :)  **PLEASE ask for additional photos** if you want me to take more detailed ones. I just took the overall shot with all the items for the post but if you want to see different angles on some items or closeups please let me know.  |Item|Description|Price| |:-|:-|:-| |**MMStudio Class65 - Black**|Prist",thepropbox,1,3,1gz0hzq
1732479670,2024-11-24 20:21:10,2024,11,"[US-CA] [H] Wireless Chieftain 42 Blue, Black Boardsource Unicorne MX, wireless alu Boardsource Corne LP in space grey  [W] PayPal","Hello everyone,  Cleaning up the shelves, please feel free to ask any questions. All prices include shipping CONUS only; INTL folks are welcome for the additional shipping charge.  [Timestamp Chieftain](https://imgur.com/a/zsPv7dY) [Timestamp Unicorne](https://imgur.com/a/P4C5E3G) [Timestamp Corne LP](https://imgur.com/a/9fH9FcW)  &#x200B;  **Keyboards:**  &#x200B;  |Chieftain 42, Blue|Like new in",radmedov,1,4,1gz0gy9
1732479124,2024-11-24 20:12:04,2024,11,[Artisan] Fowl Play + Cold Turkey Keycap Raffle | @bmtcaps,"🦃 Fowl Play + Cold Turkey 🦃   https://forms.gle/SsZbWHbx3QSytPZv9  Happening now! Cooked up something festive for the holiday season.  Raffle: Noon 11/24 - Noon 11/25 PDT Quantity: 3 Fowl Play, 1 Cold Turkey Price: $60 USD + shipping Specs: Multi-shot resin, recessed Cherry MX stems",badpawnshop,3,1,1gz0963
1732479066,2024-11-24 20:11:06,2024,11,[US-CA] WTB: GMK Cluck Alt Alphas child kit,I am looking to buy the Alt Alphas kit for GMK Cluck. I have the base kit and the novelties but I need the alt alphas kit to make the chicken face.,SgtFinley96,1,2,1gz08e9
1732478477,2024-11-24 20:01:17,2024,11,"[US-KY] [H] Thera 75v2, Keychron Q3, Keychron Q1, Zealios v2 62g switches, PBTFans Purpurite [W] PayPal, Venmo","Moving and looking to offload.  Keychron Q3: $80 + Shipping OBO Unmodded, brown switches, has GMK WoB keycaps on it. USB-C cord MISSING.  Q3 Timestamp: https://imgur.com/a/B3BkeiG  Keychron Q1: $50 + Shipping OBO Unmodded, blue case, blue switches, keycaps it came with, blue coiled cable  Q1 Timestamp: https://imgur.com/a/4nS9cD0  Createkeebs Thera 75v2: $150 + Shipping OBO Gateron ink blacks lube",LrgDietCoke,0,8,1gz007o
1732478029,2024-11-24 19:53:49,2024,11,[US-CA] [H] Osume YOTD Base + Novelties [W] Paypal,"[timestamp](https://imgur.com/a/jOcHiEd)  Selling Osume YOTD base and novelties, used but in good condition   asking 95$ shipped, 90$ shipped in bags   Thank you!",ohh_dang_ittt,1,2,1gyztlf
1732477306,2024-11-24 19:41:46,2024,11,"[US-WA][H] Iris rev 8, KBDPad, JTK Ramen Stop, epbt Kuro Shiro, 7u SA spacebars, switches [W] PayPal","[Timestamp](https://imgur.com/a/b042xeG)  📦 Prices include shipping in CONUS.   Can ship internationally, but shipping cost would be seperate.   Please send PM.   ---  ## Keyboards Keeb | Description | Use | Price  ---|---|---|--- Iris rev. 8 | Hotswap pcbs. Black FR4 plates. Frosted acrylic mid layer, tenting with bolts. Metal plate stickers on inside of left plate for tenting (see pics). | Used.",mrbogangles,2,2,1gyzj93
1732475966,2024-11-24 19:19:26,2024,11,"[EU-FR][H] MiTo Canvas CTRL Keyboard, TYPEAU 4.0 Planck Case, S-Craft Studio, SA Carbon Warning Signs, Everglide Oreo, Deskpads [W] Paypal","Hey everyone!  I sell few items, prices are without shipping and worldwide shipping is possible.  [Timestamp](https://imgur.com/a/gq8L8wc)  # Keyboards **Massdrop x MiTo Canvas CTRL** | **220$**    # Cases **TYPEAU.40 Planck Edition Black** | Brass Plate, **Case only** | **230$**   **TYPEAU.40 Planck Edition Space Gray** | Brass Plate, **Case only** | **230$**    # Keycaps **SA Carbon Warning Sign",ImmediatelyRusty,1,3,1gyz05m
1732475115,2024-11-24 19:05:15,2024,11,"[US-CA] [H] TGR Dolice extras (plate, PCB, backplate) [W] PayPal","[https://imgur.com/a/4IutXpz](https://imgur.com/a/4IutXpz)  For sale are the following extras / accessories for a TGR Dolice:  * Plates (Alu, PC, UHMWPE, POM, Acrylic) * PCBs (1 new solder and 1 milmax hotswap) * CF backplate  Asking $80 shipped for the set",herroherroo,1,6,1gyynvy
1732474575,2024-11-24 18:56:15,2024,11,"[EU-NL][H] GMK 🅱️, GMK Civilization bundle, ePBT 6085 bundle, JTK HSA kits [W] PayPal/Tikkie","[Timestamp](https://imgur.com/a/timestamp-tgf3IXE)  Heya, I'm doing some drawer cleaning and trying to get rid of the things I don't have any plans to use now.  &nbsp;  **Additional details for each item under the table**.   Everything can be considered unused and in near-perfect condition.  Buy anything over €100, and I can include 205 and 105 lube + a switch keycap keychain.  &nbsp;  | Item   | ",akimbra,1,2,1gyyfvf
1732474206,2024-11-24 18:50:06,2024,11,"[EU-NL][H] GMK 🅱️, GMK Civilization bundle, ePBT 6085 bundle, JTK HSA kits [W] PayPal/Tikkie",[removed],akimbra,1,1,1gyyao7
1732473089,2024-11-24 18:31:29,2024,11,"[EU-RO][H] GMK Yuri R2 Base + Spacebars, GMK Mitolet, EnjoyPBT 9009 [W] Paypal","[Timestamp](https://imgur.com/a/16-11-mf1t8tB)   and  [Full album](https://imgur.com/a/dCjii5c) Discounted prices !  ##Have - for sale: Price  |  Item ---------|----------  89 Eur | [GMK Yuri R2 Base + Spacebars](https://imgur.com/a/16-11-mf1t8tB)  Description: mounted once on 60%, like new, in bag no box. 38 Eur | [EnjoyPBT 9009](https://divinikey.com/cdn/shop/products/enjoypbt-9009-keycap-set-dy",AdrianMan1987,0,6,1gyxuuh
1732469789,2024-11-24 17:36:29,2024,11,[US-WA] [H] PayPal [W] MechSupply's SA Royal Navy,I'm looking for [SA Royal Navy](https://www.mechsupply.co.uk/product/sa-royal-navy).  I missed out on the original group buy and I'll probably need multiple sets to outfit a ZSA Moonlander.  Thank you!,BEER__MEeee,1,3,1gywjz4
1732468965,2024-11-24 17:22:45,2024,11,[US-TX] [H] PayPal [W] TGR Jane V2 CE,I’m looking for a BNIB TGR Jane V2 CE. Please pm before messaging. ,Puzzleheaded-Total82,1,2,1gyw83m
1732468224,2024-11-24 17:10:24,2024,11,"[US-NY] [H] GMK Regal Base (w/ missing ;), 2x SMKeyboards Stands [W] PayPal","[Timestamp](https://imgur.com/IaUrxJ2)  Prices are shipped to CONUS only.   GMK Regal Base - never mounted, "";"" key missing, instead it's a second i key. Thanks GMK very cool. - **$90 shipped**  2x SMKeyboards Double Keyboard Stand - **$25 shipped**  Please comment before PM.  yeah its been over a year and I still haven't been able to get any confirmation that I'll be getting a replacement key but",hey_im_panda,4,3,1gyvwoi
1732468138,2024-11-24 17:08:58,2024,11,"[US-NY] GMK Regal Base (w/ missing ;), 2x SMKeyboards Stands","[Timestamp](https://imgur.com/IaUrxJ2)  Prices are shipped to CONUS only.   GMK Regal Base - never mounted, "";"" key missing, instead it's a second i key. Thanks GMK very cool. - **$90 shipped**  2x SMKeyboards Double Keyboard Stand - **$25 shipped**  Please comment before PM.  yeah its been over a year and I still haven't been able to get any confirmation that I'll be getting a replacement key but",hey_im_panda,1,1,1gyvvc8
1732467628,2024-11-24 17:00:28,2024,11,"[US-CA] [H] GMK WoB Hangul R2, Classic Red White Alphas, Future Funk 2020 Deskmat [W] Paypal, Local Cash","[Timestamp](https://imgur.com/a/8oOj6JY)  CONUS or proxy only please!  GMK WoB Hangul R2 (barely any shine, only a bit on the spacebar) - $125 shipped  GMK Classic Red **White Alphas** only (Like new, shipped in bag) - $80 shipped  GMK Future Funk 2020 Deskmat (does have minor scuffs, check timestamp) - $35 + shipping  Not looking for trades, local to San Diego. Thank you :3",Resident-Ad-9585,9,6,1gyvno4
1732466492,2024-11-24 16:41:32,2024,11,[US-CA][H] White Glove80 Rev 2 w/ 50g Red Linears [W] Paypal, Hi!  Used for about an hour. No complaints with the white Glove80 keyboard Rev2 with 50g Red Linear switches  In like new condition and comes with all accessories!  $350 + shipping  Please DM if interested - thanks!  https://imgur.com/a/kLO8TCo,Blob8,1,4,1gyv7f2
1732466341,2024-11-24 16:39:01,2024,11,[Artisan] Eggtama artisan keycap,"# Product Details  * Epoxy resin cast * MX stem; each cap is fit-tested * Each cap may have slight cosmetic imperfections and a bit of variation from each other, and from what is shown in the promo photos  # Product Images  * [Imgur](https://imgur.com/a/WxCT2jF) * [Stem](https://imgur.com/a/nr3KVfR)  # Pricing  * Price: 30 USD * Product link:  [https://vkeycaps.art/products/eggtama](https://vkeyca",vadimchers,4,1,1gyv58k
1732466106,2024-11-24 16:35:06,2024,11,[US-FL] [H] PayPal [W] Cotton Candy Switches,"Doesn’t matter if they are new or used. If you have them, I want them.",Assassin2853,1,2,1gyv1vj
1732464036,2024-11-24 16:00:36,2024,11,"[EU-NL] [H] Protozoa P.02 kit,Think6.5 v2 U2 SNOW WHITE [W] Paypal,Tikkie",Selling my Navy Protozoa P.02 kit and built Think6.5 V2 U2 Snow White. [Timestamp](https://imgur.com/a/XHkclPX)  [Think6.5 V2 U2 Snow White Album](https://imgur.com/a/3A3Q14I)  [Protozoa P.02 Kit Album](https://imgur.com/a/zDqzi0g)  Protozoa - €180.-   Think6.5 - €175.-   Please leave a comment before you PM me.,Routems,1,2,1gyu82a
1732463217,2024-11-24 15:46:57,2024,11,[US-MN] [H] Paypal [W] GMK Foundation Artist Deskmat,[removed],cunkee,1,0,1gytwtn
1732462772,2024-11-24 15:39:32,2024,11,[EU-LT][H] Neo ergo [W] PayPal,"[Timestamp](https://imgur.com/a/7pM5Olu)  Hey All,  Selling **Neo ergo:**  * Case - **Anodized Grey** * Kernel - **Black** * Weight - **Copper** * Badge - **Copper** * PCB - **Tri-mode Non-flex cut Hotswap PCB (2x)** * Plate - **FR4** * Wrist Rest - **Cherry Wood Wrist Rest** * all default accessories  Price - 280€  \* keycaps, switches, paypal fees, shipping - not included in price",efertox,1,2,1gytqyn
1732461469,2024-11-24 15:17:49,2024,11,[US-OR] [H] Red Frog Mini WKL  [W] PayPal,"[Timestamp](https://imgur.com/a/MxspxjK)  Hey everyone,  I have a A-Stock Red **Frog Mini WKL** that I do not use anymore or do not have a need anymore for it.  Currently built with  * **Aluminum Plate** * **Owlab Neon Switches 62g Not Lubed** * **FM60 Hotswappable PCB** * **Every foam that comes included with the Frog Mini** * **60A tadpoles**  I also have an additional FR4 plate and 80a tadpoles",SoggyBigBooty,0,3,1gyt975
1732460597,2024-11-24 15:03:17,2024,11,[VN][H] Instock Sale Kattboard Lullaby60 PC Oring [W] Paypal,[removed],GojuGaming,1,4,1gysx2n
1732460503,2024-11-24 15:01:43,2024,11,"[US-OH] [H] Metakey TENET Loyal (Red), GMK Galaxy w/ Extras, & GMK Maroon w/ Extras [W] Paypal",[removed],Imbadwithmoney_____,1,0,1gysvss
1732460486,2024-11-24 15:01:26,2024,11,[US-TX] [H] PayPal [W] Dandy spacebars,Hi guys! Looking for dandy space bars ,puppy3,1,2,1gysvjh
1732458854,2024-11-24 14:34:14,2024,11,[US-NY][H] NK Classic -TKL and PBTfans Neon R2 Sparkle [W] PayPal,Timestamp: https://imgur.com/a/0Zqqvxl  I’d like to sell this all together. The keycaps will be shipped in a bag to fit in the same box. Built with no foam with HMX Hyacinth V2. Asking $140 Shipped for the entire bundle.,joeyac02,3,2,1gysa7z
1732458769,2024-11-24 14:32:49,2024,11,"[US-NC][H] GMK keycaps, nicePBT, Mode SixtyFive Sonnet extras [W] Paypal","[Timestamp](https://imgur.com/a/ef7EVgE)    Shipping to CONUS only, all prices include shipping. Please comment first before PM and feel free to hit me up with any questions. Thanks for looking!  **GMK Olive Dark Base R2**   Used for about a month   ***110 shipped***    **GMK Bento Revival Base R2** Opened to inspect, not mounted.   ***90 shipped***  **Mode SixtyFive Fr4 plate**   Opened before re",procl0ne,0,6,1gys968
1732457422,2024-11-24 14:10:22,2024,11,[US-NY] [H] KBDFans Taco 75 [W] PayPal,"[timestamp ](https://i.imgur.com/o6xn8oR.jpeg)  [Back shot](https://i.imgur.com/59VvnRk.jpeg)  Looking to sell my Taco 75, board is essentially in perfect condition and comes finished with Wuque Studios Heavy Tactiles and HSA Eccentric keycaps.   Asking $225.   Please comment before PM.",phero1190,1,2,1gyrsq4
1732457168,2024-11-24 14:06:08,2024,11,[Artisan] SANITAV / Lizard | 11/24/2024 | 11pm,"Hello Everyone. This is SANITAV.    Google Form    [Discord](https://discord.gg/W9zvUvV6)  [Instagram](https://www.instagram.com/p/DCwapL-TKvq/?igsh=MWpmbzRwaWIyYWx5dw==)  [imgur](https://imgur.com/gallery/lizard-3JqhlKR)    Pricing  Silver: $100 (한국 - 124,000원)    Shipping : $15 \~ $35 (한국 - 우체국택배 - 4000원)    Open: November 24, 2024, 11:00 PM (KST)  Close: November 25, 2024, 11:00 PM (KST) Total ",the_vanitas,1,1,1gyrpoj
1732455864,2024-11-24 13:44:24,2024,11,[US-NC] [H] GMK Blossom base [W] PayPal,"Timestamp https://imgur.com/a/joaex4q  Unopened base set of GMK Blossom. GB was live a couple years ago, NA vendor was Vala: https://vala.supply/products/gmk-blossom  Note that these are NOT GMK Peach Blossom or Cherry Blossom.   Asking $110 shipped if inside continental US, $110+shipping otherwise.",dataispower,1,2,1gyr9p3
1732453241,2024-11-24 13:00:41,2024,11,[Artisan] Crookey artisan Heart of the Sea with Kyanite raffle live,Hello.  Welcome to Crookey raffle.  Keycap of this raffle is **Heart of the Sea(Kyanite).**  **It will be only 15 released.**   **And it will be raffled only once**  **⌛Form open \~ closes :**  2024/11/24/pm 10:00 (GMT+9 / KST) \~ 11/25/pm 10:00 (GMT+9 / KST) 24 hours  **<Link>**  [Gallery](https://imgur.com/gallery/crookey-artisan-raffle-heart-of-sea-kyanite-nqt0NxU) / [Form link](https://forms.g,Crookey_artisan,9,1,1gyqfk1
1732450197,2024-11-24 12:09:57,2024,11,[US-NY][H] PayPal [W] jjw Gradient,"Per the title.   My max is $700 depending on condition and what's included.  Please comment before PM, thanks.",jlcl119,1,2,1gypku6
1732446476,2024-11-24 11:07:56,2024,11,"[US-MA] [H] Paypal, Local Cash [W] Wooting 60","hi looking to get a wooting 60, stock is preferred since i have a case i am planning to use it with already in hand. currently my budget is $130-$140, not firm on it though depending on what switches it comes with.  comment before pm local is 01851",nothing_nth,1,3,1gyomez
1732445811,2024-11-24 10:56:51,2024,11,[EU-FI] [H] Unikorn Pewter R2.2 [W] Paypal,"[Timestamp](https://imgur.com/a/C3w7zeP)      Singa Unikorn Pewter R2.2 : Please see pictures, descriptions on each image  \* A-Stock Unit  \* x1 Solder PCB brand new   \* x1 Soldered PCB, Half plate,  Lubed (205g0) & BDZ TX clip-in stabilizers. Lubed (205g0) Ultraglide Cherry MX Black 2Million Actuations - Filmed - TX 60g Long Springs  \* + All original accessories, hard case, authenticity card, ",SlothySundaySession,1,7,1gyogcm
1732440469,2024-11-24 09:27:49,2024,11,"[ID] [H] Unikorn R2.2 Flamenco Red & Pewter Grey, Kohaku R2 Yale Blue, Kohaku Extras, GMK Bushido, GSK Unitobi Unikorn, Latrialum Artisans [W] Paypal","[timestamps](https://imgur.com/gallery/timestamps-2KXkYig)  want to sell  [Singakbd Unikorn R2.2 Flamenco Red](https://imgur.com/gallery/unikorn-r2-2-flamenco-red-WabHuDu) \- $1650   Built using Hyperglide Cherry MX Black Switches on Alu Plate   Auth Card, Carrying Case, Stickers, All Accesories Included   [Has Flaws](https://imgur.com/gallery/flaws-O2SUwvi)  [Singakbd Unikorn R2.2 Pewter Grey](ht",fauzanfickry,0,4,1gyn56v
1732438476,2024-11-24 08:54:36,2024,11,"[US-CA][H] GMK Handerbeit R2 | Bourdeaux | MW heresy + novelties | Heresy WoB | NK sand | bliss TKL PCB thera75 PCB Thermal+ solder pcb Jules plate | thok brass volume knob | J-01 copper pen rail | artisans | 21kb vintage beige with red alphas  [W] trades GMK, rama U80-A, MODE eighty","[timestamp for GMK Handerbeit and GMK Bourdeaux](https://imgur.com/a/gmk-OgObikb)  [timestamp for RAMA Jules PCB and Plate](https://imgur.com/a/jules-HY43zwI)  [timestamp for RAMA thermal+ pcb and plate](https://imgur.com/a/thermal-ztiwza4)  [timestamp for MW Heresy and Heresy WoB](https://imgur.com/a/heresy-9XEOjdl)  [Timestamp for NK Sand, NK WoB, 21KB keycaps](https://imgur.com/a/MyzAofM)  [tim",restrav,1,2,1gymofq
1732436842,2024-11-24 08:27:22,2024,11,[US-CA][H] PayPal [W] JJW Moment Dawn WKL,Title. Only interested in dawn (light blue). WKL highly preferred but will consider WK. ,Felor12,2,2,1gymbc2
1732435645,2024-11-24 08:07:25,2024,11,"[EU-DE] [H] GMK Originative Cyrillic R1, modded Filco Majestouch 2 [W] PayPal, Trades","[Timestamp](https://imgur.com/a/jRf9sCu)   [more pictures](https://imgur.com/a/gmk-originative-cyrillic-r1-with-r5-r4-YGu1uIx)  **- GMK Originative Cyrillic R1** (I think from 2017, has R5 and R4 bottom row)   complete set with tray and sleeve   very little use  300€ *+ shipping*  **- Filco Majestouch 2** (no keycaps)   custom carbon fiber plate   durock stabilizers   broken in (1.2 mil) unlubed M",ChickenAssassin9,1,2,1gym1ex
1732433907,2024-11-24 07:38:27,2024,11,"[US-CA] [H] Keyboards, Keycaps, Deskmats, Artisans [W] PayPal",[TIMESTAMP](https://imgur.com/a/850tLsH)  PM if interested or have any questions or offers. Thank you. I will try to ship same day if not then definitely the next day. i will try to ship everything the best that i can to prevent any damage to the item. Comment before PM and no chat please. Prices do not include shipping.  KEYBOARDS  $250 - [Zoom TKL Lavender](https://imgur.com/a/yNKs2qO) \- PC pla,Ok_Philosopher4444,3,3,1gylmmu
1732433134,2024-11-24 07:25:34,2024,11,[Artisan] Jelly kun / Water Balloon Jelly kun raffle,💧Water balloon Jelly kun💧  Let's water balloon play with me! Yippee! •^•  [RAFFLE TIME] 2024/11/24 10:00 a.m (GMT+9)  [LINK]  [Image](https://imgur.com/a/dCFqQFW)  [Form](https://forms.gle/4rZg9YiS8y4213eUA)  [Discord](https://discord.gg/kBQjxMGHzq)  [Instagram](https://instagram.com/jelly__cap)  [INFORMATION]  - Artisan name : jelly kun  - Colorway : Water Balloon Jelly kun   - Price : 45USD per ,jelly_cap,1,1,1gylg7o
1732430577,2024-11-24 06:42:57,2024,11,[US-NC][H] DOIO Megalodon Triple Knob Macropad [W] Paypal,[Timestamp](https://imgur.com/a/r-mechmarket-fTnFL1Z)  Switched to a steam deck so no longer in use. Looking for $50 Shipped. Switched to all black DSA keycaps but can include the light/dark grey DSA keycaps if requested. Switches included are Novelkeys Emerald (JWK Linear switches). ,Ionic-Nova,1,1,1gykuag
1732430452,2024-11-24 06:40:52,2024,11,[US-CA] [H] PayPal [W] Hammerworks CRP Keycaps for 96% MK,Looking for CRP keycaps for my endgame build!,Jazzlike-Border-7425,1,4,1gykta7
1732430373,2024-11-24 06:39:33,2024,11,[US-OR] [H] PayPal [W] Wooting 80HE,[removed],purdells_dad,1,0,1gyksmx
1732428304,2024-11-24 06:05:04,2024,11,"[US-CA] [H] Think 6.5 v2 1u Frosted PC mill max 7305 with Banana Splits, Space 65 Hot swap Burgundy Built with Zakus, KAT Blood Moon, KAT Arctic, KAT Spacedust, SA Bliss [W] Paypal, Venmo, Local cash","[https://imgur.com/a/y3Usd2q](https://imgur.com/a/y3Usd2q)      All items located in the Bay Area - can meet up in person at a safe location near SF, SJ, or anywhere in between. Will make great christmas gifts!  Fairly firm on some of KB prices since I feel like they're a great value on really well built keyboards that comes with tons of extras.   Gray Studio Think 6.5 Polycarb - $400 picked up, o",xInfinity_gg,2,5,1gyk9y2
1732427634,2024-11-24 05:53:54,2024,11,[Artisan] HWICAP RedAlert Colorway!,"HWICAP Red Alert Colorway  \[Sales Period\]  🥕time starts at 01:00 p.m. (GMT+9) on November 24, 2024  🥕time ends at 01:00 p.m. (GMT+9) on November 26, 2024  \[Sculpt\]  \- Vallock Jr.  \- Bunny Vallock  \[price\]  \- 25 USD  \- Shipping fees may vary by country.  \[Form of Pay\]  \- PayPal  \- Sales may end early if stock runs out.  \[Link\]  [Forms](https://forms.gle/ESq9mFYG2g9Dqsep7)  [Instagra",maru-capscaps,7,1,1gyk3hf
1732427394,2024-11-24 05:49:54,2024,11,[Arisan] HWICAP Red Alert Colorway,"HWICAP Red Alert Colorway      \[Sales Period\]  🥕time starts at 01:00 p.m. (GMT+9) on November 24, 2024  🥕time ends at 01:00 p.m. (GMT+9) on November 26, 2024    \[Sculpt\]  \- Vallock Jr.  \- Bunny Vallock    \[price\]  \- 25 USD  \- Shipping fees may vary by country.    \[Form of Pay\]   \- PayPal  \- Sales may end early if stock runs out.      \[Link\]  [Forms](https://forms.gle/ESq9mFYG2g9Dqs",maru-capscaps,1,1,1gyk160
1732427026,2024-11-24 05:43:46,2024,11,[SG] [H] PayPal [W] Vertex Arc60 Violet (WK),,Neon_Waterfall,1,2,1gyjxvt
1732426873,2024-11-24 05:41:13,2024,11,[US-WI] [H] PayPal [W] S7 Elephant,[removed],iodvnlxczcv,1,0,1gyjwcw
1732426794,2024-11-24 05:39:54,2024,11,[SG][H] Vertex Arc60 Violet (WK),,Neon_Waterfall,1,3,1gyjvme
1732426657,2024-11-24 05:37:37,2024,11,"[US-TX] [H] PayPal [W] Full Size, Silent, Linear Switch, Non RGB, (Preferably) Black, Mechanical Keyboard","Looking for a complete build!  I'm a programmer, so it's mainly for typing. I play a little bit of games on the side, but 90% of the time, I'll be using it for my job.  The title gives you the criteria of what I'm after. I've been rocking a Leopold FC900R for a long while now, and I'm looking to mix it up without having to build one on my own.",andrewlytical,1,3,1gyjucz
1732426540,2024-11-24 05:35:40,2024,11,[US WI] [H] PayPal [W] S7 Elephant,[removed],iodvnlxczcv,1,0,1gyjt89
1732423375,2024-11-24 04:42:55,2024,11,[US-CA] [H] Keycult TKL [W] Paypal,[Timestamp ](https://imgur.com/a/ER48v6U)  Novelkeys still has them in stock. Keyboard not needed anymore will sell at a discount from Novelkeys saving taxes shipping and some on cost.    $530 shipped.[](https://imgur.com/a/ER48v6U),NoAvocado94,0,5,1gyiybm
1732422570,2024-11-24 04:29:30,2024,11,[MY] [H] Jane V2 CE  [W] Paypal,"[Timestamp](https://imgur.com/a/3RscVib)     Black Jane V2 CE. Comes with 2 PCB, CF plate and AL plate. Asking $2800. Shipping from Malaysia",albmlp,0,3,1gyiqgv
1732422450,2024-11-24 04:27:30,2024,11,[H] Jane V2 CE [W] Paypal,[removed],albmlp,1,1,1gyip8f
1732422291,2024-11-24 04:24:51,2024,11,[H]Jane V2 CE [W] Paypal,"[TIMESTAMP](https://imgur.com/a/3RscVib)     Have Jane V2 CE black. Comes with 2 PCB,  1 CF plate and 1 AL plate. Shipping from Malaysia. Looking for $2800 obo.   ",albmlp,1,2,1gyinjs
1732420100,2024-11-24 03:48:20,2024,11,[US-CA] [H] PayPal [W] Pandora Artisan Tray (Silver),"I can offer $150 + shipping. Comment and PM, chats ignored",DrewDevs,2,2,1gyi0uo
1732419101,2024-11-24 03:31:41,2024,11,[UK] [H] Geon F1-8x & Switches [W] Paypal/BT,"[\[Timestamp\]](https://imgur.com/a/6zYyuHt)    F1-8x is black, WKL, f12, alu plate v1.1, milmaxed PCB, comes with 3m actuation broken in NK Creams    x85 Geon Blacks, some of them are cleanly desoldered from testing and some don't work, hence the price    x62 KNC Green Jackets, same story as above    x90 XMI Beige Switches, Stock, 205g0 prelube applied.    Prices:    F1-8x ~~£395~~ £390  F1-8x w/",Roverboy21,0,3,1gyhqg1
1732417379,2024-11-24 03:02:59,2024,11,[US-FL] [H] PayPal [W] GMK CYL Alter Redux,"Hi r/mechmarket,   I'm looking to buy a set of GMK CYL Alter Redux.   Thank you!",Kirukyo,1,2,1gyh82x
1732415198,2024-11-24 02:26:38,2024,11,[US-TX] [H] SMITH AND RUNE IRON165 R2 (TEAL) [W] Paypal,"Hey everyone! I’m selling my custom Teal Smith and Rune Iron165 R2 that I’ve built with a lot of care. It’s in great condition – no scratches or issues – and I’m letting it go for **$450. (NA Only)**  [https://imgur.com/a/nNjqabh](https://imgur.com/a/nNjqabh)  **Here’s what’s in it:**  * **Switches:** Franken Cthulhu switches (Gateron Ink Black V2 bottom, Gateron KS-3 Milky Yellow top, KNC Unga Bu",Empty-Mine6067,0,2,1gygkcz
1732414727,2024-11-24 02:18:47,2024,11,"[AU][H] 100+ Metal Artisans: RAMA Stealth Hawk Matte, Salvun Copper Cu Element, Alchemy, Cafe Bean, Preparer, Kohaku, Salvun Keycult, Future Funk, Metaverse R2, Phosphorous, Mr. Suit. Matrix Badges: Rubrehose Be Bad, ID Auth, Mstronaut, Paper Plane, Snuggle Cats, Gundam [W] PayID, Wise, PayPal","[Timestamp](https://imgur.com/a/metal-artisans-LmbR518)  All the prices are in $USD. Includes shipping to AU, NZ, South East Asia, US & Canada  * Metal Artisans mainly from RAMA, HIBI, Salvun, THOK * Ships from \[AU\]  Please comment before PM  # 1u Artisans  Check timestamp for the columns & rows  |Location|Artisans (left to right). 10 each row| |:-|:-| |Row 1|Stealth HAWK Matte $85 Stealth HAWK ",tftq_au,3,28,1gygezl
1732413073,2024-11-24 01:51:13,2024,11,"[US-CA] [H] Unikorn 2.2 Nue WKL, Switches [W] Paypal Local Cash","[Timestamp](https://imgur.com/gallery/unikorn-2-2-MKcZC0Z)  CONUS ONLY  Singa Unikorn 2.2 Berlin Blue 1650 shipped    Comes with Auth card, carry case, oring, pcb and fr4 plate. Weight has some small patina spots message me and can send additional photos of it. Case is flawless no dings no scratches.  Nue WKL 450 shipped   Comes with 3 builds all plateless. Carry case and auth card. Builds are Mx ",A1Sixer,0,4,1gyfw50
1732412824,2024-11-24 01:47:04,2024,11,[US-TX][H] GMK Botanical | GMK Dracula r1 Nightmode | KKB WOB Kits | CRP Tulip | Switches |  [W] Paypal,\[timestamp\](https://imgur.com/a/3GsdUEy) Feel free to ask for more photos.   Prices include shipping  |Item|Quantity|Price|  |:-|:-|:-|   |GMK Botanical + Novelties - Like new - mounted once |1|$115|  |GMK Dracula r1 Nightmode kit (just the modifiers) - Rarely used|1|$60|  |CRP r4 Tulip alphas and 80s mods - Used but good condition|1|$60|  |KKB WOB RGBYW accent|1|$17|  |KKB WOB Latin Alphas acce,Hataraku,0,8,1gyft7v
1732412261,2024-11-24 01:37:41,2024,11,"[US-TX] [H] Qk75n Navy Blue, Crush 80, GMK Earth Tones, Firefly, Gladiator [W] Paypal","[Album](https://imgur.com/a/b86hk1i)[Timestamp](https://imgur.com/a/oEdSrvU)     Hi all, selling the following:  QK75n Navy Blue (Open Box) Just received brand new from Qwertykeys this week. Will remove the switches before shipping. $180 Shipped  \- Wobkey Crush 80 Reboot Pro Navy Blue - open box like new condition. Includes all original accessories. $150 shipped  The GMK Keycaps will come in thei",reevoalex,0,4,1gyfmmt
1732410366,2024-11-24 01:06:06,2024,11,[US-LA] [H] Moonlander [W] PayPal,"[Timestamp and pics.](https://imgur.com/a/QhlBJwr)  I present to you, my Moonlander. I purchased it from ZSA for $424. It was delivered to me in September 2022. [Here is what I ordered.](https://zsa-technology-labs.myshopify.com/31108497545/orders/49c953e149a8f54944f07dbd4d5e1176) It has seen light use as my main keyboard on my home office setup, but I had to pack up my home office in June 2023 un",gtakers,0,2,1gyf0fb
1732408584,2024-11-24 00:36:24,2024,11,[US-CA] [H] Paypal [W] ~60+ Sunset Tactile Choc Switches from Kailh,Looking for these [switches](https://lowprokb.ca/products/sunset-tactile-choc-switches). Please let me know the condition / how much they've been used.  ,Laiyned,0,3,1gyeejd
1732407626,2024-11-24 00:20:26,2024,11,[US-CA] [H] Kalam Kohaku PC [W] PayPal or local,"Timestamp: https://imgur.com/a/ef5Jf6m   Purchased this from another seller here comes with solder pcb unused, aluminum plate. See photos for detailed condition of pc case and weight.  asking $500 which is what I paid for it but I am negotiable. Price includes shipping.   Local to 94605",gaming4good,0,4,1gye2nz
1732407468,2024-11-24 00:17:48,2024,11,[US] [H] Kalam Kohaku PC [W] PayPal or local,[removed],gaming4good,1,2,1gye0ni
1732405924,2024-11-23 23:52:04,2024,11,[US-ID] [H] Keycaps and Switches [W] Paypal,"Hey, Y'all I am selling GMK Dualshot Katakana, GMK Symbiote Novelties (Sequence), Gateron Smoothie Silver's, and Gateron Cream Soda's. All prices include CONUS shipping.  Please Feel Free to PM or Message.  Timestamp/ Photos: [https://imgur.com/a/HDrHdvb](https://imgur.com/a/HDrHdvb)  GMK Dualshot Katakana $127   \-Keycaps. Like new. No Shine.   \-Original Packaging included   \-Dualshot 2 Sticker",DifficultLook8034,2,3,1gydhdd
1732405580,2024-11-23 23:46:20,2024,11,[US-GA] [H] Bear65 [W] PayPal,"[Timestamp /  album](https://imgur.com/a/bear65-11-23-24-jvpmkls)  hello! love this board but just haven't been using it, hoping to find it a new home!  **Bear65 - $480 shipped CONUS**  * Blue, WKL, Engraved top * Brass weight * Built with L&F sp-star polaris greys (and one mx black) on white alu plate on hotswap PCB with durock v2 stabs  Please comment ""PM"" and then PM me if interested. Chats wil",Destroyerduck123,0,2,1gydcwk
1732404775,2024-11-23 23:32:55,2024,11,"[US-NY][H] Feker IK75 Pro, Keychron Q2, Boba U4 Silent Tactile, XVX Keycaps [W] PayPal, Local","Timestamps and Photo Album: [https://imgur.com/a/YVRhQXF](https://imgur.com/a/YVRhQXF)  Hi all, I'm looking to downsize. I'm willing to negotiate prices if reasonable and also willing to receive feedback if my prices are not reasonable or if they need to be adjusted relative to current market standards.  If you would like to bundle items, let me know as I'd be happy to bring down prices with a bun",HeyIcedTae,1,6,1gyd2vv
1732404645,2024-11-23 23:30:45,2024,11,"[USA-NY][H] Feker IK75 Pro, Keychron Q2, Boba U4 Silent Tactile, XVX Keycaps [W] PayPal, Local","Timestamps and Photo Album: [https://imgur.com/a/YVRhQXF](https://imgur.com/a/YVRhQXF)  Hi all, I'm looking to downsize. I'm willing to negotiate prices if reasonable and also willing to receive feedback if my prices are not reasonable or if they need to be adjusted relative to current market standards.  If you would like to bundle items, let me know as I'd be happy to bring down prices with a bun",HeyIcedTae,1,3,1gyd197
1732401724,2024-11-23 22:42:04,2024,11,[US-CA] [H] Paypal [W] GMK Nines or GMK Dolch R5,[removed],Version-Vast,1,0,1gybzjm
1732401523,2024-11-23 22:38:43,2024,11,[US-LA] [H] PayPal [W] Wooting 80HE or Modded Wooting 60HE,"I am looking to buy a Wooting 80HE at a reasonable price or a Modded Wooting 60HE.     pls, comment before pm.",Noof_,0,3,1gybwxz
1732401506,2024-11-23 22:38:26,2024,11,[EU-DE] [H] Paypal [W] Space 80 Apollo,"Hey guys,  I am looking for a Space 80 Apollo preferably in a grey/blueish color! ",TransportationLow335,1,2,1gybwqa
1732401453,2024-11-23 22:37:33,2024,11,[US-LA] [H] PayPal [W] Wooting 80HE or Modded Wooting 60HE,"I am looking to buy a Wooting 80HE at a reasonable price or a Modded Wooting 60HE.     pls, comment before pm.",Noof_,2,3,1gybw2u
1739577322,2025-02-14 23:55:22,2025,02,"[US-MI] [H] GMK Noire (Base Kit), JTK Night Sakura (Base Kit, Latin Alphas Kit, Novelties Kit, and Pink Spacebar Kit) [W] PayPal, Zoom65 Red Knob",[Timestamp](https://imgur.com/a/hFNq9bd),novacharger64,1,2,1iponty
1739577225,2025-02-14 23:53:45,2025,02,[US-CA] [H] unbuilt zoom65 V1 blush pink with rose gold weight [W] PayPal,"Hi all,  Timestamp https://imgur.com/a/5vvJ8rz  I bought this back in 2022 thinking I would build it eventually but the day never came. It’s been stuck in closet ever since.   Brand new never built, have not even opened the box until today. Comes with all original items and rose gold knob and weight.   I’m asking $200 plus shipping via PayPal  Local meet ups in Bay Area around San Jose  Let me kno",Castellakiowa,0,2,1ipomp8
1739576748,2025-02-14 23:45:48,2025,02,[USA-VA] [H] PayPal [W] Ceramic Orange Keycap Set,[removed],wootiown,1,1,1ipoh13
1739573491,2025-02-14 22:51:31,2025,02,[US-GA] [H] PayPal [W] Wooting 80HE,Looking to purchase an 80HE asap ,holedill,0,4,1ipnckz
1739573103,2025-02-14 22:45:03,2025,02,[US-FL] [H] Various Artisan keycaps [W] Paypal,"Many artisans for sale, free shipping for CONUS  [https://imgur.com/a/oRSq1rO](https://imgur.com/a/oRSq1rO)  * Items for sale * Honored one Porcus 400$ * Chatvalier Striker 30$ * Catlhu 30$ * |Blue Totoro Puffy|50$| SOLD * m-107 Chopper 70$ SOLD * Nayru Clase Azul 50$ * Bluish pizza 50$ * |Blue Bearcat|50$| SOLD * Striker Sirius 80$ * Keysune Light Sky 45$ * |M90 Kolk|50$| SOLD * Tiger 80 artisan ",NishiNoe,1,2,1ipn7jn
1739571956,2025-02-14 22:25:56,2025,02,"[US-NC][H] Lin Dolphin 60 WKL, GMK (Nautilus 2, Dots, Muted 2, Norse, Metropolis, Hammerhead), Hammerworks CRP, KAT Space Cadet/Refined, WS Kraken [W] Paypal","[Timestamp](https://imgur.com/a/Go1aMQd)  [Close up pics](https://imgur.com/a/KlWNiRd)  Decreased price to let these go.  I am not interested in any trade. Bundle deals will get discounts, so please ask.  Price includes shipping within contiguous United States. If you are outside of CONUS, feel free to ask for the added shipping cost. I will adjust shipping cost for combined purchases.  All sellin",tngpq,1,5,1ipmsmp
1739571348,2025-02-14 22:15:48,2025,02,"[US-CA] [H] PayPal [W] SA Godspeed ""Genespeed"" keycaps, modded long-pole tactiles"," I had a set of these for a build, got em nice and cheap too. But then they kinda... Combusted. In the Eaton Fire. Anywho, trying to find them again thanks!  Also looking for modded long-pole tactiles.",Matte_Box,1,2,1ipmkdz
1739571005,2025-02-14 22:10:05,2025,02,[US-NC] [H] Zoom TKL (built) [W] PayPal/Venmo,Timestamp https://i.postimg.cc/ZKX8pGxJ/20250214-165126.jpg  https://i.postimg.cc/ry9cd4xJ/20250214-165116.jpg  Matte black Zoom TKL with hand lubed gateron black ink V2 silent switches and Enjoy PBT Doubleshot ABS Cherry Keycaps - Dolch.  Looking for $175.  Comment before DM please.,edjiumacated,1,3,1ipmfoo
1739569309,2025-02-14 21:41:49,2025,02,"[US-MI] [H] IFK sets OG, Sanctuary Rebirth, Strawberry Lemonade, Dark Magic Girl, Delight, Pastel Rainbow, Cloud9 [W] Paypal","Bunch of IFK Keysets up for grabs.   All sets are sealed except Sanctuary Rebirth and Dark Magic Girl. Those were opened but still BNIB Condition. Prices do not include shipping.     |Sanctuary Rebirth|Opened, Unused condition|$250| |:-|:-|:-| |**Cloud9**|**Sealed**|**$150**| |**Delight**|**Sealed**|**$125**| |**Dark Magic Girl**|**Opened, Unused condition**|**$100**| |**OG**|**Sealed**|**$100**| ",M1keHonch0,0,5,1iplske
1739568169,2025-02-14 21:22:49,2025,02,"[US-AZ] [H] Built ZOOM65 v3 [W] paypal, local cash","ts: https://imgur.com/a/8SEfk2H  local to 85204  built with xinhai/milky yellow frankenswitches, all foams, pom plate, and meletrix keycaps  board is configured in white/no chamfer/no taillight/raw alu backplate/e white telescope badge  asking 230 shipped (will come shipped in carrying case) or 220 local  feel free to ask any questions 👍",_lmaogottem_,1,2,1ipld9f
1739567381,2025-02-14 21:09:41,2025,02,[MX] [H] Matrix 8XV 3.0 Kaiju WKL [W] PayPal,"Timestamp: https://imgur.com/a/Nx1kYom  Additional pics: https://imgur.com/a/pNPcG62  Hello redditors, selling a Matrix 8XV 3.0 Kaiju WKL Keyboard, the colorway is fixed to mcflurry, built once and stored in a box, board is in pristine condition with all default items/accsesories in box.  * Hotswap or Solder pcb (BNIB) to pick * Stock Flex cuts Alu plate + Non flex cuts plate * Foam, accesories in",Tronator,0,4,1ipl2mz
1739564592,2025-02-14 20:23:12,2025,02,[US-VA] [H] jjw derivative [W] paypal,"timestamp: [https://imgur.com/a/jjw-derivative-EW2LZ1d](https://imgur.com/a/jjw-derivative-EW2LZ1d)  **jjw derivative** (amphibian/WKL): **$515 shipped CONUS**  * millmaxxed pcb * full aluminum plate and full pp plate * top/relief mount screws, extra gasket kit, 50A oring (i.e. compatible w/ all 4 mounts) * carrying case, branded cloth, extra parts, etc. * only flaw upon close inspection was a <1 ",nikobtdt,1,4,1ipk0l6
1739563614,2025-02-14 20:06:54,2025,02,[GB] Official Slay the Spire Collection (w/ Custom Keychron),"Hi everyone, Team [Mkro](https://www.mkro.studio/) here! Introducing the Slay the Spire Keyboard Collection, inspired by the popular roguelike deck-building game developed by Mega Crit. Since its 2017 release, the game has earned acclaim for its innovative blend of card game mechanics and roguelike elements. Now, you can enhance your gaming setup with the official Slay the Spire keycap collection ",marketing_mkro,0,3,1ipjmug
1739563088,2025-02-14 19:58:08,2025,02,[US-FL] [H] Paypal [W] Gmk Minimal 2,BNIB or lighty used preferred.  Plz reply PM or no reply.,TheNetworkGamer,1,4,1ipjf5k
1739562459,2025-02-14 19:47:39,2025,02,"[US-CA] [H] NOS Diamond Polished Vintage MX Blacks, Bakeneko GO [W] Paypal","[timestamp](https://imgur.com/a/zDgfsec)  Prices include shipping within the US, all fees included.  **Bakeneko GO - $75 Shipped** - Comes with original pcb, plate, battery, oring, stabs - Does not come with the og cable  **Diamond Polished NOS Vintage MX Blacks - $180 shipped** - x101 switches, harvested from a 1987 NOS Wyse Wy-85 board (NOS means ""new old stock"", so the board and switches were i",GoldflakeTheGoldWing,0,4,1ipj6r3
1739562333,2025-02-14 19:45:33,2025,02,"[WTS] [US-CA] [H] NOS Diamond Polished Vintage MX Blacks, Bakeneko GO [W] Paypal","[timestamp](https://imgur.com/a/zDgfsec)  Prices include shipping within the US, all fees included.  **Bakeneko GO - $75 Shipped** - Comes with original pcb, plate, battery, oring, stabs - Does not come with the og cable  **Diamond Polished NOS Vintage MX Blacks - $180 shipped** - x101 switches, harvested from a NOS Wyse Wy-85 board (NOS means ""new old stock"", so the board and switches were in new",GoldflakeTheGoldWing,1,2,1ipj4z3
1739561532,2025-02-14 19:32:12,2025,02,"[US-NY][H] PayPal, Cash [W] Black, Broken HHKB Pro 2","I'm looking for an upper case from a HHKB Pro 2. Mine has the screw posts busted and I'd like to swap it. If anybody has a black, broken HHKB Pro 2 I'd be down for it.   I don't need keycaps, just the case. Don't even need the sliders.",esegallo,1,2,1ipitqn
1739561467,2025-02-14 19:31:07,2025,02,"[US-IL] [H] OwLab Voice65 white hotswap [W] PayPal, local cash","[Timestamp](https://imgur.com/a/KnT2n7S)  I am selling my white Voice65 with all the original parts. Asking $275 shipped.      Config as shown is aluminum plate, 2x hotswap PCB (1 tested and working, 1 untested), all foams, silicon dampener pad, and Durock stabilizers.   The aluminum plate is scratched, as shown in pictures from removing stubborn switches.   Case is in good condition, no major cos",citrikkk,1,2,1ipissk
1739561454,2025-02-14 19:30:54,2025,02,"[TW][H] Haven TKL、Haus65、Kkb skidata、creamsicles、gateron raw,  deeppings [W] PayPal","[timestamp](https://imgur.com/a/mViz89q)  **Haven TKL silver with black pvd weight $380 shipped** - hotswap pcb and Alu plate - some flaws on top case  **Haus65 black $450 shipped** - re-anode black - millmaxed pcb, Alu, pp, pc plate  **Keycaps & Misc** - kkb skidata neo base+extension **$115 shipped in bags (add $5 if in box)** - mx blacks lfss 85x **$60 shipped** - zenclack oolong switches 85x *",OkRecording6032,1,2,1ipisku
1739560683,2025-02-14 19:18:03,2025,02,"[CA-ON][H] GMK Bento R2 + Metropolis R2 + Extras, PBT Whale [W] PayPal","[Timestamp](https://imgur.com/a/OuQI5ZS)  **GMK Bento R2** Traditional Base + Seafood Novelties Kit \[BNIB\] — $120 USD shipped.  **GMK Metropolis R2** Base + Spacebars + Signs \[In plastic bags, never used/mounted\] — $120 USD shipped.  **PolyCaps PBT Whale** BNIB — $60 USD shipped in box OR $50 USD shipped in bags.  Note: Shipping costs included for US/Canada only. Please comment before DM'ing.",intuifin,0,4,1ipihsj
1739559931,2025-02-14 19:05:31,2025,02,"[US-OR] [H] 40% complete keyboard bundle, or part out [W] Paypal G&S","[Timestamp keyboard complete bundle](https://imgur.com/a/juwLRt4)   Hello, I have the following for sale. Adult owned in smoke-free pet-free home. Price is OBO and include shipping to ConUS, via paypal G&S. Please comment before sending message, I don't use the chat feature, thanks.   **40% custom keyboard complete bundle, $199 shipped**  * Minisub PCB programmable with Vial gui  * Hubris black an",deep_size,0,3,1ipi74o
1739558740,2025-02-14 18:45:40,2025,02,[US-CA] [H] Paypal [W] Heavy Grail,"built or unbuilt are both fine. slight preference for sunset blvd and gocf, but open to anything!",annoyedmf,2,4,1iphpvo
1739558554,2025-02-14 18:42:34,2025,02,"[US-CA][H] Tiger 80 lite, EVO70, Alicia, Cherry Taro, OTC Modo Light, MT3 Extended 2048, MW Voynich, Akko switches, Kailh switches, Otemu switches [W] Paypal",[removed],plotinmybackyard,1,2,1iphn84
1739558015,2025-02-14 18:33:35,2025,02,[US-CA] [H] Paypal [W] Heavy Grail,[removed],SheepherderTight8800,1,0,1iphfm2
1739556260,2025-02-14 18:04:20,2025,02,"[US-FL] [H] Placnck v6.1, Lumberjack, JJ40 [W] PayPal","[Timestamp and photos](https://imgur.com/a/IEPMMsG)  Moving continents again in a month, so looking to sell these asap.   Prices include 2-3 day shipping to CONUS. Willing to ship internationally for extra.  If anyone wants to buy it all, the bundle is $175.  Please comment before DMing.   |Keyboard|Price|Notes| |:-|:-|:-| |Planck v6.1 - OLKB|$75 OBO|Comes with a silver low case from Drop, will al",SusmariosepAnak,1,3,1ipgqrj
1739555558,2025-02-14 17:52:38,2025,02,"[US-MO] [H] Keychron Q3 Pro Knob SE Assembled with Case [W] PayPal, Venmo","Bought direct from Keychron in late 2023. Has worked great, just looking to go to a smaller and low profile board. Keychron banana switches. Case has never been used, official Keychron case.   Imgur album with timestamp: [https://imgur.com/a/EMsm7Vo](https://imgur.com/a/EMsm7Vo)  Asking $170 shipped. Great board, great condition. ",achosid,1,3,1ipggjp
1739553603,2025-02-14 17:20:03,2025,02,[US-CA] [H] Kinesis Advantage 360 Pro [W] Paypal,"[timestamp](https://imgur.com/a/NrEF3dh)  I purchased on April 29, 2024 from Amazon  Has Quiet Pink switches & I bought the PBT keycap set for it  Comes with the original accessory box / accessories & original ABS keycaps (PBT keycaps are on the board)  Asking $350 shipped to the US. I'm in North County San Diego for local pickups.",thomasjcreative,3,3,1ipfooc
1739551708,2025-02-14 16:48:28,2025,02,[US-AZ] [H] PayPal [W] 20-30 gateron oil kings switches,"Hi people! I recently bought a board for some keycaps and it had oil kings on it. I tried them and really liked them, and would like to fill my 75% board with them (I only have enough for a 60% lol). I need exactly 20 more switches, although I would not object to extras in case some switches go bad. Thanks!  I would also be open to a better PCB and switch plate combo for the tofu 60 the oil kings ",CoolPenguin42,1,2,1ipexhc
1739551235,2025-02-14 16:40:35,2025,02,[US-VA][H] Various Artisans [W] PayPal,"[Timestamp](https://imgur.com/a/mech-market-timestamp-k3TDIca)  I have various Alpha, Archetype, and Artkey artisans that I want to sell. Prices include shipping CONUS. Please comment before chatting!  Alpha Keycaps  |Artisan|Price| |:-|:-| |Devoura Seikah|$120| |Devoura Lovecraft|$120| |Devoura Bluescreen|$120| |Devoura Hash Slinging Slasher|$120| |Devoura Daedalus|$120| |Devoura Son of Ice|$120|",cryptoOG1,1,3,1ipeqt0
1739550625,2025-02-14 16:30:25,2025,02,"[US-NY] [H] J-01, GMK Dots, KAT Mizu, PBT Taro, PBT Heavy Industry [W] Paypal","[Timestamp](https://i.imgur.com/cOD6o8c.jpeg)   &nbsp;    Item | Description | Price (CONUS) ---|---|----|---- [J-01 Rev1 Build](https://imgur.com/a/ksWnVvO) | Brass pen rail, built with POM plate, lubed and filmed marshmallow switches, comes with extra PCB, FR4 plate, and aluminum pen rail, and carrying case, minor corner scuff, [sound test link](https://www.youtube.com/watch?v=xPJnCAddV0I) | $30",Laizeh,0,9,1ipeihm
1739549994,2025-02-14 16:19:54,2025,02,"[US-MO] [H] Satisfaction 75 R2 Seaweed Green with mill-max hotswap sockets, Oil King v2 lubed, TKC Vanir [W] Paypal","Good morning, i have a satisfaction round 2 keyboard that i recently completed. As a new dad i am having to side step this hobby and downsize my keyboards. It is A- batch but i can't find the blemish.  Located just outside of St. Louis Missouri. Thanks [Timestamp](https://imgur.com/a/HLs7F3w)",ranintoawall,0,3,1ipe9nc
1739549108,2025-02-14 16:05:08,2025,02,"[CA-ON] [H] PayPal, Cash [W] GMK Metaverse Novelties","Hello,  Looking to buy **GMK Metaverse Novelties** to complete my set. Only looking for the novelties as I have the base kit already but if you need to sell a bundle, willing to work out a deal within reason.  Not particular about use/shine as long as its good physical condition.  Local to Mississauga, Ontario.   Please comment before PM, thank you!",boyjun,1,2,1ipdx6f
1739548901,2025-02-14 16:01:41,2025,02,"[US-MO] [H] Satisfaction 75 R2 Seaweed Green with mill-max hotswap sockets, Oil King v2 lubed, TKC Vanir [W] Paypal","Dad life has taken my hobbies elsewhere and I need to cutback on my keyboards. I don't know how to upload pictures so message me for pictures. keyboard completed only about a week and a ago, so barely used.",ranintoawall,1,2,1ipdubg
1739548488,2025-02-14 15:54:48,2025,02,[US-NY] [H] Paypal [W] Neo 70 - Fully built or at least HS.,First time here. Pretty new to this.,poopslol,1,5,1ipdoi7
1739548111,2025-02-14 15:48:31,2025,02,"[EU-DE] [H] Monokei x TGR Tomo Suave Blue with Kaban [W] PayPal, Neo65",[Timestamp](https://imgur.com/a/MzXfYeQ)  I am selling my Monokei x TGR Tomo in Suave Blue.  It comes with:  The board WITHOUT PCB. 1x Alu plate 1x PC plate Kaban case 1x daughterboard  [Photos](https://imgur.com/a/jfMMpXt)  Looking for 150 excl. shipping and fees.  Also trade for a NEO65 possible.,yapes2929,10,7,1ipdjgf
1739547856,2025-02-14 15:44:16,2025,02,[EU-DE][H] TGR Jane V2 ME - Built [W] PayPal,"[Timestamp](https://imgur.com/a/fSVNmSv)  I am looking to sell a fully built TGR Jane V2 ME with Aluminium Plate, HX Macchiatos and SwagKeys Knight Stabs V2, GMK 80082 with Novelty Keycap and Custom Copper Patina Backplate. The Case has been reanodized. All accessories that come with the TGR Jane V2 ME are included. Bonus POM Plate also included.  Looking for 800€ + Shipping",VenomG45,3,8,1ipdfvq
1739547414,2025-02-14 15:36:54,2025,02,"[CN] [H] Matrix Corsa Starry night/Maroon, Navi Sunflower Yellow/Linen/Black Flash [W] Paypal"," Timestamp：  [https://imgur.com/a/XztH63d](https://imgur.com/a/XztH63d)  WTS some keyboards, Paypal G&S. **Just for sale, no trades. International shipment available. 4-5days to US/CA/EU countries, 3-4 days to Asia countries.**  **Discounts for bundle, more colorways available, feel free to DM**  Comment before PM, many thanks!  |Keyboards|Condition|Price in USD, shipping included| |:-|:-|:-| |Mat",Jazzlike_Cockroach73,1,2,1ipd9vq
1739545881,2025-02-14 15:11:21,2025,02,"[US-NY] [H] PayPal [W] Julie, Dolice, Arc60, GMK Peach Blossom, Osume YOTD","Looking for the following:  **Keyboards**  * Pink Lysol Julie R1 or R2  * Baby Pink TGR x Linworks Dolice  * Champagne Vertex Arc60   **Keycaps**  * GMK Peach Blossom R1 or R2 Base in the box (doesn't have to be new)  * Osume Year of the Dragon Standard Base + Novelties in boxes (doesn't have to be new)  Please comment before PM'ing me, thanks!",jlcl119,1,4,1ipcpd2
1739545068,2025-02-14 14:57:48,2025,02,"[UK] [H] GMK Dots Dark + Rainbow, GMK Dots Light + Rainbow / GMK Pixel [W] Paypal / Cash","I brought the two GMK Dots and one GMK Pixel sets, and then later decided that legend-less keys just aren't for me. So better someone else gets some use of them!  Shipping to UK only, will use reputable courier like UPS, DHL or DPD, included in price. Or you collect from North Manchester (inside M60) for cash at a £10 discount.  Please PM, don't chat - I never see them.  Images + Timestamps: [http",Melair,3,7,1ipcehx
1739544515,2025-02-14 14:48:35,2025,02,[US-GA] [H] Keycult Jan '23 Raffle 1/65 Black+Gold [W] Paypal,"[Timestamp](https://imgur.com/a/Z5boeiq)  Keycult 1/65 (Jan 2023 preorder) Black+Gold BNIB, haven't opened/examined.     - Alu plate - Polycarb 1/2 plate - Hotswap & solderable PCB  $695 USD shipped via Ground Advantage OBO. Not open to trades.",HOWDITGETBURNEDHOWDI,1,3,1ipc790
1739543964,2025-02-14 14:39:24,2025,02,[Artisan] Heytiri and Ruby Hel artisan raffle sale by Symbio Keys,"This Valentine’s Day, love takes many forms—passion, devotion, and the spirit of nature.   From the whispers of the sacred forest to the depths of a timeless gem, these Hel colorways embody power, elegance, and soul.   **Heytiri** — A tribute to nature’s soul  **Ruby** — A symbol of deep love and strength  Sale details  * Colorway: Heytiri and Ruby * Supplies: 9 pcs/sculpt * Sale form: [https://fo",symbiokeys,2,1,1ipbzvb
1739540911,2025-02-14 13:48:31,2025,02,"[US-NJ] [H] PayPal [W] 95, 98, 100, 1800 any full size keyboard","Looking for a full size or close to it. I don't like the qk101 look. Have a zoom98 I could trade, can't figure out how to configure it. ",dee_glazer,1,9,1ipay8o
1739530725,2025-02-14 10:58:45,2025,02,[UK] [H] PayPal [W] GMK Blot,"Hey, I am looking for a set of GMK Blot.   Ideally in a ""like new"" condition with no shine or texture loss.   If you have any lying around gathering dust, please do reach out.   Thanks",Kaas_Online,1,4,1ip83fa
1739527790,2025-02-14 10:09:50,2025,02,[UK] [H] PayPal [W] GMK WoB,Title. Looking for sealed/lightly used kit. Thanks!,ForThePleblist,1,3,1ip7fuf
1739525508,2025-02-14 09:31:48,2025,02,[EU-DE][H] Assembled Plaid [W] PayPal,[Timestamp](https://imgur.com/a/7WWrHt2)  I am looking to sell an assembled Plaid 40% ortholinear keyboard. It has PBT keycaps and Kailh Pink Speed Switches (90% certain). I can ship EU-wide and am looking for 100 Euro plus shipping.,techchris,1,2,1ip6xl7
1739523697,2025-02-14 09:01:37,2025,02,[US-CA] [H] Paypal [W] Heavy Grail,[removed],SheepherderTight8800,1,0,1ip6iy0
1739521419,2025-02-14 08:23:39,2025,02,"[IL][H] CMM BoW PBT +Extras, Monokei Kaban, Thera75 E-White, Bear65 Cherry Wrist Rest, Lube Station, Artisans (Systematik, Kolkrabba, RAMA, Melvi, Navacaps, BadHabitCaps), Stabilizers and more [W] PayPal, Trades","​[Timestamp](https://imgur.com/a/38Okl2o) New pictures - ***Any reasonable offer is accepted!***   ***Shipping internationally.***   ***Hi there, please comment before PMing. Thank you!***  |Thera75 v1 E-White|Rainbow PVD weight. Comes with extra gaskets and the Xmas badge. Unbuilt and in perfect condition. It's a beautiful cream color, not the traditional E-White.|$275| |:-|:-|:-|   |Keysets|Pric",exSpire,1,2,1ip618z
1739521336,2025-02-14 08:22:16,2025,02,"[PH] [H] PayPal [W] GMK Foundation, GMK Sloth","Looking to buy GMK Foundation with novelties if possible or GMK Sloth. PM me if you have, thanks!",Austolock,1,3,1ip60kp
1739519565,2025-02-14 07:52:45,2025,02,"[US-GA] [H] Cash, Venmo, Paypa [W] Pink Keyboard","Looking for a budget pink keyboard, with a metal build. Looking for sizes 60, 65, 68, and 75. Not too picky if it doesn't come with keycaps or anything, but would prefer. ",Stock-Elevator8565,2,8,1ip5m3u
1739516404,2025-02-14 07:00:04,2025,02,"[CA-ON][H]GMK Sets (Honor, 80082, Muted, Dots R2, Awaken, Nord, Tuzi), KAT Mizu, RAMAs (Yeeti, Star, Kouhai, Fuji, Deepwell, Rudy R2, Moonlight, Hazukura, Peaches n Cream R2)[W] PayPal",[Timestamp](https://imgur.com/a/ElYNuvW)  I can bill in CAD or USD. All prices including shipping to the US/Canada.  All caps are brand new and sealed.  **Artisans**  | Item | Price (USD) | | :- | :- | |GMK Deepwell Red Technik| $35 | |GMK Deepwell Black Technik| $35 | |GMK Fuji (Fuji)| $35 | |GMK Fuji (Padoga)| $50 | | GMK Yeeti RAMA| $35 | | GMK Kouhai RAMA| $50 | | GMK Star RAMA| $35 | |GMK Rud,lamborghini-merci,0,2,1ip4w76
1739514476,2025-02-14 06:27:56,2025,02,"[CA-BC][H] TKC Jetvan, Minivan [W] Paypal","Hi All,    \[\*\*TKC Jetvan White Timestamps\*\*\](https://imgur.com/a/5MHcxlU)    \[\*\*TKC Minivan Smoke Timestamps\*\*\](https://imgur.com/a/fF9QMIJ)    I have a couple of 40% keyboards for sale.    \*\*TKC JETVAN\*\* $140 shipped and insured.    \* Does not come with keycaps shown    \* Hot Swappable    \* White case with aluminum feet    \* Full space bar    \* Can't remember what switches ar",Manley11,2,4,1ip4fcv
1739513024,2025-02-14 06:03:44,2025,02,[US-TX] [H] Paypal [W] Matrix Lab Keyboards,"I'm looking for the following keyboards: MATRIX MRTAXI, FAUKWAA - \[MY-2K\], and CP.8XV 3 ⅓ Pad. PM and let me know if you have one for sale. Thanks",ko8eyoshi,1,2,1ip42dz
1739512640,2025-02-14 05:57:20,2025,02,[US-TX][H]Kalam Kohaku R1 [W] Paypal,Timestamp and pics: [https://imgur.com/a/yR3Kamz](https://imgur.com/a/yR3Kamz)      Kalam Kohaku:  * Red. * Hotswap PCB. * Switches and keycaps are not included. Gaskets have been replaced with authentic ones. Weight has developed some patina. No other flaws that I can spot. * Price: $375 shipped GnS.  I also have an authentic solder PCB + alu plate that I can bundle in for extra $45.  Thanks!,kaiser2207,0,5,1ip3yod
1739509315,2025-02-14 05:01:55,2025,02,"[US-TX] [H] Haven65 Haven 65 blue aluminum plate, white pbtfans spacebar kit, and Extra keycaps Gmk modo light, mercury, blurple, otc modo light [W] Paypal","[Timestamp](https://imgur.com/a/FAewH7y)  **All prices are also OBO. Looking to trade any of the above for GMK rainy day and/or cash if needed. Thanks for viewing!**  |Item|Description|Price| |:-|:-|:-| |||| |**PBTfans White Spacebar kit**|**Brand new, never used before**|**$25 shipped**| |**Extra keycaps and spacebars from GMK modo light, mercury, blurple, nicepbt retro mizu and otc modo light**|",Charming-Meeting4091,1,9,1ip32rr
1739508193,2025-02-14 04:43:13,2025,02,"[US-CA] [H] GMK Bingsu (Base, Novs, Hangul Alphas), GMK Frost Witch Artisan (Hibi) [W] Paypal","[Bingsu](https://imgur.com/a/Tht5VXT)  Light use, no shine. Comes with Base, Novelties and the Hangul Alphas. Can ship in boxes or bags, let me know. No issues with the set, just making space for some new additions.  Asking $170 shipped CONUS. (-$10 in bags)  [Hibi](https://imgur.com/a/zmbMVuD)  Frostwitch Artisan: Haven't used this since I sold FW. Light use; been sitting in a drawer since.  $50 ",MangoIceCream381,1,5,1ip2r72
1739506986,2025-02-14 04:23:06,2025,02,[US-TN] [H] PayPal [W] PolyCaps PBT Whale,"Heyo,  Searching heavy for these PBT Whale keycaps. Originally sold by Kinetic Labs. Alas, they have been sold out for a while, and I am in need of these to complete a wedding gift.   Please post here before PM'ing. Thanks in advance!",Gogethitbyacar,1,5,1ip2euw
1739505824,2025-02-14 04:03:44,2025,02,"[US-ID] [H] vanguard65 BNIB, Aeroboard70, vintage board, GMK Godspeed Columbia bundle, switches, free xbox series s game with purchase [W] paypal","[Timestanp](https://imgur.com/a/XHUJfYS)  Another price drop  PMO  EVERYTHING MUST GO, BUT I WOULD PREFER SWITCHES GET BUNDLED WITH OTHER THINGS  All prices negotiable, recently got a baby corn snake and I need to build a better enclosure!  I also received 2 Sealed copies of Warhammer: 40k Darktide for the Xbox Series S that were incorrectly shipped to me, and I was unable to return them, so if yo",M1ken1ke66,0,2,1ip22o7
1739504807,2025-02-14 03:46:47,2025,02,"[US-CA] [H] TGR Alice, TGR Police [W] PayPal, Local Cash","[Timestamp](https://imgur.com/gallery/81grdAG)  Hello mm, I have a few boards available for sale. All prices are obo, feel free to pm me and discuss.  Prices are in USD, all prices are shipped CONUS. I am based out of Los Angeles, CA, local pick up is also available.  # Items:  [TGR Alice](https://imgur.com/gallery/vMpEgJ5)  Flawless  Built with vintage blacks on a pc plate  Comes with extra pcb, ",bliu15_7613,5,5,1ip1rr3
1739503589,2025-02-14 03:26:29,2025,02,[Artisan] Craftkey Renko Adrift Raffle Sale,"Hello my friend.   The Story Continues: Adrift in the Cosmos  In his haste, the spatial portal had sent them to an unknown destination. As Renko slowly regained consciousness, she felt weightless, drifting through the endless void of space. Stars shimmered in the vast darkness, but there was no planet, no anchor just an infinite abyss.  Beside her, Morphex remained unconscious. Just as she reached",Craftkeycap,1,1,1ip1ej1
1739500497,2025-02-14 02:34:57,2025,02,"[CAN-ON] [H] Antipode Nix Lilith, Foxlab Sand Glass Ergo 70% [W] PayPal",[removed],Syl_Ly,1,0,1ip0fzx
1739499749,2025-02-14 02:22:29,2025,02,"[US-PA] [H] Custom Wooting 60he with PC plate, Tofu60 Redux case, Geon Raptor Frankenswitches, Everglide Sticky Rice V2, Lekker 45 v2 [W] Paypal",Hello. I have a Custom Wooting 60HE. I recently got the 80HE and prefer that for now.   I swapped the steel plate for the PC plate. I can include the steel plate if you want. I also swapped the case to the Tofu60 Redux in black. Again I can include the original plastic wooting case with strap and cable. On the board I have the GEON Raptor Frankenswitches (swapped the stem for the Lekker L60 v1s). ,youvandal,1,5,1ip07dx
1739498345,2025-02-14 01:59:05,2025,02,[Store] 99USD+ Wusikey FF101 Pre-built Mechanical Keyboard With Large Light Bar,"   **Wusikey FF101**  Designed by Wusikey Studio     Hello everyone,  Today we are going to introduce the Wusikey FF101 keyboard! This stylish keyboard combines a futuristic light bar and a sleek aluminum waveweight, designed for performance. Enjoy the bliss of hot-swappable switches and plush multi-layer padding that feels incredible under your fingers. With a powerful 6000mAh battery and seamles",cyberbay,2,1,1iozrdn
1739497245,2025-02-14 01:40:45,2025,02,"[US-WA] [H] GMK keycaps, KAM/KAT keycaps, Nemui, Rainy 75 pro Navy Blue, ND75, Air 96 V2, Bauer Lite[W] Paypal, Vento 80, Zoom 75, Cycle 8",[Timestamp](https://imgur.com/a/u-altruistic-sir-jan-15-2025-qLBYJ2w)  [Timestamp-1](https://imgur.com/a/dec-18th-mechmarket-altruistic-sir-SNhHTaC)  [Timestamp-2](https://imgur.com/a/bPSFYbK)  **Hi everyone!**  All the keycaps and keyboards in this list are either brand new (unopened) or used once and returned to their original manufacturer packaging!  A few quick notes:  * **Please comment befor,Altruistic_Sir,7,14,1iozf53
1739496367,2025-02-14 01:26:07,2025,02,"[US-OK] [H] Kailh Brown, Pro Purple, Gateron Red [W] Paypal","[Timestamp](https://imgur.com/a/crmL4uY)  Cleaning up the collection, the reds are unused, brown and purple maybe a month or so.  75 - Gateron Red  40 - Kailh Pro Purple  33 - Kailh Brown  **$30 shipped** CONUS  Please comment before PM, no chats, thank you!",W31_D0N9,0,2,1ioz51e
1739496244,2025-02-14 01:24:04,2025,02,"[US-OK] [H] Kailh Brown, Pro Purple, Gateron Red","[Timestamp](https://imgur.com/a/crmL4uY)  Cleaning up the collection, the reds are unused, brown and purple maybe a month or so.  75 - Gateron Red  40 - Kailh Pro Purple  33 - Kailh Brown  **$30 shipped** CONUS  Please comment before PM, no chats, thank you!",W31_D0N9,1,2,1ioz3mw
1739495398,2025-02-14 01:09:58,2025,02,"[CA-ON] [H] GMK Boba Fett, MV Expo, MTNU Beige, Granite [W] PayPal, Local Cash, GMK MTNU Beige Orange Accents, Susu Numpad, MatrixLab Badge ""For Home Use""","[**Timestamp**](https://imgur.com/a/DFbL0Ya)  USD prices include PP fees and shipping to US/CA, and CAD prices in parentheses are only for local pickup in Markham.  Prices are firm. Please post here before sending a PM.  **GMK Boba Fett - $100** (C$120 if local)  * In sealed box.  **GMK MV Expo** **- $125** (C$150 if local)  * Used but still in great condition. Comes complete-in-box.  [**GMK MTNU ",Buildingway,1,3,1ioytuv
1739494691,2025-02-14 00:58:11,2025,02,"[US-CA][H] Realforce TKL R2 55g, Crin FRL TKL, GMK Botanical, GMK Fuji, GMK Serika R2 [W] Paypal","Hello All,  I am looking to sell the following items. All prices are OBO, listed in USD, and include shipping to the US.  Feel free to PM with questions!  [Timestamp and item images](https://imgur.com/a/2glVTCD)  |Keyboards|Color|Description|Price| |:-|:-|:-|:-| |Realforce TKL R2 55g|Ivory|Sliders lubed with 205G0, Deskeys #3 silencing rings, Comes with original box.|$200.00| |Crin WK no engraving",midnightsamurai9,2,3,1ioylgt
1739493878,2025-02-14 00:44:38,2025,02,"[US-VA] [H] TGR Beloved Lena, Line Friends TKL, OG F1-8X [W] PayPal","Selling some boards, pricing includes shipping within CONUS and can do options up to 2 day air. (International will have to pay shipping) PRICES ARE FIRM AND NO TRADES.  |ITEM|DESCRIPTION|PRICE| |:-|:-|:-| |[BNIB TGR Beloved Lena + Wrist rest (Pink Ano)](https://imgur.com/a/POg10sW)|TGR Lena from KLC with pink hotswap PCB, PC plate and pink anodized wrist rest. Comes with cloth from both TGR and K",SubjectChemistry2081,2,3,1ioybzg
1739493875,2025-02-14 00:44:35,2025,02,"[EU-DE] [H] Paypal, Wise [W] Daji Ocho Cuatro OC 2XL, Daji Ocho Cuatro OC 2.1, DCS Peppabeit, DCS Unicorn, GMK Kekkon Dolch","Hi MM, still looking for the last pieces to complete my collection. Either fulfilled, GB or extra spot are fine by me  * **Daji Ocho Cuatro OC 2XL - pref. Lavender** * **Daji Ocho Cuatro OC 2.1  - any**  Let me know what you have and your asking. Preferably with images if available as well. I also got proxies if needed.  Also looking for some keycaps, pref. BNIB or little used  * DCS Peppabeit * D",binu_2903,0,2,1ioybym
1739493318,2025-02-14 00:35:18,2025,02,[Artisan] Unknown Keycaps act0.3 | ZeroTwo,"**""ZeroTwo"" | Unknown Keycaps ""*****Stoner*****"" (act0.3)**      Happy valentine, some red & pink color for your lovely month   Inspired by the character Zero Two,   Zero Two is a character from the Darling in the FRANXX series      here it is, GMK Darling  [HD Photos](https://imgur.com/a/unknown-keycaps-act0-3-zerotwo-A1FS9Xp)  **SALE FORMAT \*NEW** \- **RAFFLE**   \----- [GOOGLE FORM](https://fo",drjkusumo,5,1,1ioy5dh
1739493286,2025-02-14 00:34:46,2025,02,[ID] [H] TGR Jane v2 ME Suave Blue [W] Paypal,"[timestamps](https://i.imgur.com/Vha29vy.jpeg)  [TGR Jane v2 ME Suave Blue](https://postimg.cc/gallery/Cb1vnpT) \- $750   A-Stock/Flawless   1 x Hotswap PCB   1 x Brand New Solderable PCB   1 x PC Plate   Auth Card, Carrying Case, All Accesories Included  feel free to ask me anything, thanks!",fauzanfickry,1,2,1ioy4zw
1739493197,2025-02-14 00:33:17,2025,02,[Bulk] MX BLACKS | Broken-in and Diamond Polished MX Blacks,Hey there! I've got every kind of MX Black that tickles your fancy. [TIMESTAMP](https://imgur.com/a/9TWxjss)  -MX2A -Hyperglides -Retools and even Pre-retools from early 2000's All harvested switches are cleaned in ultrasonic cleaner and reassembled with the  same parts to keep that coveted vintage smoothness.  You can get any switch broken in with 500k up to 2-3 million actuations. I've also got ,KrisRob35,2,1,1ioy3yb
1739488762,2025-02-13 23:19:22,2025,02,[US-OR] [H] Iquinix ZX75  [W] PayPal,[removed],Sad-Factor8316,1,0,1iowl55
1739488467,2025-02-13 23:14:27,2025,02,[US-AK] [H] Paypal [W] Mode65 v1,Hi MM  I'm looking for a v1 Mode65 in good condition. Hopefully with all accessories and a HS pcb. Please PM me if you are looking to get rid of one. Thanks!,polaricebc,1,3,1iowhbr
1739488332,2025-02-13 23:12:12,2025,02,[US-AK] [W] Mode65 v1 [H] Paypal,"Hi MM     I'm looking for a v1 Mode65 in great condition with all accessories, preferably HS but not a deal breaker. Please pm with offers if you are looking to get rid of one. Thanks! ",polaricebc,1,1,1iowfjk
1739488020,2025-02-13 23:07:00,2025,02,[UK][H] Mode 65 v2 [W] PayPal,"[\[timestamp\]](https://imgur.com/a/h1ga4t9)  [\[Mode65\]](https://imgur.com/a/TpG3HKw)\- Excellent Condition apart from very subtle brass marks - Brass Back and Bottom, Alu Grey Top, Lubed Durock V2 Stabs, FR4 Half Plate, Alpacas switches Installed, Solder PCB, No Box. £195  (Will Do International Shipping If You Can Pay)  (Will Accept Offers)  (Please Ask For More Pictures If Interested)  If you",BrandyCream,0,3,1iowbmf
1739487818,2025-02-13 23:03:38,2025,02,"[CA-ON] [H] TX60 HHKB Cerakote Cobalt Grey, GMK Sets (Hyperfuse R2, Camping R2, Noel, Vaporwave R1) [W] Paypal, Local","Selling as it. Prices are in USD. Shipping not included.  [timestamp](https://imgur.com/a/mm3SpDs)  * TX60 HHKB [more images](https://imgur.com/a/sswatTt)  * Cerakote Cobalt (H-112Q)  * In good condition  * Brass plate has scuffs and scratches on it  * If the buyer wants, I can include a mechboards HS60 Hotswap PCB (HHKB Layout)  * Includes TX carrying case  * $140 * GMK Hyperfuse R2 Base [image](",shiftyc,0,31,1iow8zx
1739487601,2025-02-13 23:00:01,2025,02,[US-NY] [H] HHKB Studio/ MODE Eighty (2022) /GMK SPACE CADET II /Wooting 60HE+/ Wooting 2 HE/NovelKeys NK87 Comet Blue/Artisan Keycap LOTR The One Ring [W] Paypal,"Hey guys! I also have 202 trades on hardwareswap. Open to Reasonable Offers.   \_\_\_\_\_\_\_\_\_\_\_\_\_\_\_\_\_\_\_\_\_\_\_\_\_\_\_\_\_\_\_\_\_\_\_\_\_\_\_\_\_\_\_\_  MODE Eighty 2022 (Great Condition, C³EQUALZ X TKC Tangerine 67 (Dark Green) Linear Switches) Keyboard only, no cable)  Imgur: [https://imgur.com/a/mode-keyboard-with-tangerine-dark-green-aQ2VlO4](https://imgur.com/a/mode-keyboard-w",N3RD_01,1,5,1iow5xw
1739485436,2025-02-13 22:23:56,2025,02,"[US-TX][H] Black Satisfaction 75 [W] PayPal, Local Cash",Timestamps: https://imgur.com/a/IfhBvPP All Black Satisfaction 75 R2. Currently built with Holy Pandas lubed and filmed and Durock V1 Stabs. It's a great board just prefer my other boards. Will come with Stock Knob and IFK Cafe. Comes with the original package.Carrying Case. On a new Hotswap PCB with ESD protection. $575 OBO +Shipping,DesertedProject,0,3,1iovcqd
1739484255,2025-02-13 22:04:15,2025,02,[US-MI][H] Paypal [W] Gazzew Boba U4 Silent,Looking for ~80 Gazzew Boba U4 Silent switches (enough for 75%),jaypee21,2,2,1iouwiy
1739484174,2025-02-13 22:02:54,2025,02,[USA-MI][H] Paypal [W] Gazzew Boba U4 Silent,Looking for ~80 Gazzew Boba U4 Silent switches (enough for 75%),jaypee21,1,3,1iouvbk
1739483294,2025-02-13 21:48:14,2025,02,[UK] [H] ZSA Voyager Split Ergo Keyboard [W] Paypal,"Timestamp [https://imgur.com/a/2SV8Snw](https://imgur.com/a/2SV8Snw)  ZSA Voyager Split Ergo Keyboard, brown switches. Includes all original accessories (listed below) and packaging.  * 3 USB-C cables, 1 TRRS interconnect cable * 4 magnetic legs for tenting * 36 additional keycaps * 4 spare Tactile (Brown) switches * Keycap and keyswitch puller * Voyager branded soft carrying case  Almost new; I'v",jayatillake,3,4,1iouje9
1739482101,2025-02-13 21:28:21,2025,02,"[US-CA] [H] PayPal, Venmo [W] Midrange to premium 60% WK Anodized black or dark green hotswappable","I have a Tofu60 2.0 but I'm hoping to get something naturally deeper sounding.  I'm halfway between going secondhand and waiting for the Neo60Cu from Qwertykeys, so just trying to see what's out there.  Here are my requirements:  * 60% WK layout—I cannot do WKL or HHKB * Anodized black or dark green aluminum case * Gasket or otherwise not top mounted * Hotswappable PCB * Wired only * Prefer POM as",ohshitgorillas,1,4,1iou304
1739481674,2025-02-13 21:21:14,2025,02,"[US-GA] [H] Mode Loop (Mirage, Copper), Mode Sonnet v1 (Green/grey) [W] Paypal","Hi, as the title states looking to selling my two boards above, looking to only sell in CONUS. shipping is included with purchase. Details for the boards are below, as well as timestamp. Both boards are in perfect condition.  Timestamp ( [https://imgur.com/a/ZwFSwat](https://imgur.com/a/ZwFSwat) )        || || |Mode Loop TKL (Mirage, Copper)|Mirage coloway, copper mid piece, copper accent, copper ",Danisher,3,3,1iotwzq
1739480899,2025-02-13 21:08:19,2025,02,"[US-MD] [H] PayPal [W] Human Computing KB54 , Sofle Choc, Corne Choc, Any wireless Choc Split Keyboard","Hello,  As the title states I'm looking for a Human Computing KB54.  I am willing to pay the price you set.  I am also open to Sofle choc, corne choc, or any split kb that takes choc and is wireless. Interested in 4x6 but willing to experiment!   Please send me a price/pics. Located in Maryland. PayPal ready to go. ",Sbarty,1,2,1iotmdj
1739479458,2025-02-13 20:44:18,2025,02,[US-FL] [H] Artisans [W] PayPal,Hey everyone! Still have a couple caps that I'd like to rehome. All MX  Timestamp: [https://imgur.com/a/gukQwWq](https://imgur.com/a/gukQwWq)  Totoro Bean - $90  Fugthulus - $90 each,DirtyMonkey43,0,2,1iot24j
1739477541,2025-02-13 20:12:21,2025,02,[US-CA] [H] PayPal [W] F1-8X v2 WKL Silver/Grey,"Hi all,  I’ve been on the hunt for an **F1-8X V2 in silver/grey WKL**. I’m not considering other color ways or a WK layout. Help me hit endgame and let me give you my hard earned cash in exchange.  **Comment before PM**",AkDoxx,2,4,1iosbj0
1739476184,2025-02-13 19:49:44,2025,02,[US-MD][H]PayPal [W]GMK Modern Materials Concrete Base & Accents,Looking for like-new / new sets. ,Ok-Astronaut-8091,1,2,1iorsdq
1739475601,2025-02-13 19:40:01,2025,02,"[US-CO] [H] Kalam Kohaku, HHKB Pro 2, Ikki68 Alumizu, Sam S80 v2 [W] PayPal","Timestamp: https://imgur.com/a/GUmUSyN  Prices are OBO. Cost does not include shipping.  Switches, keycaps and artisans not included.  Please comment before PM, PMs will be answered first.  #Ikki 68 Aluminum x Alumizu Bundle - $420 + Shipped  Minor ano scratches on bottom case, Hotswap PCB (extra included since the bottom row is messed up on the original), PC Plate, Lubed Durock V2 Stabs, Alumizu ",KaiHG,0,12,1iork0x
1739474550,2025-02-13 19:22:30,2025,02,"[EU-ES] [H] BNIB TKC cat cafe deskmat [W] PayPal, trades","**[Timestamp](https://imgur.com/a/updated-timestamp-ksXVlAa)** | **[More images](https://imgur.com/a/cat-cafe-matcha-oaKXDRu)**    Hi all,    I have a **brand new in box (BNIB) TKC Cat Cafe deskmat in the Matcha colorway** up for sale or trade. It's never been used, only opened for photos.    ### **Looking for:**   - PayPal (open to offers, no set price)   - Trades for the following GMK sets:     ",Kaneko_BS,0,4,1ior4rf
1739474520,2025-02-13 19:22:00,2025,02,"[US-CA] [H] Complete soldered Boardwalk [W] PayPal, Venmo","Timestamp: https://imgur.com/a/VTLl1ye  I’ve got a fully built Boardwalk that’s been sitting in my closet that needs a good home.  Bought from a coworker years ago but tot he best of my knowledge the build is: - Bamboo 60% clamshell case - Boardwalk usb-c pcb - Kailh Box Silent Browns (soldered) - Looks like a stainless steel plate - DSA caps  Looking for $220 shipped USA only, open to reasonable ",lecrouch,0,3,1ior4cp
1739473662,2025-02-13 19:07:42,2025,02,[US-AZ][H] Black Flash60 by KeyKobo [W] Paypal,"Timestamp:[https://imgur.com/a/c0UK9hf](https://imgur.com/a/c0UK9hf)  Got this a while ago from another owner, has had the inside part of the bottom case patinaed, comes with a milmaxed hiney pcb and the default alluminum plate.  Haven't seen one of these being sold in a while,so I'm currently pricing it at 225 plus shipping, with the original packaging and all orginal parts. Please feel free to p",Anguis108,0,5,1ioqs2c
1739472765,2025-02-13 18:52:45,2025,02,[US-CA] [H] Paypal [W] GMK Panels,Bay Area Local Looking for a set or two.  Please post first.  Thank you! ,Loonyloaf,1,4,1ioqf4w
1739470866,2025-02-13 18:21:06,2025,02,"[UK] [H] Bias R2, Kalam Unikorn, QK65, ikki68, GMK Polybius, GMK Nightlight, GMK Minimal, SA Mizu R1, Custom Cable, Zaku Switches [W] Paypal","[**Timestamp**](https://imgur.com/a/TWQj82E)  [**Album**](https://imgur.com/a/zoscotv-listing-XzpZa6a)  * ***Keyboards***  **Baion Bias R2 - Black £400**  OG PCB desoldered & cleaned, Alu Plate, Hard Grommets, CD  **Kalam Unikorn - Green £160**  OG PCB, Mechlovin Zed60 PCB desoldered & cleaned, extra o-ring as the OG one was inconsistent  **QK65 - e-White £120** Bundled with GMK Minimal (1:1 color",ZoscoTV,0,2,1iopo2z
1739468366,2025-02-13 17:39:26,2025,02,"[US-GA] [H] KKB Alhambra, GMK Shashin, some switches. [W] Paypal GnS","[Timestamp](https://imgur.com/a/011W14L)  Please comment before PM, CONUS shipping via USPS.  Take all the switches for $50 Shipped.  |Items|Details|Price| |:-|:-|:-| |**KKB Alhambra Base + Artisan**|**Lightly used, no shine, great condition.**|**$160 Shipped OBO**| |**GMK Shashin Hiragana Base**|**Lightly used, no shine, great condition.**|**$120 Shipped OBO**| |**Keygeek (Azure) Sky Blues x70**|",Verestrasz,0,9,1iooo6t
1739466501,2025-02-13 17:08:21,2025,02,[US-FL] [H] PayPal [W] CW88 Wkl Pink,,bobby_venture,1,6,1ionxq2
1739466290,2025-02-13 17:04:50,2025,02,[H] PayPal [W] CW88 Wkl pink,located [US-FL],bobby_venture,1,1,1ionunl
1739466106,2025-02-13 17:01:46,2025,02,"[US-CA] [H] Keycult 1/65 (Rosegold/Charcoal), GMK/JTK Sets, Various Artisans and RAMAs[W] Paypal/Local Cash","Timestamp: https://imgur.com/a/zmoZPYv  All prices include shipping (US only).  Item | Kits | Details | Price ----|----|-------|----- Keycult 1/65 | Rosegold/Charcoal, Hotswap, Extra Hotswap PCB | All items BNIB. Will ONLY be sold locally for cash. | $800 LOCAL ONLY GMK Dots 2 | White Base, White Rainbow | Bought during original GB. Still sealed. | $230 GMK Agent 01 | Base, Novelties | Bought duri",StaggeredRay,0,4,1ions0k
1747265988,2025-05-14 23:39:48,2025,05,[US-CA] [H] $500 PayPal [W] Snow60 WKL,"Offering $500 + shipping for a Snow60 WKL  Flaws are acceptable, but please disclose them.  Chats ignored",drewpyy,1,4,1kmu019
1747265245,2025-05-14 23:27:25,2025,05,[US-MN] [H] PayPal [W] GMK Olivia Light Base BNIB,Looking for GMK Olivia light base BNIB  Please comment before PMing. Thanks!,shoespleasethx,0,4,1kmtqqh
1747264923,2025-05-14 23:22:03,2025,05,[US-CA] [H] zomo plus  one piece artisans [W] PayPal G&S or trades,Got a bunch of zomo plus one piece official artisans. Sell for around 35 each on the official store.  Looking for 20 each on singles or 15 each if you buy more than 2.   Looking for 30 for entire aot set   Also interested in trades for audio related stuff iems/headphones  Timestamp:  https://imgur.com/a/78ejEfx,SMD_BigBanana,0,9,1kmtmll
1747263182,2025-05-14 22:53:02,2025,05,[US-CA][H]Paypal [W] GMK British Racing Green (Base + green alphas),LMK please. CA 92126,kiwibestfruit,2,6,1kmt04h
1747262748,2025-05-14 22:45:48,2025,05,"[EU-PT] [H] Corne v3, Ferris Sweep PCBs & builds, TOTEM kits [W] PayPal G&S",[removed],No-Measurement5624,1,0,1kmsumd
1747262732,2025-05-14 22:45:32,2025,05,[US-NC] [H] Geon Raw HE Switches 60g x89 [W] PayPal,"timestamp: [https://imgur.com/a/RSiYKyR](https://imgur.com/a/RSiYKyR)  x89 geon raw HE 60g switches pulled from my wooting. 1 of them lost in translation. 2 of them are missing diffusers due to my hamhandedness, but the rest are all perfect.   Asking $25 shipped firm.",TheCatDimension,2,4,1kmsufj
1747262163,2025-05-14 22:36:03,2025,05,[US-CA] [H] PayPal [W] Gmk Terra green artisan,Looking to buy the green artisan keycap. Open to either by it self or as a bundle depending on price. ,the_rickochet,1,3,1kmsn24
1747261779,2025-05-14 22:29:39,2025,05,[US-FL] [H] Paypal [W] GMK Fright Club Novelties,[removed],Ultraviolet11011,1,4,1kmsi2x
1747261538,2025-05-14 22:25:38,2025,05,"[US-NV] [H] IMK Corne [W] Paypal, Local Cash","[timestamp](https://imgur.com/a/timestamp-ytKuar6)  Prices are shipped for CONUS.  Item | Description| Price ---|---|---- IMK Corne| Fully built silver imk corne. Hotswap pcb built with aqua kings v3 (silent linear). Includes extra hardware, tenting accessories, and carrying case. Blank keycaps.| $250 shipped",Bchui,1,2,1kmseyj
1747259269,2025-05-14 21:47:49,2025,05,"[US-TX] [H] JLabs JP-02, PayPal [W] PayPal, PBTFans Courage Red Base","(Timestamp)[https://imgur.com/a/zKHGvt7]      Anodized Black built w/ HG Blacks, (L+F+Spring swapped to TX 60g XL) on Pom plate, TX rev 3 clip in stabilizers. Carrying case and wrist test included.      Looking to get $200 + shipping to CONUS.      Also looking to buy an unused or unmounted set of PBTFans courage red. ",Wing_Nut_93x,2,2,1kmrjsk
1747258764,2025-05-14 21:39:24,2025,05,[US-MA][H] PayPal [W] Solder/Hotswap fr4 pcb for F1-8X V2,"Hello, looking for any pcb basically for the f1 8X v2. If hotswap would like 7u. Thanks!",Bicstar22,0,2,1kmrcmy
1747258649,2025-05-14 21:37:29,2025,05,[H] PayPal [W] Solder/Hotswap fr4 pcb for F1 8X V2,[removed],Bicstar22,1,1,1kmrb0q
1747258321,2025-05-14 21:32:01,2025,05,[US-CA][H] Mr Suit R1 WK Green [W] PayPal / Local Cash,"[Pictures with timestamp](https://imgur.com/a/QRhGM1h)     Asking price 350 USD shipped, comes with original box.     Details:  Have FR4 and Brass plate (built with FR4)  CannonKeys Lavender Switches  PBT Botanical Bootleg Keycaps",parskahyes,2,2,1kmr6bh
1747257697,2025-05-14 21:21:37,2025,05,[US-TX] [H] PBTfans Xray Keycaps [W] Paypal,"[https://imgur.com/a/XBcgrrx](https://imgur.com/a/XBcgrrx)   $85+Shipping   Condition: Open Box; No shine, and still has its texture (Used once)",TuanTitanXreame,2,5,1kmqxcb
1747256998,2025-05-14 21:09:58,2025,05,[US-CA] [H] Paypal [W] Jane V2 or V2 CE (WKL),Looking for either a Jane V2 or V2 CE (WKL) in good condition.    Let me know what you have.    Reply to post before DM.    Thank you.,eg68,1,7,1kmqmu6
1747256907,2025-05-14 21:08:27,2025,05,[H] Paypal [W] Jane V2 or V2 CE (WKL),Looking for either a Jane V2 or V2 CE (WKL) in good condition.     Let me know what you have.     Reply to post before DM.     Thank you.  ,eg68,1,1,1kmqlit
1747256846,2025-05-14 21:07:26,2025,05,"[US-CA][H]Awekeys Metal, White. Artifact Bloom, Glow. [W] PayPal, Silent Switches, Osume Marshmallow Profile Caps","Timestamp- https://imgur.com/a/selling-keycaps-aJgVtM3  Awekeys White $135  Artifact Bloom Glow, $40. Mounted once.  Buyer to pay shipping. I'm open to offers on the Artifact Bloom. Will trade for silent linear switches(ideally Akko, but open to others), or Osume Marshmallow keycaps(would prefer Dalgona)",ASassyTitan,3,4,1kmqklj
1747255621,2025-05-14 20:47:01,2025,05,"[US-MI] [H] PayPal [W] Neo80 Black WKL, Inkwell Deskmats, GMK WoB Essentials Extensions, GMK WoB Essentials Dark RGB",Looking for these in new/like new condition,Scytul,2,2,1kmq2lt
1747254687,2025-05-14 20:31:27,2025,05,[CA-ON] [H] Paypal [W] Cloudnine WK with SS bottom,,PhysicalBuilder7,1,2,1kmpows
1747253987,2025-05-14 20:19:47,2025,05,[CA-ON] [W] Cloudnine WK and SS bottom [H] Paypal,,PhysicalBuilder7,1,1,1kmpehw
1747253862,2025-05-14 20:17:42,2025,05,"[US-TX] [H] Zoom 75 TIGA Gunmetal Gray, Zoom 75 TIGA Scarlet Red, Evo 80 Black, GMK Pink on Navy, GMK Parcel [W] Paypal, Venmo, Trade","Timestamp/Album: [https://imgur.com/a/FrGMHK5](https://imgur.com/a/FrGMHK5)  Hi all, selling a few items:  **Zoom 75 TIGA Scarlet Red:** Comes with a flex cut tri mode PCB, built once and used for a couple of hours. PC Plate, Poron Foams. (Will come with incomplete stabilizers - 1 missing) Perfect condition. $200 + shipping  **Zoom 75 TIGA Gunmetal Gray:** Built once, used for 1-2 hours. Non-flex ",reevoalex,1,4,1kmpcoy
1747252981,2025-05-14 20:03:01,2025,05,[US-TX] [H] F1-8X v2 Black/Red [W] PayPal,[All photos + timestamps!](https://imgur.com/a/YyNXmAB)  4% fee added for Goods & Services. Price in USD. CONUS shipping.  1) F1-8X v2 Black/Red w/ 2 galatea solder pcbs - $470 shipped   Condition: As shown in pictures,kynical,1,10,1kmozlm
1747252250,2025-05-14 19:50:50,2025,05,"[US-WA] [H] Neo75 CU BNIB, GMK TeraDrive [W] PayPal","[timestamp](https://i.postimg.cc/SRCmqQyH/IMG-2194.jpg)  Price includes shipping within CONUS  * Neo75 cu - BNIB still in wrapping: Green with Brass, Golden Vortex weight, CF Plate, Hot-swap Wired PCB. ~~$230~~ **$180**  * GMK TeraDrive Base set - Mounted but never used, still in new condition ~~$140~~ **$120**  Please comment before PM.",ak_toxik,3,4,1kmooru
1747252217,2025-05-14 19:50:17,2025,05,[USA-CA] [H] Paypal [W] Keychron Q5 Pro,looking for stock build of this with any switches but prefer brown or banana. would love blues if modded.   pls comment before dm'ing. ,taxi_drivr,1,4,1kmooau
1747251561,2025-05-14 19:39:21,2025,05,"[TW][H] Laminar Boomerang、Safa TKL、Neo ergo、GMK blue alert, stealth、Mx blacks, browns, oranges [W] PayPal","[timestamp](https://imgur.com/a/mViz89q)  **Laminar Boomerang silver $410+shipping** - sandblasted copper weight - hotswap pcb, cf and custom Alu plate - keycaps and switches not included  **safa tkl wkl red $380 shipped** - brand new 1.2mm solder pcb and 1.6mm pcb - Alu plate x2, pp plate x2, pc, stainless steel plate  **Neo ergo champagne $160 shipped** - wired hotswap pcb, pp, pc plate - pc wri",OkRecording6032,1,2,1kmoei5
1747251403,2025-05-14 19:36:43,2025,05,"[US-OH][H] KAT Mizu Alphas, TKL, Novelty, RAMA great price [W] Paypal","[Timestamp](https://imgur.com/a/6kpsDEK)  Hello! I ordered these awhile ago and never got around to using them.  * KAT Mizu full moon Alphas, TKL mods * KAT Mizu blood moon novelties * KAT Mizu Full Moon RAMA cap  These are all Sealed BNIB asking $100 shipped to CONUS.  Thanks!",ForbieSs,1,2,1kmoc6h
1747251302,2025-05-14 19:35:02,2025,05,"[USA-OH][H] Kat Mizu alpha, mods, novelties, RAMA [w] paypal","[Timestamp](https://imgur.com/a/6kpsDEK)  Hello! I ordered these awhile ago and never got around to using them.  * KAT Mizu full moon Alphas, TKL mods * KAT Mizu blood moon novelties * KAT Mizu Full Moon RAMA cap  These are all Sealed BNIB asking $100 shipped to CONUS.  Thanks!",ForbieSs,1,3,1kmoape
1747250102,2025-05-14 19:15:02,2025,05,"[US-NV] [H] Fully Built Keyboards - NovelKeys Classic TKL, Gamakay SN75, Lucky65 V2, GMK67, Keychron Q4, Epomaker TH40; Keycaps Set - Akko ASA Low Prunus Lannesiana; Artisan Keycap - Drop - Lord of the Ring - Mordor - Eye of Barad-dur. [W] PayPal",[Timestamp](https://imgur.com/a/Xfj3ZgI)  **Selling Multiple Keyboards as I am clearing out some of my collection. All of them are fully built with Keycaps and Switches.**  1. **NovelKeys Classic TKL** Apparition Clear with KTT Rose Pink Linear Switches and Cherry PC Clear Keycaps. Board is tape modded and comes with accessories and additional Brass Plate - $120 2. **Gamakay SN75** Clear with Gate,zer0_angel,1,3,1kmnsvg
1747249578,2025-05-14 19:06:18,2025,05,[CA-ON] [H] GMK WoB Hiragana [W] Paypal,"[timestamp](https://i.imgur.com/DwiFtxj.jpeg)  Only has seen use on the ANSI mods (shine on left shift and one control key, rest no shine), alphas and rest of kit have never been used.  $100 + shipping (can ship in OG tray or bag)",kegeal,1,2,1kmnl8t
1747249172,2025-05-14 18:59:32,2025,05,[US-CA] [H] NEO ERGO Anodized Black [W] Local Trade / Cash,"Looking to either sell or trade my Neo Ergo.  I wasn't much of ergo-keyboard guy, and haven't been using this guy all that often.  Spec: Anodized Black | Silver Weight | Black Kernel | POM plate | Wood wrist rest (Switches and stabs not included.)  For local trade, mostly looking for a keyboard in similar price range, preferably 75, 80, 95, 100 profile.  For local cash, $180  Local - OC or LA coun",pasak1987,1,9,1kmneti
1747248916,2025-05-14 18:55:16,2025,05,[CA-ON] [H] Jwick Switches [W] PayPal,"[TIMESTAMP](https://imgur.com/a/I0l1mlv)  * **Prices in USD (shipping included)**  * All switches are factory lubed  * Save on bundles  * Comment before PM  ITEM | QTY | NOTES | PRICE ---|---|----|--- Jwick Red (55g) | x88 | PC top, Nylon bottom, POM stem | $30 Jwick Red (55g) | x88 | PC top, Nylon bottom, POM stem | $30 Jwick Black (58.5g) | x90 | Nylon top, Nylon bottom, POM stem | $30 Jwick Bla",nerdslayer69,2,5,1kmnb01
1747248419,2025-05-14 18:46:59,2025,05,[US-CA] [H] RAMA M65-A [W] PayPal,"Timestamp: https://imgur.com/a/lW3rQt9  Up for sale is a retrofitted USB C RAMA M65-A board w/ aluminum bottom. Condition wise, there are several notable scratches, which are detailed in the photos. You can easily polish out the silver brass weight scratches with the right tool.  Asking $290 plus shipping. Please comment and PM.",joeytakemasa,0,4,1kmn3i3
1747246535,2025-05-14 18:15:35,2025,05,"[US-IL] [H] TGR Jane R1, Custom 60% Keyboard Bag [W] PayPal","[timestamp](https://imgur.com/a/Y3tRjxW)  **TGR Jane R1** [\[pics\]](https://imgur.com/a/FTFOuVT)  * Titanium grey, #4/20 * Built w/ SS plate and TX87KIN L3 PCB from GB * 5-pin Cherry vintage blacks from worn Data 911 w/ Gateron yellow springs and black kin switch films * GMK screw-in stabs w/ Zeal gold wires, 3204 on switches/Victorinox on springs/Superlube on stabs. * Does not have engraving on ",shekki_,3,3,1kmmb73
1747245887,2025-05-14 18:04:47,2025,05,[IN-INDIA] [H] PayPal [W] Osume Keycap Sets - Red Panda / Year of the Rabbit (YOTR) / Mocha[H] w novelities,Located in India. Looking to buy lightly used or new sets — no shine preferred. Can pay via PayPal invoice. want them to make content! budget 90-100 USD max!  DM me if you’re selling!,CalendarMobile6376,1,2,1kmm1f2
1747245822,2025-05-14 18:03:42,2025,05,"[US-CA][H] Gentleman 65 Suited Edition with extras, NK Cream Cream+ Switches (108x), Krytox 205 G0 Lube & Film [W] Paypal","[Timestamp](https://imgur.com/a/aETIk3U)  **Gentleman 65 Suited Edition** \- $300 shipped  Lightly used  * Black top/bottom case * 2x hotswap PCB (1 mounted) * 1x Rose Gold Brass Plate (mounted) * 1x FR4 and POM Plate * 4x Knobs: Gold, Black, White, Rose Gold (1 of each) * 6x PCB Tape  **NK Cream Cream+ Switches (108x), Krytox 205 G0 Lube & Film** \- $40 shipped  Everything is brand new, never use",lifegood141,2,6,1kmm0em
1747245751,2025-05-14 18:02:31,2025,05,"[US-CA] [H] Gentleman 65 Suited Edition with extras, NK Cream Cream+ Switches (108x), Krytox 205 G0 Lube & Film","[Timestamp](https://imgur.com/a/aETIk3U)  **Gentleman 65 Suited Edition** \- $300 shipped  Lightly used  * Black top/bottom case * 2x hotswap PCB (1 mounted) * 1x Rose Gold Brass Plate (mounted) * 1x FR4 and POM Plate * 4x Knobs: Gold, Black, White, Rose Gold (1 of each) * 6x PCB Tape  **NK Cream Cream+ Switches (108x), Krytox 205 G0 Lube & Film** \- $40 shipped  Everything is brand new, never use",lifegood141,1,2,1kmlz9u
1747245699,2025-05-14 18:01:39,2025,05,[IN] [W] Osume Keycap Sets - Red Panda / Year of the Rabbit (YOTR) / Mocha (with novelties preferred) [H] PayPal (Invoice preferred),[removed],CalendarMobile6376,1,1,1kmlyhx
1747244593,2025-05-14 17:43:13,2025,05,[EU-ES] [H] Paypal [W] HHKB Pro Hybrid Type s,Pref stock or at least not lubed. Thank you!,Admirable_Ad_6092,2,4,1kmlhlg
1747244254,2025-05-14 17:37:34,2025,05,"[US-WA] [H] Paypal, Local Cash [W] Keychron Q2, Similar TKL","Preferably with the Gateron Reds- Can do local in Seattle area. Also looking for any TKL in a similar vein, thx :)",SameExperience5973,1,4,1kmlcal
1747244036,2025-05-14 17:33:56,2025,05,"[H] Paypal, Local Cash [W] Keychron Q2, Similar TKL","Preferably with the Gateron Reds- Can do local in Seattle area. Also looking for any TKL in a similar vein, thx :) ",SameExperience5973,1,2,1kml90u
1747244006,2025-05-14 17:33:26,2025,05,[US-CA] [H] Leviatan [W] Paypal,"[Timestamp](https://imgur.com/a/Qxhjt4w)  320 shipped CONUS OBO  Beige WK   Built plateless with broken in hyperglide blacks (Lubed with Ghv4 on stem, 60g TX L springs, filmed)      PM not chat.  Thanks for looking!",daeyul00,2,3,1kml8ka
1747243622,2025-05-14 17:27:02,2025,05,[US-TX] [H] Built/Modded Wooting [W] Paypal G&S / Local Cash,"PRICE DROP  timestamps: [https://imgur.com/a/ZqglTXG](https://imgur.com/a/ZqglTXG)     Hey y'all, looking to sell a built Wooting 60HE. It comes with an anodized mocha tofu 60 redux, the brass plate, along with the pcb/plate/(lubed) lekker switch innards of the Wooting along with an o-ring. The keycaps are Osume Dalgona + Novelties, I don't have the rest of the keycaps unfortunately, so I'll deduc",LegitimateCupcake513,0,2,1kml2ny
1747242657,2025-05-14 17:10:57,2025,05,[EU-RO] [H] RAMA WORKS® × Keycult Brass Keycaps [W] PayPal - 35 EUR/piece,"Hello r/mechmarket,  [Timestamp](https://imgur.com/a/2bamgFK)  The keycaps are sealed. I have 9 (nine) left to sell. The price is ~~50~~ ~~40~~ 35 EUR + shipping each.  If you buy two (or more), I can lower the price to 30 EUR/piece.  Comment before [PM](https://www.reddit.com/message/compose/?to=rulz3ro) pls.  Thank you for looking!",rulz3ro,0,3,1kmknwa
1747242237,2025-05-14 17:03:57,2025,05,[US-GA] [H] Charybdis MK2 [W] Paypal,"Timestamps: [https://imgur.com/a/LCGeU0i](https://imgur.com/a/LCGeU0i)  Selling [Bastard Keyboard Charybdis MK2](https://bastardkb.com/product/charybdis-mk2-prebuilt-preorder/). Price $300, including shipping within the US.   Specs:   Charybdis MK2 full built.    MX Linear (Gateron yellow)   MDA keycaps (pre-installed)   Right Trackball.   Please comment then PM.",super3,2,9,1kmkhoe
1747242225,2025-05-14 17:03:45,2025,05,"[US-CA][H] Gentleman 65 Suited Edition with extras, NK Cream Cream+ Switches (108x), Krytox 205 G0 Lube & Film",[removed],lifegood141,1,2,1kmkhi0
1747242212,2025-05-14 17:03:32,2025,05,"[US-CA] [H] Keyboards , Keycaps, Artisan [W] PayPal","[TimeStamp](https://imgur.com/a/eK9YDn1)  PM if interested or have any questions. open to offers. Comment before PM .  keycaps will be bag and boxed  Prices include shipping to conus only.  |Item|Condition|Description|Price| |:-|:-|:-|:-| || |[Rainy75 silver](https://imgur.com/a/8iBjHHC)|opened box but sealed board||$100| |[Realforce R2 TKL ](https://imgur.com/a/1JrNtyZ)|used|silent, purpler slide",Ok_Philosopher4444,1,5,1kmkhaw
1747242152,2025-05-14 17:02:32,2025,05,[US-CT] [H] Paypal [W] HHKB Blank Sakura Keycaps,Interested in purchasing a set of blanket HHKB Sakura keycaps for my HHKB Pro 3 ,Blisss__,0,2,1kmkgdv
1747242025,2025-05-14 17:00:25,2025,05,[US-CT] [W] HHKB Blank Sakura Keycaps [H] PayPal,Interested in purchasing a set of blanket HHKB Sakura keycaps for my HHKB Pro 3 ,Blisss__,1,1,1kmkecn
1747241943,2025-05-14 16:59:03,2025,05,"[US-CA] [H] frog mini, phoenix45, arc60, gmk keycaps, switches, artisans [W] paypal","[timestamp](https://imgur.com/a/HQca8u5)     **keyboards**   **geon frog mini - $200**  * purple, hhkb, h60 solder pcb, laminate & pc plates, 60a 70a 80a tadpoles, no foams, carrying case. * case - excellent, pcb - built and desoldered twice  **phoenix45 - $80**  * hhkb, black, millmaxed pcb, fr4 plate, case foam, no carrying case * case - dented bottom left corner  **vertex arc60 - $120**  * hhkb",Mob-Psycho-99,4,13,1kmkcyf
1747241165,2025-05-14 16:46:05,2025,05,"[US-MD] [H] PayPal [W] rapid trigger keyboards, et cetera.","Wooting, apex, etc ",simplywilliam_,0,8,1kmk133
1747241119,2025-05-14 16:45:19,2025,05,"[USA-MD] [H] PayPal [W] rapid trigger keyboards, et cetera.",[removed],simplywilliam_,1,3,1kmk0dv
1747239993,2025-05-14 16:26:33,2025,05,[US-CA] [H] Artisans [W] PayPal,"   Hello all, looking to sell off last of my artisans Add $5 for shipping and only conus   Dwarf Factory- Frozen llama pink - $15  Mastonon- Chuar KeyBob og $20  Melonkeys- Jokertaur $23  Sodiecaps- Bstocks Spacejam $28 it is not a b stock that is the colorway name  Hellocaps- Mi amor $180  Alpha- Geekpora Haku $50  Archetype- Xiro Dreambird $25  Bowbie- pink bean blank $15  Miroticaps - Prestige ",Minimum-Employment94,1,6,1kmjj1z
1747239875,2025-05-14 16:24:35,2025,05,[US-CA] [H] Paper80 ewhite [W] Paypal,[**Timestamps**](https://imgur.com/a/8Uz9RTM)  **Paper80 ($350 shipped CONUS)**  \- E-white / PVD Mirror Gunmetal Grey SS weight / WK / PC  \- Flex-cut 1.2mm PCB  BNIB. Only opened for photos.  Comment then pm please!,freebsd217,0,6,1kmjh95
1747236730,2025-05-14 15:32:10,2025,05,"[US-CA] [H] Moontower V3 Pink Pc [W] Local Cash, PayPal","[\[timestamp\]](https://imgur.com/a/zU9lHIo)  Case only. In excellent condition.  Will come with JST cable, friendship bracelet and carrying case.   Asking $700. Local to 92126",TakeUvp,1,4,1kmi5xz
1747236427,2025-05-14 15:27:07,2025,05,"[US-PA][H] GMK Hyperfuse Origins, GMK Penumbra, Zeal60 R1 [W] PayPal",What's up r/mechmarket it's been a hot minute. I was cleaning out a closet and found some stuff I no longer need. I've been out of the keyboard game for a while so please don't crucify me if my prices are super off base. I did search through old posts but due to the age of these items there aren't a lot of recent comparisons. So feel free to politely correct me! I'm limiting my sales to the US. So,PertinentPavo,1,4,1kmi1j3
1747234476,2025-05-14 14:54:36,2025,05,[US-NC] [H] Paragon Series Drop Shogun / Deepdive [W] PayPal,"Timestamp : [https://imgur.com/a/UwvsMTw](https://imgur.com/a/UwvsMTw)      Minimal use on both boards, Kept in very good condition  Both come with their respective Keycap / Switch Puller and cable, Shogun comes with Drop Alt case     Shogun - 300  Deep Dive - 350  ",JehttyG,0,3,1kmh844
1747234247,2025-05-14 14:50:47,2025,05,[US-NC][H] PayPal [W] Dactyl Keyboard (QMK-VIAL Ready),"I'm looking to try out a Dactyl keyboard, preferably a 5x6 layout, and it needs to work with Vial out of the box so that I can easily remap keys on my work computer.   Send me offers, thanks!",HeadWombat,2,2,1kmh4pl
1747232660,2025-05-14 14:24:20,2025,05,[US-MA][H] GMK Terminal [W] Paypal,[timestamp](https://imgur.com/a/VwIiBSe)  $200 OBO,danishswedeguy,0,6,1kmghhg
1747230888,2025-05-14 13:54:48,2025,05,[WTS] Glacier 80 – Full Kit – Price Negotiable,[removed],-__Gwyn__-,1,2,1kmfrxj
1747228654,2025-05-14 13:17:34,2025,05,"[CA-ON] [H] Zoom 75 TIGA Black w All Plates and Foams, KeyTok Turn to 90's Keycaps [W] PayPal, Local, Cash","[Timestamp](https://imgur.com/a/zoom-75-tiga-black-340SfZu)   Hi all,   Selling m**y Zoom 75 TIGA Black**. This is the content creation pack so it comes with the following:   * All Foams: Standard, Cork, Poron * Plates: PC, Alu, FR4, and POM * PCB Type: Tri-mode Flex CUT PCB * All Mounting Systems      Asking for $300 USD + Shipping  or  $420 CAD + Shipping.       Please PM w/ postal code for ship",Tbnadz,1,3,1kmex8w
1747227655,2025-05-14 13:00:55,2025,05,[WTS] Glacier 80-Full Kit-Price Negotiable,[removed],-__Gwyn__-,1,0,1kmekfy
1747227617,2025-05-14 13:00:17,2025,05,[Artisan] Crookey artisan Clover R1 raffle live,Hello.  Welcome to Crookey raffle.  Keycap of this raffle is **Clover R1.**  **⌛Form open \~ closes :**  2025/05/14/pm 10:00 (GMT+9 / KST) \~ 05/15/pm 10:00 (GMT+9 / KST) 24 hours  **<Link>**  [Gallery](https://imgur.com/gallery/crookey-artisan-raffle-clover-r1-live-3P5Gppw) / [Form link](https://forms.gle/57UG7ZLC6MbYz2xeA)  [Instagram (artisan account)](https://www.instagram.com/crookey_artisan/,Crookey_artisan,0,1,1kmejw4
1747227584,2025-05-14 12:59:44,2025,05,[Artisan] acap artisan BULK Blue Alert Colorway,"Hello, this is Acap.   We’ve created the Blue Alert colorway of Bulk.   In the future, various limited-edition colors of Bulk will be released—so please look forward to them! :)  **Form open \~ closes** : 2025/05/14/pm 10:00 (GMT+9 / KST) \~ 05/20/pm 10:00 (GMT+9 / KST)  <Link>   [imgur](https://imgur.com/gallery/bulk-blue-alert-oZdYt7Q) / [Forms](https://docs.google.com/forms/d/10MgcwYUS9LyqVvIoq",ACAP_artisankeycap,5,8,1kmejgl
1747226623,2025-05-14 12:43:43,2025,05,[Artisan] omniclectic | Miso the MonKey by booper! | 05/14/2025 | 12pm EST,"Introducing my newest sculpt, Miso! Some of you may remember my original Monkey. While not exactly a V2, this is definitely an evolution in sculpt of one of my favorite animals! Miso has big glossy eyes similar to Fang, to allow for more resin writing and detailed designs. I hope you all enjoy this little character as much as I loved making him!   For the OG sale I decided on a classic brown base ",omniclectic,0,1,1kme7ll
1747226149,2025-05-14 12:35:49,2025,05,"[EU-DE][H] GMMK Pro Black Slate w/ Brass Plate, Incomplete GMK Red Samurai TKL [W] PayPal","[Timestamp and pictures](https://imgur.com/a/Fy2LmBQ)  Selling these to be able to pay for my cat's surgery.  **GMMK Pro Black Slate w/ Brass Plate:** has some scratches on the plate from trying to insert different stabs. - **100€ shipped to germany**  **GMK Red Samurai:** Honestly, my brother used these keycaps for a very short period and then ditched them for different ones. I could not find a b",sqiushi,0,4,1kme1sk
1747224159,2025-05-14 12:02:39,2025,05,"[US-VA] [H] Julie60, QK65v2 Classic, January Wrist Rest, Bastion TKL F13 PCB Hotswap, GMK Digital Nightmares, KAM Soaring Skies, Switches [W] PayPal","[Timestamp](https://imgur.com/a/u-722611-mechmarket-5-13-4qA2feY)  Prices are shipped within the US, shipping at cost to Canada PM only, no chats; comment before sending message; Not interested in trades    **Keyboards**   * Julie60 Silver WKL: $400     * SS backplate, PVD toblerone     * Hotswap OR solder pcb     * Alu and PC plates     * Carry case, hardware, etc.  * QK65 v2 Classic: $150     * ",722611,1,5,1kmddsb
1747223144,2025-05-14 11:45:44,2025,05,"[US-MA] [H] MacBook Pro M3 Pro 14"" – 1TB SSD / 16GB RAM / 77 Cycles / Apple Warranty [W] PayPal",[removed],pyrorc,1,1,1kmd27r
1747223060,2025-05-14 11:44:20,2025,05,"[US-MA] [H] MacBook Pro M3 Pro 14"" – 1TB SSD / 16GB RAM / 77 Cycles / Apple Warranty [W] PayPal","**Description:**   Timestamp: [https://drive.google.com/drive/folders/1EFvmtAV7Z1QWRv-yn8aUIPOUemDUwcHC](https://drive.google.com/drive/folders/1EFvmtAV7Z1QWRv-yn8aUIPOUemDUwcHC)  Selling my **MacBook Pro 14”** with **M3 Pro chip**, in like-new condition.  🔧 **Specs**:  * **Model**: MacBook Pro 14-inch (2023) * **Chip**: Apple M3 Pro (11-core CPU / 14-core GPU) * **RAM**: 16GB Unified * **Storage*",pyrorc,1,1,1kmd19z
1747222976,2025-05-14 11:42:56,2025,05,"[USA-MA] [H] MacBook Pro M3 Pro 14"" – 1TB SSD / 16GB RAM / 77 Cycles / Apple Warranty [W] PayPal",[removed],pyrorc,1,3,1kmd0dn
1747217237,2025-05-14 10:07:17,2025,05,"[EU-SE] [H] PBTfans Spark R2 Color Mod kit, sealed [W] Paypal",[Timestamps](https://imgur.com/a/CnnOKNG)  PBTfans Spark R2 Color Mod kit. Sealed  45€  Shipping not included in the price but should be cheap considering the size.,LinkXr,4,2,1kmbg6m
1747215255,2025-05-14 09:34:15,2025,05,[GB] flxlb ZT60 | A premium 60% ortho with standard keyset support,"Hello everyone,  I’m excited to announce that pre-orders are now open for the **ZT60**, a 60% ortholinear keyboard I’ve been working on for quite some time. This design began with an [Interest Check here](https://www.reddit.com/r/olkb/comments/mxr8jw/ic_fluxlab_zt60_a_premium_60_ortho/). This is my second group buy after the Zplit, and I appreciate all the support and interest so far!  **Pre-order",LePurplexD,6,1,1kmaz38
1747215162,2025-05-14 09:32:42,2025,05,[US-CA] [H] TGR 910 v2 ME silver [W] Paypal," [https://imgur.com/a/HWrybJB](https://imgur.com/a/HWrybJB)  **TGR 910 v2 ME** \- $660 GnS + shipping  * A stock silver with suave blue * 1 Hotswap PCB * 5 Plates    * PC    * POM    * FR4    * ABS    * Nylon (cracked on 'Esc' key) * 4 Backplates    * heat-treated polished stainless steel (on board)    * stock suave blue aluminum     * silver aluminum engraved ""TGR""    * carbon fiber * Kaban suave",warmmtoast,2,6,1kmayax
1747215082,2025-05-14 09:31:22,2025,05,[GB] flxlb ZT60 | Premium 60% Ortho with Standard Keyset Support,[ZT60 Photo](https://cdn.shopify.com/s/files/1/0925/7834/9340/files/A7_09727.jpg?v=1746687541),LePurplexD,1,0,1kmaxmn
1747203692,2025-05-14 06:21:32,2025,05,[US-NJ] [H] Paypal [W] Keycult 2/65 Gray and Silver or Keycult No. 2 TKL Gray and Brass,[removed],Affectionate_Run548,1,0,1km8ais
1747201123,2025-05-14 05:38:43,2025,05,"[US-CA] [H] paypal [W] GMK WOB Shinethrough, R0-R5, macros","I want:  -GMK WOB Shinethrough kit, GMK WOB R0-R5  -GMK Dracula Macros kit",mellowsauce,1,4,1km7nbo
1747193542,2025-05-14 03:32:22,2025,05,[US-FL] [H] Paypal G&S [W] Geon Venom60 HE PCB,"Looking for a geon venom60 he pcb. I prefer 7U layout, but 6.75 is fine.   If you have a venom60 plate along with PCB, then even better.  Paying with Paygal G&S. Comment before pm.",DatBoiZz,2,4,1km5je6
1747192444,2025-05-14 03:14:04,2025,05,[US-OK][H] PayPal [W] Neo65 wired PCB,"Hello everyone, I am looking for a Neo65 wired hotswap PCB that has the rgb function. Wanted to check here before I spent just as much on shipping as the board itself from the website.  Thanks!",tha_blak_sheep,3,2,1km578c
1747192080,2025-05-14 03:08:00,2025,05,"[US-CA] [H] GMK Rainy Day 2 (Base), MW Barista Keycaps (Base, Novs) [W] Paypal","[GMK Rainy Day 2 (Base](https://imgur.com/a/BzOpU5r)) Was saving this for a build that was never completed. Mounted once; has been sitting on my shelf since then. No shine or anything as it hasn't been used enough for that.   $145 shipped CONUS.    [MW Barista (Base, Novs)](https://imgur.com/a/UIfRsnp) These have seen some moderate use. Not shined or anything, but I have used them on a main desk b",MangoIceCream381,2,5,1km53bw
1747191804,2025-05-14 03:03:24,2025,05,[US-FL] [H] Paypal [W] Demon sword oath kit,Looking for demon sword oath kit. Comment or pm me. thank you.,Hardmatician_,1,2,1km508i
1747189420,2025-05-14 02:23:40,2025,05,"[US-OH][H]TOFU60 2.0 HHKB, WS Heavy Tactiles [W]Paypal, Trades","[https://imgur.com/a/yrgzGUk](https://imgur.com/a/yrgzGUk)  All prices included g&s fees, shipping not included and will be added depending on the location. Open to offers and local pickup!  |Item|Link(s)|Description|Price| |:-|:-|:-|:-| |Tofu60 2.0 HHKB|[https://imgur.com/a/BTaaTrs](https://imgur.com/a/BTaaTrs)|Fully built with BSUN Cliff Tactiles & PBTfans WOB. Carbon fiber plate with both gaske",igetzhappy,2,3,1km48fk
1747188308,2025-05-14 02:05:08,2025,05,[UK] [H] PayPal [W] Infinikey Monochrome Extensions Kit,"Hi, looking for this kit to complete a build  Would take both used or new  Also willing to pay for international shipping",Zei_,1,2,1km3vol
1747185354,2025-05-14 01:15:54,2025,05,[Artisan] Frieren Hand-Carved Line Color Titanium Keycaps,Hello  This week we launched the Frieren Hand-Carved Line Color Titanium Keycaps.  All the lines are hand-carved under a high-power microscope.  Price: $300  Purchase address:  https://ttkcap.com/product/frieren-hand-carved-line-color-titanium-keycaps/  Join our Discord  https://discord.gg/qwuJKedNc4  Gallery  https://imgur.com/a/frieren-hand-carved-line-titanium-keycaps-y5V0zvy ,Back-Miserly574,9,1,1km2wvh
1747184464,2025-05-14 01:01:04,2025,05,"[US-WA] [H] Kohaku Amethyst, Nooir Noland N1, Exclusive 6.5, GMK Cosmo, GMK Dragon Witch, GMK Blue Alert R2, and Artisans [W] Paypal",[removed],Baldsuperman0519,1,0,1km2m98
1747183354,2025-05-14 00:42:34,2025,05,"[US-NJ][H] Pink FE Fuji 65, S-Craft keycaps, gmk olivia R2 ,GMK Bento R2, JTK Sakura, IFK Comfy [W] PayPal",TimeStamp: [https://imgur.com/a/A7W460d](https://imgur.com/a/A7W460d)  Pink FE Fuji 65 Hotswap + Pink Kanji Badge $300 Shipped (or offer) Never used just opened to check quality   S-Craft keycaps (never mounted except the squirtle)  * Pikachu -$60 shipped * Bulbasaur - $60 shipped * Squirtle - $60 shipped * Charmander - $60 shipped * Dragonite - $60 shipped * Gengar - $65 shipped  gmk olivia R2 + ,FacialH,0,8,1km292l
1747181113,2025-05-14 00:05:13,2025,05,"[CA-ON] [H] Leopold FC660C (Low-noise/Factory Silenced, 45G Topre, Hangul), Leopold FC660M (Black Aluminium case, Polished GMK MoDo 2, Cherry MX Ergo Tactile Greys) [W] PayPal","Timestamp: [https://imgur.com/a/OUPdMS7](https://imgur.com/a/OUPdMS7)  **- INVOICE(S) WILL BE SENT IN CAD**  **- All items include Canada-wide shipping. +$20 CONUS flat-rate UPS shipping, +shipping for international.**  \----------------------------------------------------------------  **\*\*Leopold FC660C (Low-noise/factory-silenced, 45G Topre)\*\***  \- Black with Black Hangul keycaps, some keyc",PreviousDebate6953,0,3,1km1i2d
1747180960,2025-05-14 00:02:40,2025,05,"[US-OH][H]TOFU60 2.0 HHKB, WS Heavy Tactiles [W]Paypal, Trades",[removed],igetzhappy,1,0,1km1g5t
1747179897,2025-05-13 23:44:57,2025,05,"[US-MI] [H] Iron160 WKL Top (Black, Trade for Black WK Top) | Think 6.5v2 Parts | Mode65 2021 Multicolor Alu Backpiece | Tactile Switches (Blueberry, Dark Eyes, Bad Seed, Corsa, Mint) | [W] PayPal, Local Cash",[Timestamp](https://photos.app.goo.gl/AJYxd16TYw6ap4VS8)  Prices include PayPal G&S fees and shipping. CONUS Only. Please comment before PM; chats will be ignored. Not FCFS. Local to 48323 for cash.  Take all switches for $80.  |Item|Price|Description| |:-|:-|:-| |Iron 160 WKL Top (Black) |Trade - Top Only|Perfect condition with no flaws. Looking to trade for a black WK top. Needs to also be in fl,armass6101,0,4,1km12n7
1747179109,2025-05-13 23:31:49,2025,05,[US-NJ][H] Paypal [W] Zoom75 in Sky Blue ONLY,"LF A Sky Blue Zoom 75 in good condition, not accepting any other colors.   Willing to negotiate on pricing. Please comment before PM, thanks!",Accomplished-Lie1836,0,2,1km0sm5
1747178569,2025-05-13 23:22:49,2025,05,"[US-IA] [H] Osume keycaps, MOA/MOG keycaps, cute artisans [W] PayPal","[Timestamp](https://imgur.com/a/O2UeMO7)  Prices include CONUS shipping  ### **Keycaps**  KPRepublic Silk Dress White Orange doubleshot keycaps ⋯ $30  KAM Blanks black, sealed ⋯ $55  White/brown cat MAO profile keycaps ⋯ $40  Pastel bear EAO profile keycaps ⋯ $40  Akko Bun Wonderland MOG profile keycaps ⋯ $40  Retro Dark Lights 40s kit ⋯ $29  GMK Zen Pond Latin base, spacebars, novelties ⋯ $150, w",zhaveriane,1,9,1km0llm
1747178139,2025-05-13 23:15:39,2025,05,[US-VA] [H] White nemui v1 [W] Paypal,"[Timestamp](https://imgur.com/a/wkJZ06V)  White Nemui: Built with holy pandas, a brass plate, and a brass divider. PCB is NOT hotswap. The keyboard comes with a carrying case but does NOT come with keycaps.  Asking for $240 shipped  One minor nick and a paint scuff as shown in the gallery. There is also some natural patina on the brass divider. Otherwise, the board is in excellent condition.  I ca",wineloop,0,2,1km0g5b
1747177552,2025-05-13 23:05:52,2025,05,"[EU-FR] [H] CANNONKEYS CLARABELLE, QLAVIER NOM60 and DSA Milkshake Weirdo Fruits Addons [W] Paypal","[Timestamp](https://imgur.com/a/9lr7eRC)  [Link to PM](https://www.reddit.com/message/compose/?to=yanouzz) if you have questions  KEYBOARDS  **CANNONKEYS CLARABELLE Black - 220$** **~~260$~~**   Very good condition - plate has been filed around enter to allow ISO support, see photos   Brass Plate, carrying case etc.   Cherry Black Hyperglide L&F everywhere except : numpad Vint Black L&F, escape is",yanouzz,0,6,1km08j4
1747174667,2025-05-13 22:17:47,2025,05,"[US-GA][H] Switches (BSUN, HMX, Gateron, SWK) [W] Paypal",Timestamp: [https://imgur.com/a/DpROVyz](https://imgur.com/a/DpROVyz)     **Take the whole lot** —— **$180 shipped**    BSUN Bunnies x68 — **$30 shipped**  BSUN BCP x72 — **$40 shipped**  Gateron Cream Soda x61 — **$30 shipped**  SWK NEON x67 —  **$40 shipped**  SWK Catmint x70 — **$30.00 shipped**  HMX Hyacinth V2 x74 —  **$25.00 shipped**  HMX Xinahi (Heavy)  x68 — **$25.00 shipped**  CONUS only,sadtoys,0,7,1klz5w0
1747174488,2025-05-13 22:14:48,2025,05,"[US-TX] [H] Built TGR 910 ME Silver/Suave Blue, Built Black F2-84, Aquamarine Built Mekanisk Tind, Sealed GMK Demon Sword, CRP sets, GMK sets, CYSM Keybys, BroBot, RAMAs [W] PayPal","[Timestamp](https://imgur.com/a/GkVXjcj)  Preparing for a cross country move, need to downsize  **Happy to take offers, bundles preferred and can negotiate discounts, been out of the hobby for a while, so apologize if the pricing is off, all is under GB cost. All shipped prices are to CONUS only.**  **TGR 910 v2 ME Silver/Suave Blue** \- Built on a hotswap PCB with owl labs tungsten switches lubed",MeatheadMed,4,17,1klz3f3
1747172003,2025-05-13 21:33:23,2025,05,[PH] [H] Artisans [W] PayPal,"Timestamps: [https://imgur.com/a/dcTmqNC](https://imgur.com/a/dcTmqNC)  Selling everything including NRD Nest Smoke PC for 260$ shipped  Some don't have box and some have. DM for more info.  Comment before DM'ing, thanks for looking.",LinkCOD,1,4,1kly44l
1747170730,2025-05-13 21:12:10,2025,05,"[US-NC] [H] Various Keyboards, Keycaps, Switches, and Deskmats for Sale [W] PayPal","Hi everyone,   Downsizing a bunch of items as I've just moved and just do not have the space for it all. All prices are OBO so long as they're reasonable. Please comment before PMing. I am local to Raleigh, NC if you'd like to coordinate something for pickup. Feel free to DM if you have additional questions or want to see more photos.      Timestamp: [https://imgur.com/a/downsizing-keyboards-keyca",wa__nderlvst,2,7,1klxl98
1747170064,2025-05-13 21:01:04,2025,05,"[US-OH] [H] Tofu60 2.0 HHKB, WS Heavy Tactiles [W] Paypal",[removed],igetzhappy,1,0,1klxavg
1747169611,2025-05-13 20:53:31,2025,05,[GB] Chess series – Crusader’s Gambit Artisan Keycap and Chessboard - Drop Exclusive,"Hi everyone,  # “Behold, this is a design offered exclusively at DROP, to be delivered unto thee after three months of diligent craftsmanship. The chessboard itself is hewn from noble ash and steadfast walnut. This marks the very first of my chess series – a creation I await with great anticipation as the forthcoming DROP unveiling draws near.”  [https://drop.com/buy/jelly-key-crusaders-gambit-art",augustino-jellykey,38,3,1klx40q
1747169496,2025-05-13 20:51:36,2025,05,[US-PA] [WTB] Osume Year of the Tiger Keycap Set (Base + Extras if possible),[removed],okayletsgogogo,1,0,1klx2by
1747169261,2025-05-13 20:47:41,2025,05,"[US-CA] [H] Dygma Raise, Cherry MX Brown, [W] PayPal",[timestamp](https://imgur.com/a/daHVN6M)  Selling the V1 version of Raise that I bought in 2022. Used for about a year before switching to Glove80. Comes with  * All original cables and functioning parts * Cherry MX Brown (tactile) * Case  Asking for 195$ including shipping inside USA. Priced to sell. I also [did a low profile mod](https://www.reddit.com/r/DygmaLab/comments/15d0s1q/low_profile_dyg,gogs_bread,1,2,1klwyv4
